[2024-08-08 23:15:31|18|211300110|0.1|false|8.5872|53.5348|336.1|511|29|false|458755]
[2024-08-08 23:15:34|1|218709000|0|Under way using engine|undefined|0|true|8.5828|53.5382|323.3|53|29|0|Not available|false|33992]
[2024-08-08 23:15:37|1|211540110|0|Under way using engine|undefined|0|false|8.5775|53.5365|284.4|234|36|0|Not available|false|82033]
[2024-08-08 23:15:37|1|211540110|0|Under way using engine|undefined|0|false|8.5775|53.5365|284.4|234|36|0|Not available|false|82033]
[2024-08-08 23:15:37|5|211536810|0|DBLI|FRYA|50|Pilot Vessel1|15|4|2|3|0|03-31T08:15Z|undefined|3|31|8|15|1.8|BREMERHAVEN PILOT|0]
[2024-08-08 23:15:37|5|211536810|0|DBLI|FRYA|50|Pilot Vessel1|15|4|2|3|0|03-31T08:15Z|undefined|3|31|8|15|1.8|BREMERHAVEN PILOT|0]
[2024-08-08 23:15:40|1|211228220|0|Under way using engine|undefined|0|true|8.578|53.525|272.9|345|39|0|Not available|false|34216]
[2024-08-08 23:15:40|1|211228220|0|Under way using engine|undefined|0|true|8.578|53.525|272.9|345|39|0|Not available|false|34216]
[2024-08-08 23:15:42|3|211235180|5|Moored|nan|0.1|false|8.5782|53.5368|197.8|511|39|0|Not available|false|0]
[2024-08-08 23:15:42|3|211235180|5|Moored|nan|0.1|false|8.5782|53.5368|197.8|511|39|0|Not available|false|0]
[2024-08-08 23:15:43|1|211599340|0|Under way using engine|nan|0|false|8.5805|53.5364|289.9|511|42|0|Not available|true|34318]
[2024-08-08 23:15:43|1|211599340|0|Under way using engine|nan|0|false|8.5805|53.5364|289.9|511|42|0|Not available|true|34318]
[2024-08-08 23:15:45|1|218709000|0|Under way using engine|undefined|0|true|8.5828|53.5382|323.3|53|40|0|Not available|false|49251]
[2024-08-08 23:15:45|1|218709000|0|Under way using engine|undefined|0|true|8.5828|53.5382|323.3|53|40|0|Not available|false|49251]
[2024-08-08 23:15:46|1|211540110|0|Under way using engine|undefined|0|false|8.5774|53.5365|266.6|234|45|0|Not available|false|49265]
[2024-08-08 23:15:46|1|211540110|0|Under way using engine|undefined|0|false|8.5774|53.5365|266.6|234|45|0|Not available|false|49265]
[2024-08-08 23:15:48|24|211729870|B|B|37|Pleasure Craft|DK9093|null|SRTD-8A|1|175638|10|1|2|1]
[2024-08-08 23:15:48|24|211729870|B|B|37|Pleasure Craft|DK9093|null|SRTD-8A|1|175638|10|1|2|1]
[2024-08-08 23:15:49|1|211228220|0|Under way using engine|undefined|0|true|8.578|53.525|272.9|345|48|0|Not available|false|34566]
[2024-08-08 23:15:49|1|211228220|0|Under way using engine|undefined|0|true|8.578|53.525|272.9|345|48|0|Not available|false|34566]
[2024-08-08 23:15:50|1|211595610|0|Under way using engine|nan|0|true|8.5802|53.5365|279.8|511|49|0|Not available|true|67346]
[2024-08-08 23:15:50|1|211595610|0|Under way using engine|nan|0|true|8.5802|53.5365|279.8|511|49|0|Not available|true|67346]
[2024-08-08 23:15:50|1|245586000|0|Under way using engine|undefined|0|true|8.5665|53.5468|66|334|46|0|Not available|false|82136]
[2024-08-08 23:15:50|1|245586000|0|Under way using engine|undefined|0|true|8.5665|53.5468|66|334|46|0|Not available|false|82136]
[2024-08-08 23:15:52|1|211599340|0|Under way using engine|nan|0|true|8.5805|53.5364|289.2|511|51|0|Not available|true|2303]
[2024-08-08 23:15:52|1|211599340|0|Under way using engine|nan|0|true|8.5805|53.5364|289.2|511|51|0|Not available|true|2303]
[2024-08-08 23:15:54|1|211536810|0|Under way using engine|undefined|0|true|8.5779|53.5366|51.9|230|53|0|Not available|false|82036]
[2024-08-08 23:15:54|1|211536810|0|Under way using engine|undefined|0|true|8.5779|53.5366|51.9|230|53|0|Not available|false|82036]
[2024-08-08 23:15:59|1|211233660|15|Not defined|undefined|0|false|8.5777|53.5367|235.9|228|56|0|Not available|false|49250]
[2024-08-08 23:15:59|1|211233660|15|Not defined|undefined|0|false|8.5777|53.5367|235.9|228|56|0|Not available|false|49250]
[2024-08-08 23:16:00|1|211595610|0|Under way using engine|nan|0|false|8.5802|53.5365|279.7|511|59|0|Not available|true|27196]
[2024-08-08 23:16:00|1|211595610|0|Under way using engine|nan|0|false|8.5802|53.5365|279.7|511|59|0|Not available|true|27196]
[2024-08-08 23:16:03|3|219029833|5|Moored|undefined|0|true|8.5601|53.5529|293.1|0|1|0|Not available|false|85578]
[2024-08-08 23:16:03|3|219029833|5|Moored|undefined|0|true|8.5601|53.5529|293.1|0|1|0|Not available|false|85578]
[2024-08-08 23:16:03|1|211536810|0|Under way using engine|undefined|0|true|8.5779|53.5366|51.9|230|2|0|Not available|false|27200]
[2024-08-08 23:16:03|1|211536810|0|Under way using engine|undefined|0|true|8.5779|53.5366|51.9|230|2|0|Not available|false|27200]
[2024-08-08 23:16:06|1|211253400|15|Not defined|nan|0|false|8.5731|53.5454|0|511|1|0|Not available|false|82019]
[2024-08-08 23:16:06|1|211253400|15|Not defined|nan|0|false|8.5731|53.5454|0|511|1|0|Not available|false|82019]
[2024-08-08 23:16:08|1|211233660|15|Not defined|undefined|0|false|8.5778|53.5367|235.9|228|5|0|Not available|false|49254]
[2024-08-08 23:16:08|1|211233660|15|Not defined|undefined|0|false|8.5778|53.5367|235.9|228|5|0|Not available|false|49254]
[2024-08-08 23:16:10|1|245586000|0|Under way using engine|undefined|0|true|8.5665|53.5468|66|334|6|0|Not available|false|114904]
[2024-08-08 23:16:10|1|245586000|0|Under way using engine|undefined|0|true|8.5665|53.5468|66|334|6|0|Not available|false|114904]
[2024-08-08 23:16:11|5|245586000|9190614|PIAC|VB PIONEER|52|Tug|13|16|7|5|1|01-29T10:00Z|undefined|1|29|10|0|6.1|DE BREMERHAVEN|0]
[2024-08-08 23:16:11|5|245586000|9190614|PIAC|VB PIONEER|52|Tug|13|16|7|5|1|01-29T10:00Z|undefined|1|29|10|0|6.1|DE BREMERHAVEN|0]
[2024-08-08 23:16:13|1|211599340|0|Under way using engine|nan|0|true|8.5805|53.5363|290|511|12|0|Not available|true|65967]
[2024-08-08 23:16:13|1|211599340|0|Under way using engine|nan|0|true|8.5805|53.5363|290|511|12|0|Not available|true|65967]
[2024-08-08 23:16:15|1|218709000|0|Under way using engine|undefined|0|true|8.5828|53.5382|223|53|11|0|Not available|false|82022]
[2024-08-08 23:16:15|1|218709000|0|Under way using engine|undefined|0|true|8.5828|53.5382|223|53|11|0|Not available|false|82022]
[2024-08-08 23:16:19|1|211595610|0|Under way using engine|nan|0|false|8.5802|53.5364|281.3|511|18|0|Not available|true|27200]
[2024-08-08 23:16:19|1|211595610|0|Under way using engine|nan|0|false|8.5802|53.5364|281.3|511|18|0|Not available|true|27200]
[2024-08-08 23:16:22|1|211599340|0|Under way using engine|nan|0|true|8.5804|53.5363|291.8|511|21|0|Not available|true|2261]
[2024-08-08 23:16:22|1|211599340|0|Under way using engine|nan|0|true|8.5804|53.5363|291.8|511|21|0|Not available|true|2261]
[2024-08-08 23:16:24|1|211536810|0|Under way using engine|undefined|0|true|8.5779|53.5367|51.9|230|23|0|Not available|false|66379]
[2024-08-08 23:16:24|1|211536810|0|Under way using engine|undefined|0|true|8.5779|53.5367|51.9|230|23|0|Not available|false|66379]
[2024-08-08 23:16:26|1|218709000|0|Under way using engine|undefined|0|true|8.5828|53.5382|143.4|53|21|0|Not available|false|27200]
[2024-08-08 23:16:26|1|218709000|0|Under way using engine|undefined|0|true|8.5828|53.5382|143.4|53|21|0|Not available|false|27200]
[2024-08-08 23:16:26|1|211540110|0|Under way using engine|undefined|0|false|8.5774|53.5365|309.2|233|25|0|Not available|false|99243]
[2024-08-08 23:16:26|1|211540110|0|Under way using engine|undefined|0|false|8.5774|53.5365|309.2|233|25|0|Not available|false|99243]
[2024-08-08 23:16:28|1|211233660|15|Not defined|undefined|0|false|8.5778|53.5367|235.9|228|25|0|Not available|false|49264]
[2024-08-08 23:16:28|1|211233660|15|Not defined|undefined|0|false|8.5778|53.5367|235.9|228|25|0|Not available|false|49264]
[2024-08-08 23:16:30|1|245586000|0|Under way using engine|undefined|0|true|8.5665|53.5468|66|334|26|0|Not available|false|49368]
[2024-08-08 23:16:30|1|245586000|0|Under way using engine|undefined|0|true|8.5665|53.5468|66|334|26|0|Not available|false|49368]
[2024-08-08 23:16:33|3|211225940|5|Moored|undefined|0|false|8.58|53.537|203.2|237|30|0|Not available|false|84714]
[2024-08-08 23:16:33|3|211225940|5|Moored|undefined|0|false|8.58|53.537|203.2|237|30|0|Not available|false|84714]
[2024-08-08 23:16:34|1|218709000|0|Under way using engine|undefined|0|true|8.5828|53.5382|323.4|53|29|0|Not available|false|27200]
[2024-08-08 23:16:34|1|218709000|0|Under way using engine|undefined|0|true|8.5828|53.5382|323.4|53|29|0|Not available|false|27200]
[2024-08-08 23:16:37|1|211540110|0|Under way using engine|undefined|0|false|8.5774|53.5365|271.3|233|36|0|Not available|false|66869]
[2024-08-08 23:16:37|1|211540110|0|Under way using engine|undefined|0|false|8.5774|53.5365|271.3|233|36|0|Not available|false|66869]
[2024-08-08 23:16:39|1|211233660|15|Not defined|undefined|0|false|8.5778|53.5367|235.9|228|36|0|Not available|false|82013]
[2024-08-08 23:16:39|1|211233660|15|Not defined|undefined|0|false|8.5778|53.5367|235.9|228|36|0|Not available|false|82013]
[2024-08-08 23:16:43|1|211599340|0|Under way using engine|nan|0|true|8.5804|53.5364|291.5|511|42|0|Not available|true|27200]
[2024-08-08 23:16:43|1|211599340|0|Under way using engine|nan|0|true|8.5804|53.5364|291.5|511|42|0|Not available|true|27200]
[2024-08-08 23:16:44|1|211536810|0|Under way using engine|undefined|0|true|8.5779|53.5366|51.9|231|43|0|Not available|false|67133]
[2024-08-08 23:16:44|1|211536810|0|Under way using engine|undefined|0|true|8.5779|53.5366|51.9|231|43|0|Not available|false|67133]
[2024-08-08 23:16:45|1|218709000|0|Under way using engine|undefined|0|true|8.5828|53.5382|247.3|53|40|0|Not available|false|34393]
[2024-08-08 23:16:45|1|218709000|0|Under way using engine|undefined|0|true|8.5828|53.5382|247.3|53|40|0|Not available|false|34393]
[2024-08-08 23:16:48|1|211233660|15|Not defined|undefined|0|false|8.5778|53.5367|235.9|228|46|0|Not available|false|67298]
[2024-08-08 23:16:48|1|211233660|15|Not defined|undefined|0|false|8.5778|53.5367|235.9|228|46|0|Not available|false|67298]
[2024-08-08 23:16:50|1|211595610|0|Under way using engine|nan|0|true|8.5802|53.5365|281.2|511|49|0|Not available|true|49330]
[2024-08-08 23:16:50|1|211595610|0|Under way using engine|nan|0|true|8.5802|53.5365|281.2|511|49|0|Not available|true|49330]
[2024-08-08 23:16:50|1|245586000|0|Under way using engine|undefined|0|true|8.5665|53.5468|66|334|46|0|Not available|false|67357]
[2024-08-08 23:16:50|1|245586000|0|Under way using engine|undefined|0|true|8.5665|53.5468|66|334|46|0|Not available|false|67357]
[2024-08-08 23:16:51|18|211816240|0|true|8.5827|53.534|360|511|49|true|305517]
[2024-08-08 23:16:51|18|211816240|0|true|8.5827|53.534|360|511|49|true|305517]
[2024-08-08 23:16:54|3|210525000|5|Moored|undefined|0|false|8.5761|53.5231|278.5|182|52|0|Not available|false|0]
[2024-08-08 23:16:54|3|210525000|5|Moored|undefined|0|false|8.5761|53.5231|278.5|182|52|0|Not available|false|0]
[2024-08-08 23:16:54|1|211599340|0|Under way using engine|nan|0|true|8.5804|53.5364|291.6|511|53|0|Not available|true|49327]
[2024-08-08 23:16:54|1|211599340|0|Under way using engine|nan|0|true|8.5804|53.5364|291.6|511|53|0|Not available|true|49327]
[2024-08-08 23:16:54|3|211172030|5|Moored|undefined|0|true|8.5769|53.534|257.6|247|52|0|Not available|false|84458]
[2024-08-08 23:16:54|3|211172030|5|Moored|undefined|0|true|8.5769|53.534|257.6|247|52|0|Not available|false|84458]
[2024-08-08 23:16:54|1|211536810|0|Under way using engine|undefined|0|true|8.5779|53.5366|51.9|231|53|0|Not available|false|67523]
[2024-08-08 23:16:54|1|211536810|0|Under way using engine|undefined|0|true|8.5779|53.5366|51.9|231|53|0|Not available|false|67523]
[2024-08-08 23:16:57|1|211540110|0|Under way using engine|undefined|0|false|8.5775|53.5364|311.8|234|55|0|Not available|false|34837]
[2024-08-08 23:16:57|1|211540110|0|Under way using engine|undefined|0|false|8.5775|53.5364|311.8|234|55|0|Not available|false|34837]
[2024-08-08 23:17:02|1|211599340|0|Under way using engine|nan|0|true|8.5804|53.5364|291.9|511|2|0|Not available|true|114863]
[2024-08-08 23:17:02|1|211599340|0|Under way using engine|nan|0|true|8.5804|53.5364|291.9|511|2|0|Not available|true|114863]
[2024-08-08 23:17:05|1|211540110|0|Under way using engine|undefined|0|false|8.5775|53.5364|303.3|234|5|0|Not available|false|32963]
[2024-08-08 23:17:05|1|211540110|0|Under way using engine|undefined|0|false|8.5775|53.5364|303.3|234|5|0|Not available|false|32963]
[2024-08-08 23:17:08|1|211228220|0|Under way using engine|undefined|0|true|8.578|53.525|272.9|344|9|0|Not available|false|49289]
[2024-08-08 23:17:08|1|211228220|0|Under way using engine|undefined|0|true|8.578|53.525|272.9|344|9|0|Not available|false|49289]
[2024-08-08 23:17:09|1|245586000|0|Under way using engine|undefined|0|true|8.5665|53.5468|66|334|6|0|Not available|false|98641]
[2024-08-08 23:17:09|1|245586000|0|Under way using engine|undefined|0|true|8.5665|53.5468|66|334|6|0|Not available|false|98641]
[2024-08-08 23:17:13|1|211536810|0|Under way using engine|undefined|0|true|8.5779|53.5366|51.9|231|14|0|Not available|false|66034]
[2024-08-08 23:17:13|1|211536810|0|Under way using engine|undefined|0|true|8.5779|53.5366|51.9|231|14|0|Not available|false|66034]
[2024-08-08 23:17:13|1|218709000|0|Under way using engine|undefined|0|true|8.5828|53.5382|323.4|53|10|0|Not available|false|66056]
[2024-08-08 23:17:13|1|218709000|0|Under way using engine|undefined|0|true|8.5828|53.5382|323.4|53|10|0|Not available|false|66056]
[2024-08-08 23:17:16|3|211630370|5|Moored|nan|0|false|8.5742|53.5231|248.5|180|16|0|Not available|false|86042]
[2024-08-08 23:17:16|3|211630370|5|Moored|nan|0|false|8.5742|53.5231|248.5|180|16|0|Not available|false|86042]
[2024-08-08 23:17:16|3|211540110|0|Under way using engine|undefined|0|false|8.5775|53.5364|320.9|234|16|0|Not available|false|19235]
[2024-08-08 23:17:16|3|211540110|0|Under way using engine|undefined|0|false|8.5775|53.5364|320.9|234|16|0|Not available|false|19235]
[2024-08-08 23:17:17|1|211595610|0|Under way using engine|nan|0|true|8.5802|53.5365|284|511|18|0|Not available|true|2256]
[2024-08-08 23:17:17|1|211595610|0|Under way using engine|nan|0|true|8.5802|53.5365|284|511|18|0|Not available|true|2256]
[2024-08-08 23:17:19|3|211718100|5|Moored|nan|0|true|8.5765|53.5306|360|511|19|0|Not available|true|82538]
[2024-08-08 23:17:19|3|211718100|5|Moored|nan|0|true|8.5765|53.5306|360|511|19|0|Not available|true|82538]
[2024-08-08 23:17:21|1|211599340|0|Under way using engine|nan|0|false|8.5804|53.5363|294.1|511|21|0|Not available|true|66322]
[2024-08-08 23:17:21|1|211599340|0|Under way using engine|nan|0|false|8.5804|53.5363|294.1|511|21|0|Not available|true|66322]
[2024-08-08 23:17:24|1|218709000|0|Under way using engine|undefined|0|true|8.5828|53.5382|222.8|53|20|0|Not available|false|2219]
[2024-08-08 23:17:24|1|218709000|0|Under way using engine|undefined|0|true|8.5828|53.5382|222.8|53|20|0|Not available|false|2219]
[2024-08-08 23:17:25|1|211253400|15|Not defined|nan|0|false|8.5731|53.5454|0|511|22|0|Not available|false|2222]
[2024-08-08 23:17:25|1|211253400|15|Not defined|nan|0|false|8.5731|53.5454|0|511|22|0|Not available|false|2222]
[2024-08-08 23:17:27|1|211595610|0|Under way using engine|nan|0|true|8.5802|53.5365|283.9|511|28|0|Not available|true|99338]
[2024-08-08 23:17:27|1|211595610|0|Under way using engine|nan|0|true|8.5802|53.5365|283.9|511|28|0|Not available|true|99338]
[2024-08-08 23:17:28|1|245586000|0|Under way using engine|undefined|0|true|8.5665|53.5468|66|334|26|0|Not available|false|33826]
[2024-08-08 23:17:28|1|245586000|0|Under way using engine|undefined|0|true|8.5665|53.5468|66|334|26|0|Not available|false|33826]
[2024-08-08 23:17:30|5|211225920|0|DBLO|FRANZIUSPLATE|0|Not available|0|0|0|0|1|01-25T14:30Z|undefined|1|25|14|30|1.2|BREMERHAVEN|0]
[2024-08-08 23:17:30|5|211225920|0|DBLO|FRANZIUSPLATE|0|Not available|0|0|0|0|1|01-25T14:30Z|undefined|1|25|14|30|1.2|BREMERHAVEN|0]
[2024-08-08 23:17:35|1|211290740|0|Under way using engine|undefined|0|false|8.5674|53.5459|0|330|36|0|Not available|false|2240]
[2024-08-08 23:17:35|1|211290740|0|Under way using engine|undefined|0|false|8.5674|53.5459|0|330|36|0|Not available|false|2240]
[2024-08-08 23:17:37|1|211233660|15|Not defined|undefined|0|false|8.5778|53.5366|235.9|228|36|0|Not available|false|66934]
[2024-08-08 23:17:37|1|211233660|15|Not defined|undefined|0|false|8.5778|53.5366|235.9|228|36|0|Not available|false|66934]
[2024-08-08 23:17:42|1|211555420|3|Restricted manoeuverability|undefined|0|true|8.5777|53.5183|84.5|338|42|0|Not available|false|99873]
[2024-08-08 23:17:42|1|211555420|3|Restricted manoeuverability|undefined|0|true|8.5777|53.5183|84.5|338|42|0|Not available|false|99873]
[2024-08-08 23:17:43|1|218709000|0|Under way using engine|undefined|0|true|8.5828|53.5382|215.1|53|40|0|Not available|false|27204]
[2024-08-08 23:17:43|1|218709000|0|Under way using engine|undefined|0|true|8.5828|53.5382|215.1|53|40|0|Not available|false|27204]
[2024-08-08 23:17:44|1|211253400|15|Not defined|nan|0|false|8.5731|53.5454|0|511|40|0|Not available|false|27204]
[2024-08-08 23:17:44|1|211253400|15|Not defined|nan|0|false|8.5731|53.5454|0|511|40|0|Not available|false|27204]
[2024-08-08 23:17:44|1|211540110|0|Under way using engine|undefined|0|false|8.5774|53.5364|292.6|234|45|0|Not available|false|27204]
[2024-08-08 23:17:44|1|211540110|0|Under way using engine|undefined|0|false|8.5774|53.5364|292.6|234|45|0|Not available|false|27204]
[2024-08-08 23:17:47|5|211595610|0|DC4782|BREMERHAVEN|60|Passenger - all ships of this type|30|30|7|7|0|12-31T23:20Z|undefined|12|31|23|20|2.7|BREMERHAFEN-BLEXEN|0]
[2024-08-08 23:17:47|5|211595610|0|DC4782|BREMERHAVEN|60|Passenger - all ships of this type|30|30|7|7|0|12-31T23:20Z|undefined|12|31|23|20|2.7|BREMERHAFEN-BLEXEN|0]
[2024-08-08 23:17:48|5|211540110|0|DBLS|BURKANA|50|Pilot Vessel1|14|5|3|3|1|07-12T06:30Z|undefined|7|12|6|30|1.9|BREMERHAVEN|0]
[2024-08-08 23:17:48|5|211540110|0|DBLS|BURKANA|50|Pilot Vessel1|14|5|3|3|1|07-12T06:30Z|undefined|7|12|6|30|1.9|BREMERHAVEN|0]
[2024-08-08 23:17:48|1|211595610|0|Under way using engine|nan|0|true|8.5802|53.5365|282.9|511|49|0|Not available|true|34578]
[2024-08-08 23:17:48|1|211595610|0|Under way using engine|nan|0|true|8.5802|53.5365|282.9|511|49|0|Not available|true|34578]
[2024-08-08 23:17:50|3|255801580|5|Moored|undefined|0|true|8.5671|53.5655|309.8|195|50|0|Not available|false|86746]
[2024-08-08 23:17:50|3|255801580|5|Moored|undefined|0|true|8.5671|53.5655|309.8|195|50|0|Not available|false|86746]
[2024-08-08 23:17:51|5|255801580|9190157|CQQG|AUTOPRESTIGE|79|Cargo - No additional information|100|28|13|5|3|08-12T07:30Z|undefined|8|12|7|30|5|OSLO-BEKKELAGET|0]
[2024-08-08 23:17:51|5|255801580|9190157|CQQG|AUTOPRESTIGE|79|Cargo - No additional information|100|28|13|5|3|08-12T07:30Z|undefined|8|12|7|30|5|OSLO-BEKKELAGET|0]
[2024-08-08 23:17:52|1|211599340|0|Under way using engine|nan|0|true|8.5804|53.5363|293.5|511|53|0|Not available|true|34732]
[2024-08-08 23:17:52|1|211599340|0|Under way using engine|nan|0|true|8.5804|53.5363|293.5|511|53|0|Not available|true|34732]
[2024-08-08 23:17:53|1|218709000|0|Under way using engine|undefined|0|true|8.5828|53.5382|220.2|54|50|0|Not available|false|82024]
[2024-08-08 23:17:53|1|218709000|0|Under way using engine|undefined|0|true|8.5828|53.5382|220.2|54|50|0|Not available|false|82024]
[2024-08-08 23:17:55|27|211894860|false|false|15|Not defined|8.5783|53.51|0|511]
[2024-08-08 23:17:55|27|211894860|false|false|15|Not defined|8.5783|53.51|0|511]
[2024-08-08 23:17:55|1|211540110|0|Under way using engine|undefined|0|false|8.5775|53.5364|284.5|234|55|0|Not available|false|27204]
[2024-08-08 23:17:55|1|211540110|0|Under way using engine|undefined|0|false|8.5775|53.5364|284.5|234|55|0|Not available|false|27204]
[2024-08-08 23:17:57|1|211233660|15|Not defined|undefined|0|false|8.5778|53.5367|235.9|228|56|0|Not available|false|27204]
[2024-08-08 23:17:57|1|211233660|15|Not defined|undefined|0|false|8.5778|53.5367|235.9|228|56|0|Not available|false|27204]
[2024-08-08 23:17:58|1|211595610|0|Under way using engine|nan|0|true|8.5802|53.5365|283.6|511|58|0|Not available|true|67718]
[2024-08-08 23:17:58|1|211595610|0|Under way using engine|nan|0|true|8.5802|53.5365|283.6|511|58|0|Not available|true|67718]
[2024-08-08 23:18:02|1|211599340|0|Under way using engine|nan|0|true|8.5804|53.5363|293.8|511|2|0|Not available|true|98384]
[2024-08-08 23:18:02|1|211599340|0|Under way using engine|nan|0|true|8.5804|53.5363|293.8|511|2|0|Not available|true|98384]
[2024-08-08 23:18:02|1|211536810|0|Under way using engine|undefined|0|true|8.5779|53.5367|51.9|230|3|0|Not available|false|49268]
[2024-08-08 23:18:02|1|211536810|0|Under way using engine|undefined|0|true|8.5779|53.5367|51.9|230|3|0|Not available|false|49268]
[2024-08-08 23:18:02|1|211555420|3|Restricted manoeuverability|undefined|0|true|8.5777|53.5183|84.5|338|3|0|Not available|false|65635]
[2024-08-08 23:18:02|1|211555420|3|Restricted manoeuverability|undefined|0|true|8.5777|53.5183|84.5|338|3|0|Not available|false|65635]
[2024-08-08 23:18:04|1|211253400|15|Not defined|nan|0|false|8.5731|53.5454|0|511|1|0|Not available|false|49248]
[2024-08-08 23:18:04|1|211253400|15|Not defined|nan|0|false|8.5731|53.5454|0|511|1|0|Not available|false|49248]
[2024-08-08 23:18:06|1|211233660|15|Not defined|undefined|0|false|8.5778|53.5367|235.9|228|5|0|Not available|false|27208]
[2024-08-08 23:18:06|1|211233660|15|Not defined|undefined|0|false|8.5778|53.5367|235.9|228|5|0|Not available|false|27208]
[2024-08-08 23:18:08|1|211228220|0|Under way using engine|undefined|0|true|8.578|53.525|272.9|345|9|0|Not available|false|33090]
[2024-08-08 23:18:08|1|211228220|0|Under way using engine|undefined|0|true|8.578|53.525|272.9|345|9|0|Not available|false|33090]
[2024-08-08 23:18:12|5|211172030|0|DF4369|LESMONA|55|Law Enforcement|11|5|3|2|1|07-09T21:00Z|undefined|7|9|21|0|1.4|DEBRV|0]
[2024-08-08 23:18:12|5|211172030|0|DF4369|LESMONA|55|Law Enforcement|11|5|3|2|1|07-09T21:00Z|undefined|7|9|21|0|1.4|DEBRV|0]
[2024-08-08 23:18:17|1|211595610|0|Under way using engine|nan|0|true|8.5802|53.5365|281.7|511|18|0|Not available|true|49330]
[2024-08-08 23:18:17|1|211595610|0|Under way using engine|nan|0|true|8.5802|53.5365|281.7|511|18|0|Not available|true|49330]
[2024-08-08 23:18:21|1|211599340|0|Under way using engine|nan|0|false|8.5804|53.5363|293|511|21|0|Not available|true|49326]
[2024-08-08 23:18:21|1|211599340|0|Under way using engine|nan|0|false|8.5804|53.5363|293|511|21|0|Not available|true|49326]
[2024-08-08 23:18:22|1|211536810|0|Under way using engine|undefined|0|true|8.5779|53.5367|51.9|230|23|0|Not available|false|33611]
[2024-08-08 23:18:22|1|211536810|0|Under way using engine|undefined|0|true|8.5779|53.5367|51.9|230|23|0|Not available|false|33611]
[2024-08-08 23:18:23|1|218709000|0|Under way using engine|undefined|0|true|8.5828|53.5382|223.2|54|20|0|Not available|false|82025]
[2024-08-08 23:18:23|1|218709000|0|Under way using engine|undefined|0|true|8.5828|53.5382|223.2|54|20|0|Not available|false|82025]
[2024-08-08 23:18:24|3|211172020|5|Moored|undefined|0|true|8.577|53.5339|211.5|248|24|0|Not available|false|85482]
[2024-08-08 23:18:24|3|211172020|5|Moored|undefined|0|true|8.577|53.5339|211.5|248|24|0|Not available|false|85482]
[2024-08-08 23:18:25|1|211540110|0|Under way using engine|undefined|0|false|8.5775|53.5364|263.7|233|25|0|Not available|false|66475]
[2024-08-08 23:18:25|1|211540110|0|Under way using engine|undefined|0|false|8.5775|53.5364|263.7|233|25|0|Not available|false|66475]
[2024-08-08 23:18:26|1|211233660|15|Not defined|undefined|0|false|8.5778|53.5367|235.9|228|25|0|Not available|false|27208]
[2024-08-08 23:18:26|1|211233660|15|Not defined|undefined|0|false|8.5778|53.5367|235.9|228|25|0|Not available|false|27208]
[2024-08-08 23:18:29|5|211235180|0|DBAC|HERMANN RUDOLF MEYER|51|Search and Rescue vessel|11|12|3|3|1|01-01T00:00Z|undefined|1|1|0|0|1.6||0]
[2024-08-08 23:18:29|5|211235180|0|DBAC|HERMANN RUDOLF MEYER|51|Search and Rescue vessel|11|12|3|3|1|01-01T00:00Z|undefined|1|1|0|0|1.6||0]
[2024-08-08 23:18:33|1|211555420|3|Restricted manoeuverability|undefined|0|true|8.5777|53.5183|84.5|338|33|0|Not available|false|49314]
[2024-08-08 23:18:33|1|211555420|3|Restricted manoeuverability|undefined|0|true|8.5777|53.5183|84.5|338|33|0|Not available|false|49314]
[2024-08-08 23:18:34|1|211253400|15|Not defined|nan|0|false|8.5731|53.5454|0|511|31|0|Not available|false|34065]
[2024-08-08 23:18:34|1|211253400|15|Not defined|nan|0|false|8.5731|53.5454|0|511|31|0|Not available|false|34065]
[2024-08-08 23:18:38|1|211595610|0|Under way using engine|nan|0|false|8.5802|53.5365|283.3|511|39|0|Not available|true|34205]
[2024-08-08 23:18:38|1|211595610|0|Under way using engine|nan|0|false|8.5802|53.5365|283.3|511|39|0|Not available|true|34205]
[2024-08-08 23:18:41|3|211599340|0|Under way using engine|nan|0|true|8.5804|53.5363|294.3|511|42|0|Not available|true|28739]
[2024-08-08 23:18:41|3|211599340|0|Under way using engine|nan|0|true|8.5804|53.5363|294.3|511|42|0|Not available|true|28739]
[2024-08-08 23:18:42|1|211555420|3|Restricted manoeuverability|undefined|0|true|8.5777|53.5183|84.5|339|42|0|Not available|false|82082]
[2024-08-08 23:18:42|1|211555420|3|Restricted manoeuverability|undefined|0|true|8.5777|53.5183|84.5|339|42|0|Not available|false|82082]
[2024-08-08 23:18:43|1|218709000|0|Under way using engine|undefined|0|true|8.5828|53.5382|225.9|54|40|0|Not available|false|2234]
[2024-08-08 23:18:43|1|218709000|0|Under way using engine|undefined|0|true|8.5828|53.5382|225.9|54|40|0|Not available|false|2234]
[2024-08-08 23:18:44|1|211253400|15|Not defined|nan|0|false|8.5731|53.5454|0|511|41|0|Not available|false|2298]
[2024-08-08 23:18:44|1|211253400|15|Not defined|nan|0|false|8.5731|53.5454|0|511|41|0|Not available|false|2298]
[2024-08-08 23:18:46|1|211290740|0|Under way using engine|undefined|0|false|8.5674|53.5459|0|330|47|0|Not available|false|34506]
[2024-08-08 23:18:46|1|211290740|0|Under way using engine|undefined|0|false|8.5674|53.5459|0|330|47|0|Not available|false|34506]
[2024-08-08 23:18:47|1|211233660|15|Not defined|undefined|0|false|8.5778|53.5366|235.9|228|46|0|Not available|false|34530]
[2024-08-08 23:18:47|1|211233660|15|Not defined|undefined|0|false|8.5778|53.5366|235.9|228|46|0|Not available|false|34530]
[2024-08-08 23:18:48|1|211595610|0|Under way using engine|nan|0|false|8.5802|53.5365|283.2|511|49|0|Not available|true|27208]
[2024-08-08 23:18:48|1|211595610|0|Under way using engine|nan|0|false|8.5802|53.5365|283.2|511|49|0|Not available|true|27208]
[2024-08-08 23:18:52|1|211599340|0|Under way using engine|nan|0|false|8.5804|53.5363|294|511|53|0|Not available|true|27208]
[2024-08-08 23:18:52|1|211599340|0|Under way using engine|nan|0|false|8.5804|53.5363|294|511|53|0|Not available|true|27208]
[2024-08-08 23:18:53|1|211536810|0|Under way using engine|undefined|0|true|8.5779|53.5366|51.9|230|53|0|Not available|false|34755]
[2024-08-08 23:18:53|1|211536810|0|Under way using engine|undefined|0|true|8.5779|53.5366|51.9|230|53|0|Not available|false|34755]
[2024-08-08 23:18:55|1|211290740|0|Under way using engine|undefined|0|false|8.5674|53.5459|0|331|56|0|Not available|false|49327]
[2024-08-08 23:18:55|1|211290740|0|Under way using engine|undefined|0|false|8.5674|53.5459|0|331|56|0|Not available|false|49327]
[2024-08-08 23:18:57|1|211233660|15|Not defined|undefined|0|false|8.5778|53.5366|235.9|228|56|0|Not available|false|2217]
[2024-08-08 23:18:57|1|211233660|15|Not defined|undefined|0|false|8.5778|53.5366|235.9|228|56|0|Not available|false|2217]
[2024-08-08 23:18:58|1|211595610|0|Under way using engine|nan|0|true|8.5802|53.5365|282.8|511|58|0|Not available|true|49331]
[2024-08-08 23:18:58|1|211595610|0|Under way using engine|nan|0|true|8.5802|53.5365|282.8|511|58|0|Not available|true|49331]
[2024-08-08 23:19:02|3|211599340|0|Under way using engine|nan|0|true|8.5804|53.5363|293.8|511|2|0|Not available|true|17489]
[2024-08-08 23:19:02|3|211599340|0|Under way using engine|nan|0|true|8.5804|53.5363|293.8|511|2|0|Not available|true|17489]
[2024-08-08 23:19:02|1|211536810|0|Under way using engine|undefined|0|true|8.5779|53.5366|51.9|230|3|0|Not available|false|32855]
[2024-08-08 23:19:02|1|211536810|0|Under way using engine|undefined|0|true|8.5779|53.5366|51.9|230|3|0|Not available|false|32855]
[2024-08-08 23:19:04|1|218709000|0|Under way using engine|undefined|0|true|8.5828|53.5382|224|54|0|0|Not available|false|27212]
[2024-08-08 23:19:04|1|218709000|0|Under way using engine|undefined|0|true|8.5828|53.5382|224|54|0|0|Not available|false|27212]
[2024-08-08 23:19:04|1|211253400|15|Not defined|nan|0|false|8.5731|53.5454|0|511|1|0|Not available|false|32933]
[2024-08-08 23:19:04|1|211253400|15|Not defined|nan|0|false|8.5731|53.5454|0|511|1|0|Not available|false|32933]
[2024-08-08 23:19:05|5|253743000|9507362|LXVY|VERTOM ISA|79|Cargo - No additional information|74|14|6|6|1|08-08T15:54Z|undefined|8|8|15|54|3|DEBRE|0]
[2024-08-08 23:19:05|5|253743000|9507362|LXVY|VERTOM ISA|79|Cargo - No additional information|74|14|6|6|1|08-08T15:54Z|undefined|8|8|15|54|3|DEBRE|0]
[2024-08-08 23:19:06|5|218709000|9502233|DBJC|ALTE WESER|55|Law Enforcement|9|24|3|3|1|08-06T15:00Z|undefined|8|6|15|0|1.8|PATROL|0]
[2024-08-08 23:19:06|5|218709000|9502233|DBJC|ALTE WESER|55|Law Enforcement|9|24|3|3|1|08-06T15:00Z|undefined|8|6|15|0|1.8|PATROL|0]
[2024-08-08 23:19:11|1|211555420|3|Restricted manoeuverability|undefined|0|true|8.5777|53.5183|84.5|339|11|0|Not available|false|33185]
[2024-08-08 23:19:11|1|211555420|3|Restricted manoeuverability|undefined|0|true|8.5777|53.5183|84.5|339|11|0|Not available|false|33185]
[2024-08-08 23:19:11|5|210525000|9466233|5BCL6|HILDA B|70|Cargo - all ships of this type|75|13|4|9|1|04-25T08:00Z|undefined|4|25|8|0|4|DEBRE|0]
[2024-08-08 23:19:11|5|210525000|9466233|5BCL6|HILDA B|70|Cargo - all ships of this type|75|13|4|9|1|04-25T08:00Z|undefined|4|25|8|0|4|DEBRE|0]
[2024-08-08 23:19:11|1|211599340|0|Under way using engine|nan|0|true|8.5804|53.5363|293.9|511|12|0|Not available|true|27212]
[2024-08-08 23:19:11|1|211599340|0|Under way using engine|nan|0|true|8.5804|53.5363|293.9|511|12|0|Not available|true|27212]
[2024-08-08 23:19:14|1|218709000|0|Under way using engine|undefined|0|true|8.5828|53.5382|236.3|54|10|0|Not available|false|33288]
[2024-08-08 23:19:14|1|218709000|0|Under way using engine|undefined|0|true|8.5828|53.5382|236.3|54|10|0|Not available|false|33288]
[2024-08-08 23:19:15|1|211253400|15|Not defined|nan|0|false|8.5731|53.5454|0|511|12|0|Not available|false|49245]
[2024-08-08 23:19:15|1|211253400|15|Not defined|nan|0|false|8.5731|53.5454|0|511|12|0|Not available|false|49245]
[2024-08-08 23:19:16|1|211540110|0|Under way using engine|undefined|0|false|8.5775|53.5364|338.1|233|16|0|Not available|false|33374]
[2024-08-08 23:19:16|1|211540110|0|Under way using engine|undefined|0|false|8.5775|53.5364|338.1|233|16|0|Not available|false|33374]
[2024-08-08 23:19:17|1|211595610|0|Under way using engine|nan|0|true|8.5802|53.5365|282.4|511|18|0|Not available|true|33437]
[2024-08-08 23:19:17|1|211595610|0|Under way using engine|nan|0|true|8.5802|53.5365|282.4|511|18|0|Not available|true|33437]
[2024-08-08 23:19:19|5|211225940|9031208|DBMN|TIDE|55|Law Enforcement|8|23|6|1|1|00-00T24:60Z|undefined|0|0|24|60|2.3|BRV|0]
[2024-08-08 23:19:19|5|211225940|9031208|DBMN|TIDE|55|Law Enforcement|8|23|6|1|1|00-00T24:60Z|undefined|0|0|24|60|2.3|BRV|0]
[2024-08-08 23:19:21|1|211599340|0|Under way using engine|nan|0|true|8.5804|53.5363|294.1|511|21|0|Not available|true|33554]
[2024-08-08 23:19:21|1|211599340|0|Under way using engine|nan|0|true|8.5804|53.5363|294.1|511|21|0|Not available|true|33554]
[2024-08-08 23:19:23|1|218709000|0|Under way using engine|undefined|0|true|8.5828|53.5382|230|54|20|0|Not available|false|66409]
[2024-08-08 23:19:23|1|218709000|0|Under way using engine|undefined|0|true|8.5828|53.5382|230|54|20|0|Not available|false|66409]
[2024-08-08 23:19:23|24|211300110|B|B|37|Pleasure Craft|DD6026|null|AMC   B|8|133152|6|0|0|3]
[2024-08-08 23:19:23|24|211300110|B|B|37|Pleasure Craft|DD6026|null|AMC   B|8|133152|6|0|0|3]
[2024-08-08 23:19:27|1|211595610|0|Under way using engine|nan|0|true|8.5802|53.5365|282|511|28|0|Not available|true|66570]
[2024-08-08 23:19:27|1|211595610|0|Under way using engine|nan|0|true|8.5802|53.5365|282|511|28|0|Not available|true|66570]
[2024-08-08 23:19:29|5|211599340|0|DC4779|NORDENHAM|60|Passenger - all ships of this type|30|30|7|7|0|01-05T00:00Z|undefined|1|5|0|0|2.5|BREMERHAVEN-NORDENAM|0]
[2024-08-08 23:19:29|5|211599340|0|DC4779|NORDENHAM|60|Passenger - all ships of this type|30|30|7|7|0|01-05T00:00Z|undefined|1|5|0|0|2.5|BREMERHAVEN-NORDENAM|0]
[2024-08-08 23:19:31|3|211225940|5|Moored|undefined|0|false|8.5799|53.537|203.2|237|30|0|Not available|false|84986]
[2024-08-08 23:19:31|3|211225940|5|Moored|undefined|0|false|8.5799|53.537|203.2|237|30|0|Not available|false|84986]
[2024-08-08 23:19:33|1|211536810|0|Under way using engine|undefined|0|true|8.578|53.5366|51.9|231|34|0|Not available|false|27212]
[2024-08-08 23:19:33|1|211536810|0|Under way using engine|undefined|0|true|8.578|53.5366|51.9|231|34|0|Not available|false|27212]
[2024-08-08 23:19:34|3|314543000|1|At anchor|18.330830177599704|0.2|false|8.5643|53.5238|166.3|241|33|0|Not available|false|84122]
[2024-08-08 23:19:34|3|314543000|1|At anchor|18.330830177599704|0.2|false|8.5643|53.5238|166.3|241|33|0|Not available|false|84122]
[2024-08-08 23:19:34|1|211253400|15|Not defined|nan|0|false|8.5731|53.5454|0|511|32|0|Not available|false|27212]
[2024-08-08 23:19:34|1|211253400|15|Not defined|nan|0|false|8.5731|53.5454|0|511|32|0|Not available|false|27212]
[2024-08-08 23:19:35|1|211540110|0|Under way using engine|undefined|0|false|8.5775|53.5364|335.1|232|36|0|Not available|false|27212]
[2024-08-08 23:19:35|1|211540110|0|Under way using engine|undefined|0|false|8.5775|53.5364|335.1|232|36|0|Not available|false|27212]
[2024-08-08 23:19:37|1|211233660|15|Not defined|undefined|0|false|8.5778|53.5366|235.9|228|36|0|Not available|false|34166]
[2024-08-08 23:19:37|1|211233660|15|Not defined|undefined|0|false|8.5778|53.5366|235.9|228|36|0|Not available|false|34166]
[2024-08-08 23:19:38|1|211595610|0|Under way using engine|nan|0|true|8.5802|53.5365|281.7|511|39|0|Not available|true|27212]
[2024-08-08 23:19:38|1|211595610|0|Under way using engine|nan|0|true|8.5802|53.5365|281.7|511|39|0|Not available|true|27212]
[2024-08-08 23:19:42|1|211555420|3|Restricted manoeuverability|undefined|0|true|8.5777|53.5183|84.5|339|42|0|Not available|false|67105]
[2024-08-08 23:19:42|1|211555420|3|Restricted manoeuverability|undefined|0|true|8.5777|53.5183|84.5|339|42|0|Not available|false|67105]
[2024-08-08 23:19:45|1|211253400|15|Not defined|nan|0|false|8.5731|53.5454|0|511|42|0|Not available|false|100002]
[2024-08-08 23:19:45|1|211253400|15|Not defined|nan|0|false|8.5731|53.5454|0|511|42|0|Not available|false|100002]
[2024-08-08 23:19:45|1|211540110|0|Under way using engine|undefined|0|false|8.5775|53.5364|316.4|232|46|0|Not available|false|82034]
[2024-08-08 23:19:45|1|211540110|0|Under way using engine|undefined|0|false|8.5775|53.5364|316.4|232|46|0|Not available|false|82034]
[2024-08-08 23:19:46|3|211386490|5|Moored|undefined|0|false|8.5819|53.5377|42|238|46|0|Not available|false|85306]
[2024-08-08 23:19:46|3|211386490|5|Moored|undefined|0|false|8.5819|53.5377|42|238|46|0|Not available|false|85306]
[2024-08-08 23:19:47|1|211233660|15|Not defined|undefined|0|false|8.5778|53.5367|235.9|228|46|0|Not available|false|27212]
[2024-08-08 23:19:47|1|211233660|15|Not defined|undefined|0|false|8.5778|53.5367|235.9|228|46|0|Not available|false|27212]
[2024-08-08 23:19:47|1|211228220|0|Under way using engine|undefined|0|true|8.5781|53.525|272.9|344|48|0|Not available|false|82058]
[2024-08-08 23:19:47|1|211228220|0|Under way using engine|undefined|0|true|8.5781|53.525|272.9|344|48|0|Not available|false|82058]
[2024-08-08 23:19:48|1|211595610|0|Under way using engine|nan|0|true|8.5802|53.5365|281.3|511|49|0|Not available|true|2280]
[2024-08-08 23:19:48|1|211595610|0|Under way using engine|nan|0|true|8.5802|53.5365|281.3|511|49|0|Not available|true|2280]
[2024-08-08 23:19:48|1|245586000|0|Under way using engine|undefined|0|true|8.5665|53.5468|66|334|46|0|Not available|false|27212]
[2024-08-08 23:19:48|1|245586000|0|Under way using engine|undefined|0|true|8.5665|53.5468|66|334|46|0|Not available|false|27212]
[2024-08-08 23:19:51|3|210525000|5|Moored|undefined|0|false|8.576|53.5232|278.5|182|51|0|Not available|false|0]
[2024-08-08 23:19:51|3|210525000|5|Moored|undefined|0|false|8.576|53.5232|278.5|182|51|0|Not available|false|0]
[2024-08-08 23:19:52|1|211599340|0|Under way using engine|nan|0|true|8.5804|53.5363|292.7|511|53|0|Not available|true|2197]
[2024-08-08 23:19:52|1|211599340|0|Under way using engine|nan|0|true|8.5804|53.5363|292.7|511|53|0|Not available|true|2197]
[2024-08-08 23:19:52|3|211172030|5|Moored|undefined|0|true|8.5769|53.534|262.6|247|52|0|Not available|false|85322]
[2024-08-08 23:19:52|3|211172030|5|Moored|undefined|0|true|8.5769|53.534|262.6|247|52|0|Not available|false|85322]
[2024-08-08 23:19:53|1|218709000|0|Under way using engine|undefined|0|true|8.5828|53.5382|235.8|54|50|0|Not available|false|49256]
[2024-08-08 23:19:53|1|218709000|0|Under way using engine|undefined|0|true|8.5828|53.5382|235.8|54|50|0|Not available|false|49256]
[2024-08-08 23:19:53|1|211536810|0|Under way using engine|undefined|0|true|8.578|53.5366|51.9|230|53|0|Not available|false|27212]
[2024-08-08 23:19:53|1|211536810|0|Under way using engine|undefined|0|true|8.578|53.5366|51.9|230|53|0|Not available|false|27212]
[2024-08-08 23:19:56|1|211540110|0|Under way using engine|undefined|0|false|8.5775|53.5364|278|233|56|0|Not available|false|49266]
[2024-08-08 23:19:56|1|211540110|0|Under way using engine|undefined|0|false|8.5775|53.5364|278|233|56|0|Not available|false|49266]
[2024-08-08 23:20:02|1|211599340|0|Under way using engine|nan|0|true|8.5804|53.5363|292.1|511|2|0|Not available|true|65616]
[2024-08-08 23:20:02|1|211599340|0|Under way using engine|nan|0|true|8.5804|53.5363|292.1|511|2|0|Not available|true|65616]
[2024-08-08 23:20:02|1|211536810|0|Under way using engine|undefined|0|true|8.578|53.5366|51.9|230|3|0|Not available|false|27216]
[2024-08-08 23:20:02|1|211536810|0|Under way using engine|undefined|0|true|8.578|53.5366|51.9|230|3|0|Not available|false|27216]
[2024-08-08 23:20:02|1|211555420|3|Restricted manoeuverability|undefined|0|true|8.5777|53.5183|84.5|339|3|0|Not available|false|32867]
[2024-08-08 23:20:02|1|211555420|3|Restricted manoeuverability|undefined|0|true|8.5777|53.5183|84.5|339|3|0|Not available|false|32867]
[2024-08-08 23:20:04|1|218709000|0|Under way using engine|undefined|0|true|8.5828|53.5382|241.3|54|1|0|Not available|false|2255]
[2024-08-08 23:20:04|1|218709000|0|Under way using engine|undefined|0|true|8.5828|53.5382|241.3|54|1|0|Not available|false|2255]
[2024-08-08 23:20:05|1|211233660|15|Not defined|undefined|0|false|8.5778|53.5367|235.9|228|4|0|Not available|false|49251]
[2024-08-08 23:20:05|1|211233660|15|Not defined|undefined|0|false|8.5778|53.5367|235.9|228|4|0|Not available|false|49251]
[2024-08-08 23:20:05|1|211290740|0|Under way using engine|undefined|0|false|8.5674|53.5458|0|329|6|0|Not available|false|27216]
[2024-08-08 23:20:05|1|211290740|0|Under way using engine|undefined|0|false|8.5674|53.5458|0|329|6|0|Not available|false|27216]
[2024-08-08 23:20:09|1|211595610|0|Under way using engine|nan|0|false|8.5803|53.5365|281.1|511|9|0|Not available|true|65877]
[2024-08-08 23:20:09|1|211595610|0|Under way using engine|nan|0|false|8.5803|53.5365|281.1|511|9|0|Not available|true|65877]
[2024-08-08 23:20:11|3|211630370|5|Moored|6.6934727907118585|0|false|8.5742|53.5231|248.5|180|11|0|Not available|false|85818]
[2024-08-08 23:20:11|3|211630370|5|Moored|6.6934727907118585|0|false|8.5742|53.5231|248.5|180|11|0|Not available|false|85818]
[2024-08-08 23:20:18|1|211595610|0|Under way using engine|nan|0|false|8.5803|53.5365|282.3|511|18|0|Not available|true|27216]
[2024-08-08 23:20:18|1|211595610|0|Under way using engine|nan|0|false|8.5803|53.5365|282.3|511|18|0|Not available|true|27216]
[2024-08-08 23:20:22|18|211729870|0|true|8.5733|53.5443|360|511|21|true|458755]
[2024-08-08 23:20:22|18|211729870|0|true|8.5733|53.5443|360|511|21|true|458755]
[2024-08-08 23:20:24|1|211253400|15|Not defined|nan|0|false|8.5731|53.5454|0|511|21|0|Not available|false|49244]
[2024-08-08 23:20:24|1|211253400|15|Not defined|nan|0|false|8.5731|53.5454|0|511|21|0|Not available|false|49244]
[2024-08-08 23:20:26|3|211264470|5|Moored|nan|0|false|8.5711|53.5479|360|511|26|0|Not available|false|85146]
[2024-08-08 23:20:26|3|211264470|5|Moored|nan|0|false|8.5711|53.5479|360|511|26|0|Not available|false|85146]
[2024-08-08 23:20:27|1|211233660|15|Not defined|undefined|0|false|8.5777|53.5366|235.9|228|25|0|Not available|false|49257]
[2024-08-08 23:20:27|1|211233660|15|Not defined|undefined|0|false|8.5777|53.5366|235.9|228|25|0|Not available|false|49257]
[2024-08-08 23:20:27|3|211706840|5|Moored|undefined|0|false|8.5769|53.5313|299.4|93|28|0|Not available|false|84970]
[2024-08-08 23:20:27|3|211706840|5|Moored|undefined|0|false|8.5769|53.5313|299.4|93|28|0|Not available|false|84970]
[2024-08-08 23:20:27|1|211595610|0|Under way using engine|nan|0|false|8.5803|53.5365|283.1|511|28|0|Not available|true|49331]
[2024-08-08 23:20:27|1|211595610|0|Under way using engine|nan|0|false|8.5803|53.5365|283.1|511|28|0|Not available|true|49331]
[2024-08-08 23:20:28|1|245586000|0|Under way using engine|undefined|0|true|8.5664|53.5468|66|334|26|0|Not available|false|99375]
[2024-08-08 23:20:28|1|245586000|0|Under way using engine|undefined|0|true|8.5664|53.5468|66|334|26|0|Not available|false|99375]
[2024-08-08 23:20:31|1|211599340|0|Under way using engine|nan|0|true|8.5804|53.5364|293.8|511|31|0|Not available|true|2270]
[2024-08-08 23:20:31|1|211599340|0|Under way using engine|nan|0|true|8.5804|53.5364|293.8|511|31|0|Not available|true|2270]
[2024-08-08 23:20:34|1|211253400|15|Not defined|nan|0|false|8.5731|53.5454|0|511|31|0|Not available|false|2221]
[2024-08-08 23:20:34|1|211253400|15|Not defined|nan|0|false|8.5731|53.5454|0|511|31|0|Not available|false|2221]
[2024-08-08 23:20:37|1|211233660|15|Not defined|undefined|0|false|8.5777|53.5366|235.9|228|36|0|Not available|false|27216]
[2024-08-08 23:20:37|1|211233660|15|Not defined|undefined|0|false|8.5777|53.5366|235.9|228|36|0|Not available|false|27216]
[2024-08-08 23:20:38|1|211228220|0|Under way using engine|undefined|0|true|8.578|53.525|272.9|344|39|0|Not available|false|34203]
[2024-08-08 23:20:38|1|211228220|0|Under way using engine|undefined|0|true|8.578|53.525|272.9|344|39|0|Not available|false|34203]
[2024-08-08 23:20:38|1|211595610|0|Under way using engine|nan|0|false|8.5803|53.5365|283.7|511|39|0|Not available|true|2279]
[2024-08-08 23:20:38|1|211595610|0|Under way using engine|nan|0|false|8.5803|53.5365|283.7|511|39|0|Not available|true|2279]
[2024-08-08 23:20:41|1|211599340|0|Under way using engine|nan|0|true|8.5804|53.5364|295.8|511|42|0|Not available|true|27216]
[2024-08-08 23:20:41|1|211599340|0|Under way using engine|nan|0|true|8.5804|53.5364|295.8|511|42|0|Not available|true|27216]
[2024-08-08 23:20:42|1|211555420|3|Restricted manoeuverability|undefined|0|true|8.5777|53.5183|84.5|339|42|0|Not available|false|49313]
[2024-08-08 23:20:42|1|211555420|3|Restricted manoeuverability|undefined|0|true|8.5777|53.5183|84.5|339|42|0|Not available|false|49313]
[2024-08-08 23:20:43|1|218709000|0|Under way using engine|undefined|0|true|8.5828|53.5382|232.7|54|39|0|Not available|false|82024]
[2024-08-08 23:20:43|1|218709000|0|Under way using engine|undefined|0|true|8.5828|53.5382|232.7|54|39|0|Not available|false|82024]
[2024-08-08 23:20:45|1|211253400|15|Not defined|nan|0|false|8.5731|53.5454|0|511|42|0|Not available|false|82012]
[2024-08-08 23:20:45|1|211253400|15|Not defined|nan|0|false|8.5731|53.5454|0|511|42|0|Not available|false|82012]
[2024-08-08 23:20:47|1|211233660|15|Not defined|undefined|0|false|8.5777|53.5366|235.9|228|46|0|Not available|false|2198]
[2024-08-08 23:20:47|1|211233660|15|Not defined|undefined|0|false|8.5777|53.5366|235.9|228|46|0|Not available|false|2198]
[2024-08-08 23:20:47|3|211228220|0|Under way using engine|undefined|0|true|8.578|53.525|272.9|344|48|0|Not available|false|22355]
[2024-08-08 23:20:47|3|211228220|0|Under way using engine|undefined|0|true|8.578|53.525|272.9|344|48|0|Not available|false|22355]
[2024-08-08 23:20:49|1|211595610|0|Under way using engine|nan|0|true|8.5803|53.5365|285.8|511|49|0|Not available|true|67376]
[2024-08-08 23:20:49|1|211595610|0|Under way using engine|nan|0|true|8.5803|53.5365|285.8|511|49|0|Not available|true|67376]
[2024-08-08 23:20:50|1|211523490|0|Under way using engine|nan|0|true|8.576|53.5172|360|511|49|0|Not available|true|67407]
[2024-08-08 23:20:50|1|211523490|0|Under way using engine|nan|0|true|8.576|53.5172|360|511|49|0|Not available|true|67407]
[2024-08-08 23:20:53|1|218709000|0|Under way using engine|undefined|0|true|8.5828|53.5382|238.8|54|49|0|Not available|false|34752]
[2024-08-08 23:20:53|1|218709000|0|Under way using engine|undefined|0|true|8.5828|53.5382|238.8|54|49|0|Not available|false|34752]
[2024-08-08 23:20:53|1|211536810|0|Under way using engine|undefined|0|true|8.578|53.5366|51.9|230|53|0|Not available|false|2251]
[2024-08-08 23:20:53|1|211536810|0|Under way using engine|undefined|0|true|8.578|53.5366|51.9|230|53|0|Not available|false|2251]
[2024-08-08 23:21:02|1|211599340|0|Under way using engine|nan|0|false|8.5803|53.5364|298.4|511|2|0|Not available|true|49326]
[2024-08-08 23:21:02|1|211599340|0|Under way using engine|nan|0|false|8.5803|53.5364|298.4|511|2|0|Not available|true|49326]
[2024-08-08 23:21:02|3|211536810|0|Under way using engine|undefined|0|true|8.578|53.5366|51.9|231|3|0|Not available|false|19875]
[2024-08-08 23:21:02|3|211536810|0|Under way using engine|undefined|0|true|8.578|53.5366|51.9|231|3|0|Not available|false|19875]
[2024-08-08 23:21:04|1|218709000|0|Under way using engine|undefined|0|true|8.5828|53.5382|143.6|54|1|0|Not available|false|65688]
[2024-08-08 23:21:04|1|218709000|0|Under way using engine|undefined|0|true|8.5828|53.5382|143.6|54|1|0|Not available|false|65688]
[2024-08-08 23:21:04|1|211253400|15|Not defined|nan|0|false|8.5731|53.5454|0|511|1|0|Not available|false|2272]
[2024-08-08 23:21:04|1|211253400|15|Not defined|nan|0|false|8.5731|53.5454|0|511|1|0|Not available|false|2272]
[2024-08-08 23:21:07|18|211598800|0|false|8.5699|53.5474|360|511|6|false|458755]
[2024-08-08 23:21:07|18|211598800|0|false|8.5699|53.5474|360|511|6|false|458755]
[2024-08-08 23:21:08|3|211228220|0|Under way using engine|undefined|0|true|8.5781|53.525|272.9|344|9|0|Not available|false|9793]
[2024-08-08 23:21:08|3|211228220|0|Under way using engine|undefined|0|true|8.5781|53.525|272.9|344|9|0|Not available|false|9793]
[2024-08-08 23:21:10|1|211523490|0|Under way using engine|nan|0|true|8.576|53.5172|360|511|9|0|Not available|true|98673]
[2024-08-08 23:21:10|1|211523490|0|Under way using engine|nan|0|true|8.576|53.5172|360|511|9|0|Not available|true|98673]
[2024-08-08 23:21:12|1|211599340|0|Under way using engine|nan|0|false|8.5803|53.5364|299.9|511|13|0|Not available|true|65998]
[2024-08-08 23:21:12|1|211599340|0|Under way using engine|nan|0|false|8.5803|53.5364|299.9|511|13|0|Not available|true|65998]
[2024-08-08 23:21:13|1|211536810|0|Under way using engine|undefined|0|true|8.578|53.5366|51.9|231|14|0|Not available|false|2204]
[2024-08-08 23:21:13|1|211536810|0|Under way using engine|undefined|0|true|8.578|53.5366|51.9|231|14|0|Not available|false|2204]
[2024-08-08 23:21:16|1|211290740|0|Under way using engine|undefined|0|false|8.5675|53.5458|0|330|16|0|Not available|false|49326]
[2024-08-08 23:21:16|1|211290740|0|Under way using engine|undefined|0|false|8.5675|53.5458|0|330|16|0|Not available|false|49326]
[2024-08-08 23:21:16|24|211816240|B|B|37|Pleasure Craft|DK2021|null|SRTEK-|1|309385|9|2|2|1]
[2024-08-08 23:21:16|24|211816240|B|B|37|Pleasure Craft|DK2021|null|SRTEK-|1|309385|9|2|2|1]
[2024-08-08 23:21:21|1|211599340|0|Under way using engine|nan|0|true|8.5803|53.5364|300.3|511|21|0|Not available|true|2257]
[2024-08-08 23:21:21|1|211599340|0|Under way using engine|nan|0|true|8.5803|53.5364|300.3|511|21|0|Not available|true|2257]
[2024-08-08 23:21:23|1|218709000|0|Under way using engine|undefined|0|true|8.5828|53.5382|320.8|54|20|0|Not available|false|33641]
[2024-08-08 23:21:23|1|218709000|0|Under way using engine|undefined|0|true|8.5828|53.5382|320.8|54|20|0|Not available|false|33641]
[2024-08-08 23:21:23|1|211536810|0|Under way using engine|undefined|0|true|8.578|53.5366|51.9|231|24|0|Not available|false|49268]
[2024-08-08 23:21:23|1|211536810|0|Under way using engine|undefined|0|true|8.578|53.5366|51.9|231|24|0|Not available|false|49268]
[2024-08-08 23:21:24|5|211228220|0|DFPE|CORA|80|Tanker - all ships of this type|0|0|0|0|0|10-18T14:21Z|undefined|10|18|14|21|2.1|IMMER FLEISSIG|0]
[2024-08-08 23:21:24|5|211228220|0|DFPE|CORA|80|Tanker - all ships of this type|0|0|0|0|0|10-18T14:21Z|undefined|10|18|14|21|2.1|IMMER FLEISSIG|0]
[2024-08-08 23:21:24|1|211253400|15|Not defined|nan|0|false|8.5731|53.5454|0|511|22|0|Not available|false|33693]
[2024-08-08 23:21:24|1|211253400|15|Not defined|nan|0|false|8.5731|53.5454|0|511|22|0|Not available|false|33693]
[2024-08-08 23:21:25|3|211398780|5|Moored|nan|0|false|8.5727|53.5459|0|511|21|0|Not available|false|0]
[2024-08-08 23:21:25|3|211398780|5|Moored|nan|0|false|8.5727|53.5459|0|511|21|0|Not available|false|0]
[2024-08-08 23:21:25|1|211540110|0|Under way using engine|undefined|0|false|8.5775|53.5364|322|234|25|0|Not available|false|27220]
[2024-08-08 23:21:25|1|211540110|0|Under way using engine|undefined|0|false|8.5775|53.5364|322|234|25|0|Not available|false|27220]
[2024-08-08 23:21:25|3|211634880|5|Moored|nan|0|false|8.5721|53.5451|139.4|511|26|0|Not available|false|83978]
[2024-08-08 23:21:25|3|211634880|5|Moored|nan|0|false|8.5721|53.5451|139.4|511|26|0|Not available|false|83978]
[2024-08-08 23:21:26|3|211112160|5|Moored|nan|0|true|8.5842|53.5222|360|511|25|0|Not available|true|84634]
[2024-08-08 23:21:26|3|211112160|5|Moored|nan|0|true|8.5842|53.5222|360|511|25|0|Not available|true|84634]
[2024-08-08 23:21:26|1|211290740|0|Under way using engine|undefined|0|false|8.5674|53.5458|0|329|26|0|Not available|false|66515]
[2024-08-08 23:21:26|1|211290740|0|Under way using engine|undefined|0|false|8.5674|53.5458|0|329|26|0|Not available|false|66515]
[2024-08-08 23:21:27|1|211233660|15|Not defined|undefined|0|false|8.5777|53.5366|235.9|228|25|0|Not available|false|33774]
[2024-08-08 23:21:27|1|211233660|15|Not defined|undefined|0|false|8.5777|53.5366|235.9|228|25|0|Not available|false|33774]
[2024-08-08 23:21:27|1|211595610|0|Under way using engine|nan|0|false|8.5803|53.5365|287.2|511|28|0|Not available|true|33802]
[2024-08-08 23:21:27|1|211595610|0|Under way using engine|nan|0|false|8.5803|53.5365|287.2|511|28|0|Not available|true|33802]
[2024-08-08 23:21:28|1|245586000|0|Under way using engine|undefined|0|true|8.5664|53.5468|66|334|26|0|Not available|false|82144]
[2024-08-08 23:21:28|1|245586000|0|Under way using engine|undefined|0|true|8.5664|53.5468|66|334|26|0|Not available|false|82144]
[2024-08-08 23:21:29|1|211523490|0|Under way using engine|nan|0|true|8.576|53.5172|360|511|28|0|Not available|true|66630]
[2024-08-08 23:21:29|1|211523490|0|Under way using engine|nan|0|true|8.576|53.5172|360|511|28|0|Not available|true|66630]
[2024-08-08 23:21:31|1|211599340|0|Under way using engine|nan|0|true|8.5803|53.5364|300.9|511|32|0|Not available|true|99488]
[2024-08-08 23:21:31|1|211599340|0|Under way using engine|nan|0|true|8.5803|53.5364|300.9|511|32|0|Not available|true|99488]
[2024-08-08 23:21:33|1|211536810|0|Under way using engine|undefined|0|true|8.578|53.5366|51.9|231|34|0|Not available|false|49268]
[2024-08-08 23:21:33|1|211536810|0|Under way using engine|undefined|0|true|8.578|53.5366|51.9|231|34|0|Not available|false|49268]
[2024-08-08 23:21:34|1|218709000|0|Under way using engine|undefined|0|true|8.5828|53.5382|323.6|54|31|0|Not available|false|2210]
[2024-08-08 23:21:34|1|218709000|0|Under way using engine|undefined|0|true|8.5828|53.5382|323.6|54|31|0|Not available|false|2210]
[2024-08-08 23:21:35|1|211540110|0|Under way using engine|undefined|0|false|8.5775|53.5364|353.7|234|35|0|Not available|false|49266]
[2024-08-08 23:21:35|1|211540110|0|Under way using engine|undefined|0|false|8.5775|53.5364|353.7|234|35|0|Not available|false|49266]
[2024-08-08 23:21:37|1|211233660|15|Not defined|undefined|0|false|8.5777|53.5366|235.9|228|36|0|Not available|false|2186]
[2024-08-08 23:21:37|1|211233660|15|Not defined|undefined|0|false|8.5777|53.5366|235.9|228|36|0|Not available|false|2186]
[2024-08-08 23:21:39|1|211595610|0|Under way using engine|nan|0|false|8.5804|53.5365|285.4|511|39|0|Not available|true|82098]
[2024-08-08 23:21:39|1|211595610|0|Under way using engine|nan|0|false|8.5804|53.5365|285.4|511|39|0|Not available|true|82098]
[2024-08-08 23:21:40|3|211235180|5|Moored|nan|0.1|false|8.5783|53.5368|202.1|511|39|0|Not available|false|0]
[2024-08-08 23:21:40|3|211235180|5|Moored|nan|0.1|false|8.5783|53.5368|202.1|511|39|0|Not available|false|0]
[2024-08-08 23:21:41|1|211599340|0|Under way using engine|nan|0|true|8.5803|53.5364|301.8|511|42|0|Not available|true|2273]
[2024-08-08 23:21:41|1|211599340|0|Under way using engine|nan|0|true|8.5803|53.5364|301.8|511|42|0|Not available|true|2273]
[2024-08-08 23:21:42|1|211555420|3|Restricted manoeuverability|undefined|0|true|8.5777|53.5183|84.5|339|42|0|Not available|false|34337]
[2024-08-08 23:21:42|1|211555420|3|Restricted manoeuverability|undefined|0|true|8.5777|53.5183|84.5|339|42|0|Not available|false|34337]
[2024-08-08 23:21:42|1|211536810|0|Under way using engine|undefined|0|true|8.5779|53.5366|51.9|231|42|0|Not available|false|99878]
[2024-08-08 23:21:42|1|211536810|0|Under way using engine|undefined|0|true|8.5779|53.5366|51.9|231|42|0|Not available|false|99878]
[2024-08-08 23:21:45|1|211540110|0|Under way using engine|undefined|0|false|8.5775|53.5364|322.6|234|46|0|Not available|false|49266]
[2024-08-08 23:21:45|1|211540110|0|Under way using engine|undefined|0|false|8.5775|53.5364|322.6|234|46|0|Not available|false|49266]
[2024-08-08 23:21:45|1|211233660|15|Not defined|undefined|0|false|8.5777|53.5366|235.9|228|44|0|Not available|false|82014]
[2024-08-08 23:21:45|1|211233660|15|Not defined|undefined|0|false|8.5777|53.5366|235.9|228|44|0|Not available|false|82014]
[2024-08-08 23:21:47|1|211228220|0|Under way using engine|undefined|0|true|8.578|53.525|272.9|344|48|0|Not available|false|49289]
[2024-08-08 23:21:47|1|211228220|0|Under way using engine|undefined|0|true|8.578|53.525|272.9|344|48|0|Not available|false|49289]
[2024-08-08 23:21:49|1|211595610|0|Under way using engine|nan|0|false|8.5804|53.5365|284.8|511|49|0|Not available|true|49330]
[2024-08-08 23:21:49|1|211595610|0|Under way using engine|nan|0|false|8.5804|53.5365|284.8|511|49|0|Not available|true|49330]
[2024-08-08 23:21:50|1|211523490|0|Under way using engine|nan|0|true|8.5759|53.5172|360|511|49|0|Not available|true|49339]
[2024-08-08 23:21:50|1|211523490|0|Under way using engine|nan|0|true|8.5759|53.5172|360|511|49|0|Not available|true|49339]
[2024-08-08 23:21:51|1|211599340|0|Under way using engine|nan|0|true|8.5803|53.5364|302.4|511|51|0|Not available|true|100215]
[2024-08-08 23:21:51|1|211599340|0|Under way using engine|nan|0|true|8.5803|53.5364|302.4|511|51|0|Not available|true|100215]
[2024-08-08 23:21:53|1|218709000|0|Under way using engine|undefined|0|true|8.5828|53.5382|143.6|54|49|0|Not available|false|27220]
[2024-08-08 23:21:53|1|218709000|0|Under way using engine|undefined|0|true|8.5828|53.5382|143.6|54|49|0|Not available|false|27220]
[2024-08-08 23:21:54|1|211253400|15|Not defined|nan|0|false|8.5731|53.5454|0|511|51|0|Not available|false|82018]
[2024-08-08 23:21:54|1|211253400|15|Not defined|nan|0|false|8.5731|53.5454|0|511|51|0|Not available|false|82018]
[2024-08-08 23:21:56|1|211540110|0|Under way using engine|undefined|0|false|8.5775|53.5364|220.2|234|56|0|Not available|false|27220]
[2024-08-08 23:21:56|1|211540110|0|Under way using engine|undefined|0|false|8.5775|53.5364|220.2|234|56|0|Not available|false|27220]
[2024-08-08 23:21:58|1|211595610|0|Under way using engine|nan|0|false|8.5803|53.5365|281.9|511|58|0|Not available|true|2284]
[2024-08-08 23:21:58|1|211595610|0|Under way using engine|nan|0|false|8.5803|53.5365|281.9|511|58|0|Not available|true|2284]
[2024-08-08 23:21:58|3|218042130|5|Moored|undefined|0|true|8.5837|53.5085|347.9|260|55|0|Not available|false|85978]
[2024-08-08 23:21:58|3|218042130|5|Moored|undefined|0|true|8.5837|53.5085|347.9|260|55|0|Not available|false|85978]
[2024-08-08 23:22:02|1|211599340|0|Under way using engine|nan|0|true|8.5803|53.5364|300.1|511|2|0|Not available|true|32848]
[2024-08-08 23:22:02|1|211599340|0|Under way using engine|nan|0|true|8.5803|53.5364|300.1|511|2|0|Not available|true|32848]
[2024-08-08 23:22:02|1|211536810|0|Under way using engine|undefined|0|true|8.578|53.5366|51.9|231|3|0|Not available|false|98391]
[2024-08-08 23:22:02|1|211536810|0|Under way using engine|undefined|0|true|8.578|53.5366|51.9|231|3|0|Not available|false|98391]
[2024-08-08 23:22:04|1|218709000|0|Under way using engine|undefined|0|true|8.5828|53.5382|323.7|54|1|0|Not available|false|49257]
[2024-08-08 23:22:04|1|218709000|0|Under way using engine|undefined|0|true|8.5828|53.5382|323.7|54|1|0|Not available|false|49257]
[2024-08-08 23:22:05|1|211253400|15|Not defined|nan|0|false|8.5731|53.5454|0|511|2|0|Not available|false|82018]
[2024-08-08 23:22:05|1|211253400|15|Not defined|nan|0|false|8.5731|53.5454|0|511|2|0|Not available|false|82018]
[2024-08-08 23:22:05|1|211233660|15|Not defined|undefined|0|false|8.5777|53.5366|235.9|228|4|0|Not available|false|27224]
[2024-08-08 23:22:05|1|211233660|15|Not defined|undefined|0|false|8.5777|53.5366|235.9|228|4|0|Not available|false|27224]
[2024-08-08 23:22:07|1|211290740|0|Under way using engine|undefined|0|false|8.5674|53.5458|0|329|7|0|Not available|false|82094]
[2024-08-08 23:22:07|1|211290740|0|Under way using engine|undefined|0|false|8.5674|53.5458|0|329|7|0|Not available|false|82094]
[2024-08-08 23:22:09|1|211595610|0|Under way using engine|nan|0|false|8.5803|53.5365|278.7|511|9|0|Not available|true|33109]
[2024-08-08 23:22:09|1|211595610|0|Under way using engine|nan|0|false|8.5803|53.5365|278.7|511|9|0|Not available|true|33109]
[2024-08-08 23:22:12|1|211536810|0|Under way using engine|undefined|0|true|8.578|53.5366|51.9|231|12|0|Not available|false|114803]
[2024-08-08 23:22:12|1|211536810|0|Under way using engine|undefined|0|true|8.578|53.5366|51.9|231|12|0|Not available|false|114803]
[2024-08-08 23:22:12|1|211599340|0|Under way using engine|nan|0|true|8.5803|53.5364|301.7|511|13|0|Not available|true|49325]
[2024-08-08 23:22:12|1|211599340|0|Under way using engine|nan|0|true|8.5803|53.5364|301.7|511|13|0|Not available|true|49325]
[2024-08-08 23:22:14|5|211630370|7725453|DHVE2|LEV TORNADO|99|Other Type - no additional information|24|24|5|4|1|01-15T09:00Z|undefined|1|15|9|0|3.5|BREMERHAVEN|0]
[2024-08-08 23:22:14|5|211630370|7725453|DHVE2|LEV TORNADO|99|Other Type - no additional information|24|24|5|4|1|01-15T09:00Z|undefined|1|15|9|0|3.5|BREMERHAVEN|0]
[2024-08-08 23:22:17|1|218057450|0|Under way using engine|undefined|0|true|8.5605|53.5534|35|82|15|0|Not available|false|33402]
[2024-08-08 23:22:17|1|218057450|0|Under way using engine|undefined|0|true|8.5605|53.5534|35|82|15|0|Not available|false|33402]
[2024-08-08 23:22:17|1|211595610|0|Under way using engine|nan|0|true|8.5803|53.5365|277.7|511|18|0|Not available|true|114866]
[2024-08-08 23:22:17|1|211595610|0|Under way using engine|nan|0|true|8.5803|53.5365|277.7|511|18|0|Not available|true|114866]
[2024-08-08 23:22:21|1|211599340|0|Under way using engine|nan|0|true|8.5803|53.5364|302.5|511|21|0|Not available|true|99097]
[2024-08-08 23:22:21|1|211599340|0|Under way using engine|nan|0|true|8.5803|53.5364|302.5|511|21|0|Not available|true|99097]
[2024-08-08 23:22:23|1|218709000|0|Under way using engine|undefined|0|true|8.5828|53.5382|143.7|54|20|0|Not available|false|27224]
[2024-08-08 23:22:23|1|218709000|0|Under way using engine|undefined|0|true|8.5828|53.5382|143.7|54|20|0|Not available|false|27224]
[2024-08-08 23:22:25|1|211540110|0|Under way using engine|undefined|0|false|8.5775|53.5364|326.9|234|25|0|Not available|false|2271]
[2024-08-08 23:22:25|1|211540110|0|Under way using engine|undefined|0|false|8.5775|53.5364|326.9|234|25|0|Not available|false|2271]
[2024-08-08 23:22:28|1|245586000|0|Under way using engine|undefined|0|true|8.5665|53.5468|66|334|26|0|Not available|false|66607]
[2024-08-08 23:22:28|1|245586000|0|Under way using engine|undefined|0|true|8.5665|53.5468|66|334|26|0|Not available|false|66607]
[2024-08-08 23:22:31|3|211225940|5|Moored|undefined|0|false|8.5799|53.537|203.2|237|30|0|Not available|false|84810]
[2024-08-08 23:22:31|3|211225940|5|Moored|undefined|0|false|8.5799|53.537|203.2|237|30|0|Not available|false|84810]
[2024-08-08 23:22:31|1|211599340|0|Under way using engine|nan|0|true|8.5802|53.5364|303.1|511|32|0|Not available|true|82093]
[2024-08-08 23:22:31|1|211599340|0|Under way using engine|nan|0|true|8.5802|53.5364|303.1|511|32|0|Not available|true|82093]
[2024-08-08 23:22:33|1|218709000|0|Under way using engine|undefined|0|true|8.5828|53.5382|143.7|54|29|0|Not available|false|49258]
[2024-08-08 23:22:33|1|218709000|0|Under way using engine|undefined|0|true|8.5828|53.5382|143.7|54|29|0|Not available|false|49258]
[2024-08-08 23:22:33|1|211536810|0|Under way using engine|undefined|0|true|8.578|53.5366|51.9|231|34|0|Not available|false|34027]
[2024-08-08 23:22:33|1|211536810|0|Under way using engine|undefined|0|true|8.578|53.5366|51.9|231|34|0|Not available|false|34027]
[2024-08-08 23:22:34|24|211598800|A|A|LIST - SUNRISE]
[2024-08-08 23:22:34|24|211598800|A|A|LIST - SUNRISE]
[2024-08-08 23:22:35|1|211540110|0|Under way using engine|undefined|0|false|8.5775|53.5364|261|234|35|0|Not available|false|34088]
[2024-08-08 23:22:35|1|211540110|0|Under way using engine|undefined|0|false|8.5775|53.5364|261|234|35|0|Not available|false|34088]
[2024-08-08 23:22:42|1|211599340|0|Under way using engine|nan|0|true|8.5802|53.5364|302.1|511|43|0|Not available|true|49325]
[2024-08-08 23:22:42|1|211599340|0|Under way using engine|nan|0|true|8.5802|53.5364|302.1|511|43|0|Not available|true|49325]
[2024-08-08 23:22:45|1|211253400|15|Not defined|nan|0|false|8.5731|53.5454|0|511|41|0|Not available|false|49250]
[2024-08-08 23:22:45|1|211253400|15|Not defined|nan|0|false|8.5731|53.5454|0|511|41|0|Not available|false|49250]
[2024-08-08 23:22:45|1|211233660|15|Not defined|undefined|0|false|8.5778|53.5366|235.9|228|44|0|Not available|false|67246]
[2024-08-08 23:22:45|1|211233660|15|Not defined|undefined|0|false|8.5778|53.5366|235.9|228|44|0|Not available|false|67246]
[2024-08-08 23:22:46|3|211386490|5|Moored|undefined|0|false|8.5819|53.5377|42|237|46|0|Not available|false|85082]
[2024-08-08 23:22:46|3|211386490|5|Moored|undefined|0|false|8.5819|53.5377|42|237|46|0|Not available|false|85082]
[2024-08-08 23:22:47|1|211228220|0|Under way using engine|undefined|0|true|8.5781|53.525|272.9|344|48|0|Not available|false|34539]
[2024-08-08 23:22:47|1|211228220|0|Under way using engine|undefined|0|true|8.5781|53.525|272.9|344|48|0|Not available|false|34539]
[2024-08-08 23:22:49|1|211595610|0|Under way using engine|nan|0|true|8.5803|53.5365|273.4|511|49|0|Not available|true|34608]
[2024-08-08 23:22:49|1|211595610|0|Under way using engine|nan|0|true|8.5803|53.5365|273.4|511|49|0|Not available|true|34608]
[2024-08-08 23:22:51|1|211599340|0|Under way using engine|nan|0|true|8.5802|53.5364|302.9|511|51|0|Not available|true|82093]
[2024-08-08 23:22:51|1|211599340|0|Under way using engine|nan|0|true|8.5802|53.5364|302.9|511|51|0|Not available|true|82093]
[2024-08-08 23:22:52|3|210525000|5|Moored|undefined|0|false|8.576|53.5231|278.5|182|51|0|Not available|false|0]
[2024-08-08 23:22:52|3|210525000|5|Moored|undefined|0|false|8.576|53.5231|278.5|182|51|0|Not available|false|0]
[2024-08-08 23:22:53|18|211816240|0|true|8.5827|53.5339|360|511|52|true|303701]
[2024-08-08 23:22:53|18|211816240|0|true|8.5827|53.5339|360|511|52|true|303701]
[2024-08-08 23:22:53|1|218709000|0|Under way using engine|undefined|0|true|8.5828|53.5382|143.7|54|50|0|Not available|false|2265]
[2024-08-08 23:22:53|1|218709000|0|Under way using engine|undefined|0|true|8.5828|53.5382|143.7|54|50|0|Not available|false|2265]
[2024-08-08 23:22:56|1|211290740|0|Under way using engine|undefined|0|false|8.5674|53.5458|0|329|56|0|Not available|false|114862]
[2024-08-08 23:22:56|1|211290740|0|Under way using engine|undefined|0|false|8.5674|53.5458|0|329|56|0|Not available|false|114862]
[2024-08-08 23:23:01|1|211555420|3|Restricted manoeuverability|undefined|0|true|8.5777|53.5183|84.5|339|2|0|Not available|false|65587]
[2024-08-08 23:23:01|1|211555420|3|Restricted manoeuverability|undefined|0|true|8.5777|53.5183|84.5|339|2|0|Not available|false|65587]
[2024-08-08 23:23:05|1|211233660|15|Not defined|undefined|0|false|8.5778|53.5366|235.9|228|4|0|Not available|false|2290]
[2024-08-08 23:23:05|1|211233660|15|Not defined|undefined|0|false|8.5778|53.5366|235.9|228|4|0|Not available|false|2290]
[2024-08-08 23:23:07|1|211290740|0|Under way using engine|undefined|0|false|8.5674|53.5459|0|329|7|0|Not available|false|65792]
[2024-08-08 23:23:07|1|211290740|0|Under way using engine|undefined|0|false|8.5674|53.5459|0|329|7|0|Not available|false|65792]
[2024-08-08 23:23:08|1|211228220|0|Under way using engine|undefined|0|true|8.5781|53.525|272.9|344|9|0|Not available|false|33089]
[2024-08-08 23:23:08|1|211228220|0|Under way using engine|undefined|0|true|8.5781|53.525|272.9|344|9|0|Not available|false|33089]
[2024-08-08 23:23:09|1|211595610|0|Under way using engine|nan|0|true|8.5803|53.5364|277|511|9|0|Not available|true|27228]
[2024-08-08 23:23:09|1|211595610|0|Under way using engine|nan|0|true|8.5803|53.5364|277|511|9|0|Not available|true|27228]
[2024-08-08 23:23:12|1|211536810|0|Under way using engine|undefined|0|true|8.5779|53.5366|51.9|231|12|0|Not available|false|98756]
[2024-08-08 23:23:12|1|211536810|0|Under way using engine|undefined|0|true|8.5779|53.5366|51.9|231|12|0|Not available|false|98756]
[2024-08-08 23:23:12|1|211599340|0|Under way using engine|nan|0|true|8.5803|53.5364|304.4|511|13|0|Not available|true|33230]
[2024-08-08 23:23:12|1|211599340|0|Under way using engine|nan|0|true|8.5803|53.5364|304.4|511|13|0|Not available|true|33230]
[2024-08-08 23:23:14|1|218709000|0|Under way using engine|undefined|0|true|8.5828|53.5382|7|54|11|0|Not available|false|66064]
[2024-08-08 23:23:14|1|218709000|0|Under way using engine|undefined|0|true|8.5828|53.5382|7|54|11|0|Not available|false|66064]
[2024-08-08 23:23:16|1|211290740|0|Under way using engine|undefined|0|false|8.5674|53.5459|0|329|16|0|Not available|false|27228]
[2024-08-08 23:23:16|1|211290740|0|Under way using engine|undefined|0|false|8.5674|53.5459|0|329|16|0|Not available|false|27228]
[2024-08-08 23:23:17|1|211228220|0|Under way using engine|undefined|0|true|8.5781|53.525|272.9|344|17|0|Not available|false|66180]
[2024-08-08 23:23:17|1|211228220|0|Under way using engine|undefined|0|true|8.5781|53.525|272.9|344|17|0|Not available|false|66180]
[2024-08-08 23:23:18|3|211630370|5|Moored|undefined|0|false|8.5742|53.5231|248.5|180|18|0|Not available|false|85898]
[2024-08-08 23:23:18|3|211630370|5|Moored|undefined|0|false|8.5742|53.5231|248.5|180|18|0|Not available|false|85898]
[2024-08-08 23:23:21|1|211599340|0|Under way using engine|nan|0|true|8.5803|53.5363|305.5|511|21|0|Not available|true|82093]
[2024-08-08 23:23:21|1|211599340|0|Under way using engine|nan|0|true|8.5803|53.5363|305.5|511|21|0|Not available|true|82093]
[2024-08-08 23:23:21|3|305955000|5|Moored|undefined|0|false|8.5831|53.504|0|178|20|0|Not available|false|84794]
[2024-08-08 23:23:21|3|305955000|5|Moored|undefined|0|false|8.5831|53.504|0|178|20|0|Not available|false|84794]
[2024-08-08 23:23:23|1|218709000|0|Under way using engine|undefined|0|true|8.5828|53.5382|323.8|54|20|0|Not available|false|2287]
[2024-08-08 23:23:23|1|218709000|0|Under way using engine|undefined|0|true|8.5828|53.5382|323.8|54|20|0|Not available|false|2287]
[2024-08-08 23:23:26|3|211225920|5|Moored|undefined|0|true|8.5814|53.5375|338.6|234|25|0|Not available|false|0]
[2024-08-08 23:23:26|3|211225920|5|Moored|undefined|0|true|8.5814|53.5375|338.6|234|25|0|Not available|false|0]
[2024-08-08 23:23:28|1|211228220|0|Under way using engine|undefined|0|true|8.578|53.525|272.9|344|28|0|Not available|false|82056]
[2024-08-08 23:23:28|1|211228220|0|Under way using engine|undefined|0|true|8.578|53.525|272.9|344|28|0|Not available|false|82056]
[2024-08-08 23:23:28|1|245586000|0|Under way using engine|undefined|0|true|8.5665|53.5468|66|334|26|0|Not available|false|49376]
[2024-08-08 23:23:28|1|245586000|0|Under way using engine|undefined|0|true|8.5665|53.5468|66|334|26|0|Not available|false|49376]
[2024-08-08 23:23:31|1|211599340|0|Under way using engine|nan|0|true|8.5803|53.5363|305.5|511|32|0|Not available|true|66720]
[2024-08-08 23:23:31|1|211599340|0|Under way using engine|nan|0|true|8.5803|53.5363|305.5|511|32|0|Not available|true|66720]
[2024-08-08 23:23:32|1|211555420|3|Restricted manoeuverability|undefined|0|true|8.5777|53.5183|84.5|339|33|0|Not available|false|99519]
[2024-08-08 23:23:32|1|211555420|3|Restricted manoeuverability|undefined|0|true|8.5777|53.5183|84.5|339|33|0|Not available|false|99519]
[2024-08-08 23:23:34|1|211253400|15|Not defined|nan|0|false|8.5731|53.5454|0|511|30|0|Not available|false|49251]
[2024-08-08 23:23:34|1|211253400|15|Not defined|nan|0|false|8.5731|53.5454|0|511|30|0|Not available|false|49251]
[2024-08-08 23:23:35|1|211540110|0|Under way using engine|undefined|0|false|8.5774|53.5365|298.1|234|35|0|Not available|false|27228]
[2024-08-08 23:23:35|1|211540110|0|Under way using engine|undefined|0|false|8.5774|53.5365|298.1|234|35|0|Not available|false|27228]
[2024-08-08 23:23:35|1|211233660|15|Not defined|undefined|0|false|8.5778|53.5366|235.9|228|34|0|Not available|false|66870]
[2024-08-08 23:23:35|1|211233660|15|Not defined|undefined|0|false|8.5778|53.5366|235.9|228|34|0|Not available|false|66870]
[2024-08-08 23:23:39|1|211595610|0|Under way using engine|nan|0|false|8.5803|53.5365|280.4|511|39|0|Not available|true|49330]
[2024-08-08 23:23:39|1|211595610|0|Under way using engine|nan|0|false|8.5803|53.5365|280.4|511|39|0|Not available|true|49330]
[2024-08-08 23:23:42|5|211658290|0|DBFF|ALBATROS|52|Tug|3|13|4|2|1|10-30T14:00Z|undefined|10|30|14|0|2|BREMERHAVEN|0]
[2024-08-08 23:23:42|5|211658290|0|DBFF|ALBATROS|52|Tug|3|13|4|2|1|10-30T14:00Z|undefined|10|30|14|0|2|BREMERHAVEN|0]
[2024-08-08 23:23:43|1|218709000|0|Under way using engine|undefined|0|true|8.5828|53.5382|143.8|54|39|0|Not available|false|34377]
[2024-08-08 23:23:43|1|218709000|0|Under way using engine|undefined|0|true|8.5828|53.5382|143.8|54|39|0|Not available|false|34377]
[2024-08-08 23:23:45|1|211233660|15|Not defined|undefined|0|false|8.5778|53.5366|235.9|228|44|0|Not available|false|49247]
[2024-08-08 23:23:45|1|211233660|15|Not defined|undefined|0|false|8.5778|53.5366|235.9|228|44|0|Not available|false|49247]
[2024-08-08 23:23:47|1|211228220|0|Under way using engine|undefined|0|true|8.5781|53.525|272.9|344|48|0|Not available|false|27228]
[2024-08-08 23:23:47|1|211228220|0|Under way using engine|undefined|0|true|8.5781|53.525|272.9|344|48|0|Not available|false|27228]
[2024-08-08 23:23:48|5|211595610|0|DC4782|BREMERHAVEN|60|Passenger - all ships of this type|30|30|7|7|0|12-31T23:20Z|undefined|12|31|23|20|2.7|BREMERHAFEN-BLEXEN|0]
[2024-08-08 23:23:48|5|211595610|0|DC4782|BREMERHAVEN|60|Passenger - all ships of this type|30|30|7|7|0|12-31T23:20Z|undefined|12|31|23|20|2.7|BREMERHAFEN-BLEXEN|0]
[2024-08-08 23:23:49|1|211595610|0|Under way using engine|nan|0|false|8.5803|53.5365|280.3|511|49|0|Not available|true|27228]
[2024-08-08 23:23:49|1|211595610|0|Under way using engine|nan|0|false|8.5803|53.5365|280.3|511|49|0|Not available|true|27228]
[2024-08-08 23:23:51|1|211599340|0|Under way using engine|nan|0|true|8.5803|53.5364|307.8|511|51|0|Not available|true|67447]
[2024-08-08 23:23:51|1|211599340|0|Under way using engine|nan|0|true|8.5803|53.5364|307.8|511|51|0|Not available|true|67447]
[2024-08-08 23:23:51|5|255801580|9190157|CQQG|AUTOPRESTIGE|79|Cargo - No additional information|100|28|13|5|3|08-12T07:30Z|undefined|8|12|7|30|5|OSLO-BEKKELAGET|0]
[2024-08-08 23:23:51|5|255801580|9190157|CQQG|AUTOPRESTIGE|79|Cargo - No additional information|100|28|13|5|3|08-12T07:30Z|undefined|8|12|7|30|5|OSLO-BEKKELAGET|0]
[2024-08-08 23:23:53|1|218709000|0|Under way using engine|undefined|0|true|8.5828|53.5382|323.8|54|50|0|Not available|false|49257]
[2024-08-08 23:23:53|1|218709000|0|Under way using engine|undefined|0|true|8.5828|53.5382|323.8|54|50|0|Not available|false|49257]
[2024-08-08 23:23:54|3|255801580|5|Moored|undefined|0|true|8.5671|53.5655|289.7|195|53|0|Not available|false|88794]
[2024-08-08 23:23:54|3|255801580|5|Moored|undefined|0|true|8.5671|53.5655|289.7|195|53|0|Not available|false|88794]
[2024-08-08 23:23:56|1|211233660|15|Not defined|undefined|0|false|8.5778|53.5366|235.9|228|55|0|Not available|false|2240]
[2024-08-08 23:23:56|1|211233660|15|Not defined|undefined|0|false|8.5778|53.5366|235.9|228|55|0|Not available|false|2240]
[2024-08-08 23:23:59|1|211595610|0|Under way using engine|nan|0|false|8.5803|53.5365|281.5|511|59|0|Not available|true|100520]
[2024-08-08 23:23:59|1|211595610|0|Under way using engine|nan|0|false|8.5803|53.5365|281.5|511|59|0|Not available|true|100520]
[2024-08-08 23:23:59|1|244305000|0|Under way using engine|undefined|0|true|8.5618|53.5523|316|143|56|0|Not available|false|27228]
[2024-08-08 23:23:59|1|244305000|0|Under way using engine|undefined|0|true|8.5618|53.5523|316|143|56|0|Not available|false|27228]
[2024-08-08 23:24:02|1|211599340|0|Under way using engine|nan|0|true|8.5804|53.5364|309.6|511|2|0|Not available|true|2204]
[2024-08-08 23:24:02|1|211599340|0|Under way using engine|nan|0|true|8.5804|53.5364|309.6|511|2|0|Not available|true|2204]
[2024-08-08 23:24:02|1|211536810|0|Under way using engine|undefined|0|true|8.578|53.5366|51.9|231|3|0|Not available|false|65623]
[2024-08-08 23:24:02|1|211536810|0|Under way using engine|undefined|0|true|8.578|53.5366|51.9|231|3|0|Not available|false|65623]
[2024-08-08 23:24:04|1|218709000|0|Under way using engine|undefined|0|true|8.5828|53.5382|323.8|54|0|0|Not available|false|27232]
[2024-08-08 23:24:04|1|218709000|0|Under way using engine|undefined|0|true|8.5828|53.5382|323.8|54|0|0|Not available|false|27232]
[2024-08-08 23:24:05|1|211253400|15|Not defined|nan|0|false|8.5731|53.5454|0|511|1|0|Not available|false|49247]
[2024-08-08 23:24:05|1|211253400|15|Not defined|nan|0|false|8.5731|53.5454|0|511|1|0|Not available|false|49247]
[2024-08-08 23:24:06|1|211233660|15|Not defined|undefined|0|false|8.5778|53.5366|235.9|228|5|0|Not available|false|114789]
[2024-08-08 23:24:06|1|211233660|15|Not defined|undefined|0|false|8.5778|53.5366|235.9|228|5|0|Not available|false|114789]
[2024-08-08 23:24:07|18|211598800|0|false|8.5699|53.5474|360|511|7|false|458755]
[2024-08-08 23:24:07|18|211598800|0|false|8.5699|53.5474|360|511|7|false|458755]
[2024-08-08 23:24:08|1|211228220|0|Under way using engine|undefined|0|true|8.578|53.525|272.9|344|9|0|Not available|false|27232]
[2024-08-08 23:24:08|1|211228220|0|Under way using engine|undefined|0|true|8.578|53.525|272.9|344|9|0|Not available|false|27232]
[2024-08-08 23:24:09|1|245586000|0|Under way using engine|undefined|0|true|8.5665|53.5468|66|334|6|0|Not available|false|98643]
[2024-08-08 23:24:09|1|245586000|0|Under way using engine|undefined|0|true|8.5665|53.5468|66|334|6|0|Not available|false|98643]
[2024-08-08 23:24:09|1|211595610|0|Under way using engine|nan|0|true|8.5803|53.5365|284.4|511|9|0|Not available|true|2247]
[2024-08-08 23:24:09|1|211595610|0|Under way using engine|nan|0|true|8.5803|53.5365|284.4|511|9|0|Not available|true|2247]
[2024-08-08 23:24:12|1|211599340|0|Under way using engine|nan|0|true|8.5804|53.5364|311.3|511|13|0|Not available|true|27232]
[2024-08-08 23:24:12|1|211599340|0|Under way using engine|nan|0|true|8.5804|53.5364|311.3|511|13|0|Not available|true|27232]
[2024-08-08 23:24:15|1|211540110|0|Under way using engine|undefined|0|false|8.5774|53.5365|328.7|233|16|0|Not available|false|82033]
[2024-08-08 23:24:15|1|211540110|0|Under way using engine|undefined|0|false|8.5774|53.5365|328.7|233|16|0|Not available|false|82033]
[2024-08-08 23:24:17|1|211595610|0|Under way using engine|nan|0|true|8.5803|53.5365|285.9|511|18|0|Not available|true|82098]
[2024-08-08 23:24:17|1|211595610|0|Under way using engine|nan|0|true|8.5803|53.5365|285.9|511|18|0|Not available|true|82098]
[2024-08-08 23:24:23|1|211536810|0|Under way using engine|undefined|0|true|8.578|53.5366|51.9|231|24|0|Not available|false|2211]
[2024-08-08 23:24:23|1|211536810|0|Under way using engine|undefined|0|true|8.578|53.5366|51.9|231|24|0|Not available|false|2211]
[2024-08-08 23:24:24|3|211634880|5|Moored|nan|0|false|8.5721|53.545|48.9|511|25|0|Not available|false|84938]
[2024-08-08 23:24:24|3|211634880|5|Moored|nan|0|false|8.5721|53.545|48.9|511|25|0|Not available|false|84938]
[2024-08-08 23:24:27|1|211595610|0|Under way using engine|nan|0|false|8.5802|53.5365|286.5|511|28|0|Not available|true|82098]
[2024-08-08 23:24:27|1|211595610|0|Under way using engine|nan|0|false|8.5802|53.5365|286.5|511|28|0|Not available|true|82098]
[2024-08-08 23:24:27|3|219029866|0|Under way using engine|fastright|7.8|false|8.5381|53.5741|329.5|329|26|0|Not available|false|1376]
[2024-08-08 23:24:27|3|219029866|0|Under way using engine|fastright|7.8|false|8.5381|53.5741|329.5|329|26|0|Not available|false|1376]
[2024-08-08 23:24:28|1|245586000|0|Under way using engine|undefined|0|true|8.5665|53.5468|66|335|26|0|Not available|false|33839]
[2024-08-08 23:24:28|1|245586000|0|Under way using engine|undefined|0|true|8.5665|53.5468|66|335|26|0|Not available|false|33839]
[2024-08-08 23:24:30|3|219029866|0|Under way using engine|fastright|7.7|false|8.5381|53.5742|330|330|29|0|Not available|false|3536]
[2024-08-08 23:24:30|3|219029866|0|Under way using engine|fastright|7.7|false|8.5381|53.5742|330|330|29|0|Not available|false|3536]
[2024-08-08 23:24:30|5|211235180|0|DBAC|HERMANN RUDOLF MEYER|51|Search and Rescue vessel|11|12|3|3|1|01-01T00:00Z|undefined|1|1|0|0|1.6||0]
[2024-08-08 23:24:30|5|211235180|0|DBAC|HERMANN RUDOLF MEYER|51|Search and Rescue vessel|11|12|3|3|1|01-01T00:00Z|undefined|1|1|0|0|1.6||0]
[2024-08-08 23:24:31|1|211599340|0|Under way using engine|nan|0|false|8.5804|53.5364|311.5|511|32|0|Not available|true|49325]
[2024-08-08 23:24:31|1|211599340|0|Under way using engine|nan|0|false|8.5804|53.5364|311.5|511|32|0|Not available|true|49325]
[2024-08-08 23:24:33|1|218709000|0|Under way using engine|undefined|0|true|8.5828|53.5382|323.8|54|30|0|Not available|false|27232]
[2024-08-08 23:24:33|1|218709000|0|Under way using engine|undefined|0|true|8.5828|53.5382|323.8|54|30|0|Not available|false|27232]
[2024-08-08 23:24:33|1|219029866|0|Under way using engine|fastright|7.6|false|8.538|53.5743|330.8|331|32|0|Not available|false|27232]
[2024-08-08 23:24:33|1|219029866|0|Under way using engine|fastright|7.6|false|8.538|53.5743|330.8|331|32|0|Not available|false|27232]
[2024-08-08 23:24:33|1|211536810|0|Under way using engine|undefined|0|true|8.578|53.5366|51.9|231|34|0|Not available|false|2203]
[2024-08-08 23:24:33|1|211536810|0|Under way using engine|undefined|0|true|8.578|53.5366|51.9|231|34|0|Not available|false|2203]
[2024-08-08 23:24:35|1|211233660|15|Not defined|undefined|0|false|8.5779|53.5366|235.9|228|34|0|Not available|false|49240]
[2024-08-08 23:24:35|1|211233660|15|Not defined|undefined|0|false|8.5779|53.5366|235.9|228|34|0|Not available|false|49240]
[2024-08-08 23:24:36|3|253743000|1|At anchor|undefined|0|true|8.5548|53.518|174.7|246|35|0|Not available|true|84602]
[2024-08-08 23:24:36|3|253743000|1|At anchor|undefined|0|true|8.5548|53.518|174.7|246|35|0|Not available|true|84602]
[2024-08-08 23:24:36|5|211411980|9313187|DBHX|ZENIT|90|Other Type - all ships of this type|18|12|2|4|1|08-08T14:00Z|undefined|8|8|14|0|2.1|SURVEY OPS WESER|0]
[2024-08-08 23:24:36|5|211411980|9313187|DBHX|ZENIT|90|Other Type - all ships of this type|18|12|2|4|1|08-08T14:00Z|undefined|8|8|14|0|2.1|SURVEY OPS WESER|0]
[2024-08-08 23:24:41|3|211235180|5|Moored|nan|0.1|false|8.5781|53.5368|202.8|511|40|0|Not available|false|0]
[2024-08-08 23:24:41|3|211235180|5|Moored|nan|0.1|false|8.5781|53.5368|202.8|511|40|0|Not available|false|0]
[2024-08-08 23:24:42|1|211555420|3|Restricted manoeuverability|undefined|0|true|8.5777|53.5183|84.5|339|42|0|Not available|false|49316]
[2024-08-08 23:24:42|1|211555420|3|Restricted manoeuverability|undefined|0|true|8.5777|53.5183|84.5|339|42|0|Not available|false|49316]
[2024-08-08 23:24:42|1|211599340|0|Under way using engine|nan|0|false|8.5804|53.5364|310.5|511|43|0|Not available|true|27232]
[2024-08-08 23:24:42|1|211599340|0|Under way using engine|nan|0|false|8.5804|53.5364|310.5|511|43|0|Not available|true|27232]
[2024-08-08 23:24:45|1|211290740|0|Under way using engine|undefined|0|false|8.5674|53.5458|0|329|45|0|Not available|false|67225]
[2024-08-08 23:24:45|1|211290740|0|Under way using engine|undefined|0|false|8.5674|53.5458|0|329|45|0|Not available|false|67225]
[2024-08-08 23:24:45|1|211253400|15|Not defined|nan|0|false|8.5731|53.5454|0|511|42|0|Not available|false|27232]
[2024-08-08 23:24:45|1|211253400|15|Not defined|nan|0|false|8.5731|53.5454|0|511|42|0|Not available|false|27232]
[2024-08-08 23:24:47|1|211228220|0|Under way using engine|undefined|0|true|8.578|53.525|272.9|344|48|0|Not available|false|2277]
[2024-08-08 23:24:47|1|211228220|0|Under way using engine|undefined|0|true|8.578|53.525|272.9|344|48|0|Not available|false|2277]
[2024-08-08 23:24:49|1|245586000|0|Under way using engine|undefined|0|true|8.5665|53.5468|66|334|47|0|Not available|false|34615]
[2024-08-08 23:24:49|1|245586000|0|Under way using engine|undefined|0|true|8.5665|53.5468|66|334|47|0|Not available|false|34615]
[2024-08-08 23:24:59|3|219029833|5|Moored|undefined|0|true|8.5601|53.5529|341.1|1|58|0|Not available|false|85690]
[2024-08-08 23:24:59|3|219029833|5|Moored|undefined|0|true|8.5601|53.5529|341.1|1|58|0|Not available|false|85690]
[2024-08-08 23:24:59|1|211595610|0|Under way using engine|nan|0|true|8.5801|53.5364|286.4|511|59|0|Not available|true|82098]
[2024-08-08 23:24:59|1|211595610|0|Under way using engine|nan|0|true|8.5801|53.5364|286.4|511|59|0|Not available|true|82098]
[2024-08-08 23:25:01|1|211599340|0|Under way using engine|nan|0|false|8.5804|53.5364|311.2|511|1|0|Not available|true|49325]
[2024-08-08 23:25:01|1|211599340|0|Under way using engine|nan|0|false|8.5804|53.5364|311.2|511|1|0|Not available|true|49325]
[2024-08-08 23:25:02|1|211536810|0|Under way using engine|undefined|0|true|8.578|53.5366|51.9|230|3|0|Not available|false|49267]
[2024-08-08 23:25:02|1|211536810|0|Under way using engine|undefined|0|true|8.578|53.5366|51.9|230|3|0|Not available|false|49267]
[2024-08-08 23:25:04|5|218709000|9502233|DBJC|ALTE WESER|55|Law Enforcement|9|24|3|3|1|08-06T15:00Z|undefined|8|6|15|0|1.8|PATROL|0]
[2024-08-08 23:25:04|5|218709000|9502233|DBJC|ALTE WESER|55|Law Enforcement|9|24|3|3|1|08-06T15:00Z|undefined|8|6|15|0|1.8|PATROL|0]
[2024-08-08 23:25:05|1|211253400|15|Not defined|nan|0|false|8.5731|53.5454|0|511|2|0|Not available|false|32955]
[2024-08-08 23:25:05|1|211253400|15|Not defined|nan|0|false|8.5731|53.5454|0|511|2|0|Not available|false|32955]
[2024-08-08 23:25:05|5|218709000|9502233|DBJC|ALTE WESER|55|Law Enforcement|9|24|3|3|1|08-06T15:00Z|undefined|8|6|15|0|1.8|PATROL|0]
[2024-08-08 23:25:05|5|218709000|9502233|DBJC|ALTE WESER|55|Law Enforcement|9|24|3|3|1|08-06T15:00Z|undefined|8|6|15|0|1.8|PATROL|0]
[2024-08-08 23:25:06|5|253743000|9507362|LXVY|VERTOM ISA|79|Cargo - No additional information|74|14|6|6|1|08-08T15:54Z|undefined|8|8|15|54|3|DEBRE|0]
[2024-08-08 23:25:06|5|253743000|9507362|LXVY|VERTOM ISA|79|Cargo - No additional information|74|14|6|6|1|08-08T15:54Z|undefined|8|8|15|54|3|DEBRE|0]
[2024-08-08 23:25:12|1|211536810|0|Under way using engine|undefined|0|true|8.578|53.5366|51.9|230|12|0|Not available|false|65988]
[2024-08-08 23:25:12|1|211536810|0|Under way using engine|undefined|0|true|8.578|53.5366|51.9|230|12|0|Not available|false|65988]
[2024-08-08 23:25:12|3|211599340|0|Under way using engine|nan|0|false|8.5805|53.5363|313.9|511|13|0|Not available|true|12033]
[2024-08-08 23:25:12|3|211599340|0|Under way using engine|nan|0|false|8.5805|53.5363|313.9|511|13|0|Not available|true|12033]
[2024-08-08 23:25:13|1|211555420|3|Restricted manoeuverability|undefined|0|true|8.5777|53.5183|84.5|339|13|0|Not available|false|49315]
[2024-08-08 23:25:13|1|211555420|3|Restricted manoeuverability|undefined|0|true|8.5777|53.5183|84.5|339|13|0|Not available|false|49315]
[2024-08-08 23:25:13|3|211718100|5|Moored|nan|0|true|8.5765|53.5306|360|511|13|0|Not available|true|107984]
[2024-08-08 23:25:13|3|211718100|5|Moored|nan|0|true|8.5765|53.5306|360|511|13|0|Not available|true|107984]
[2024-08-08 23:25:14|1|218709000|0|Under way using engine|undefined|0|true|8.5828|53.5382|2.5|54|11|0|Not available|false|33296]
[2024-08-08 23:25:14|1|218709000|0|Under way using engine|undefined|0|true|8.5828|53.5382|2.5|54|11|0|Not available|false|33296]
[2024-08-08 23:25:18|1|211595610|0|Under way using engine|nan|0|true|8.5801|53.5364|290.4|511|18|0|Not available|true|66198]
[2024-08-08 23:25:18|1|211595610|0|Under way using engine|nan|0|true|8.5801|53.5364|290.4|511|18|0|Not available|true|66198]
[2024-08-08 23:25:20|5|211225940|9031208|DBMN|TIDE|55|Law Enforcement|8|23|6|1|1|00-00T24:60Z|undefined|0|0|24|60|2.3|BRV|0]
[2024-08-08 23:25:20|5|211225940|9031208|DBMN|TIDE|55|Law Enforcement|8|23|6|1|1|00-00T24:60Z|undefined|0|0|24|60|2.3|BRV|0]
[2024-08-08 23:25:21|1|211599340|0|Under way using engine|nan|0|false|8.5805|53.5363|313.6|511|21|0|Not available|true|49323]
[2024-08-08 23:25:21|1|211599340|0|Under way using engine|nan|0|false|8.5805|53.5363|313.6|511|21|0|Not available|true|49323]
[2024-08-08 23:25:22|24|211300110|B|B|37|Pleasure Craft|DD6026|null|AMC   B|8|133152|6|0|0|3]
[2024-08-08 23:25:22|24|211300110|B|B|37|Pleasure Craft|DD6026|null|AMC   B|8|133152|6|0|0|3]
[2024-08-08 23:25:24|1|211253400|15|Not defined|nan|0|false|8.5731|53.5454|0|511|21|0|Not available|false|99210]
[2024-08-08 23:25:24|1|211253400|15|Not defined|nan|0|false|8.5731|53.5454|0|511|21|0|Not available|false|99210]
[2024-08-08 23:25:25|1|211540110|0|Under way using engine|undefined|0|false|8.5775|53.5365|306.5|233|26|0|Not available|false|66496]
[2024-08-08 23:25:25|1|211540110|0|Under way using engine|undefined|0|false|8.5775|53.5365|306.5|233|26|0|Not available|false|66496]
[2024-08-08 23:25:26|1|211233660|15|Not defined|undefined|0|false|8.5778|53.5366|235.9|228|25|0|Not available|false|82034]
[2024-08-08 23:25:26|1|211233660|15|Not defined|undefined|0|false|8.5778|53.5366|235.9|228|25|0|Not available|false|82034]
[2024-08-08 23:25:28|1|245586000|0|Under way using engine|undefined|0|true|8.5665|53.5468|66|334|26|0|Not available|false|27236]
[2024-08-08 23:25:28|1|245586000|0|Under way using engine|undefined|0|true|8.5665|53.5468|66|334|26|0|Not available|false|27236]
[2024-08-08 23:25:29|1|211523490|0|Under way using engine|nan|0|true|8.576|53.5172|360|511|28|0|Not available|true|2228]
[2024-08-08 23:25:29|1|211523490|0|Under way using engine|nan|0|true|8.576|53.5172|360|511|28|0|Not available|true|2228]
[2024-08-08 23:25:29|5|211599340|0|DC4779|NORDENHAM|60|Passenger - all ships of this type|30|30|7|7|0|01-05T00:00Z|undefined|1|5|0|0|2.5|BREMERHAVEN-NORDENAM|0]
[2024-08-08 23:25:29|5|211599340|0|DC4779|NORDENHAM|60|Passenger - all ships of this type|30|30|7|7|0|01-05T00:00Z|undefined|1|5|0|0|2.5|BREMERHAVEN-NORDENAM|0]
[2024-08-08 23:25:31|3|211225940|5|Moored|undefined|0|false|8.5799|53.537|203.2|237|30|0|Not available|false|84826]
[2024-08-08 23:25:31|3|211225940|5|Moored|undefined|0|false|8.5799|53.537|203.2|237|30|0|Not available|false|84826]
[2024-08-08 23:25:32|5|211706840|0|DA3095|TAUCHER BREMENPORTS|34|Diving ops|12|6|3|3|1|07-26T10:00Z|undefined|7|26|10|0|1.4|BREMERHAVEN|0]
[2024-08-08 23:25:32|5|211706840|0|DA3095|TAUCHER BREMENPORTS|34|Diving ops|12|6|3|3|1|07-26T10:00Z|undefined|7|26|10|0|1.4|BREMERHAVEN|0]
[2024-08-08 23:25:32|1|211536810|0|Under way using engine|undefined|0|true|8.5779|53.5366|51.9|230|33|0|Not available|false|66748]
[2024-08-08 23:25:32|1|211536810|0|Under way using engine|undefined|0|true|8.5779|53.5366|51.9|230|33|0|Not available|false|66748]
[2024-08-08 23:25:36|1|211540110|0|Under way using engine|undefined|0|false|8.5775|53.5365|315.5|233|36|0|Not available|false|114801]
[2024-08-08 23:25:36|1|211540110|0|Under way using engine|undefined|0|false|8.5775|53.5365|315.5|233|36|0|Not available|false|114801]
[2024-08-08 23:25:42|1|211536810|0|Under way using engine|undefined|0|true|8.5779|53.5366|51.9|230|42|0|Not available|false|34342]
[2024-08-08 23:25:42|1|211536810|0|Under way using engine|undefined|0|true|8.5779|53.5366|51.9|230|42|0|Not available|false|34342]
[2024-08-08 23:25:42|1|211599340|0|Under way using engine|nan|0|false|8.5805|53.5363|314|511|43|0|Not available|true|2241]
[2024-08-08 23:25:42|1|211599340|0|Under way using engine|nan|0|false|8.5805|53.5363|314|511|43|0|Not available|true|2241]
[2024-08-08 23:25:45|1|211233660|15|Not defined|undefined|0|false|8.5778|53.5366|235.9|228|44|0|Not available|false|27236]
[2024-08-08 23:25:45|1|211233660|15|Not defined|undefined|0|false|8.5778|53.5366|235.9|228|44|0|Not available|false|27236]
[2024-08-08 23:25:46|3|211386490|5|Moored|undefined|0|false|8.5819|53.5378|42|238|47|0|Not available|false|85066]
[2024-08-08 23:25:46|3|211386490|5|Moored|undefined|0|false|8.5819|53.5378|42|238|47|0|Not available|false|85066]
[2024-08-08 23:25:48|1|211523490|0|Under way using engine|nan|0|true|8.5759|53.5172|360|511|48|0|Not available|true|67353]
[2024-08-08 23:25:48|1|211523490|0|Under way using engine|nan|0|true|8.5759|53.5172|360|511|48|0|Not available|true|67353]
[2024-08-08 23:25:49|1|211595610|0|Under way using engine|nan|0|false|8.5802|53.5365|291.7|511|50|0|Not available|true|100150]
[2024-08-08 23:25:49|1|211595610|0|Under way using engine|nan|0|false|8.5802|53.5365|291.7|511|50|0|Not available|true|100150]
[2024-08-08 23:25:51|1|211599340|0|Under way using engine|nan|0|false|8.5805|53.5363|312.4|511|51|0|Not available|true|34679]
[2024-08-08 23:25:51|1|211599340|0|Under way using engine|nan|0|false|8.5805|53.5363|312.4|511|51|0|Not available|true|34679]
[2024-08-08 23:25:52|3|210525000|5|Moored|undefined|0|false|8.5759|53.5232|278.5|182|52|0|Not available|false|0]
[2024-08-08 23:25:52|3|210525000|5|Moored|undefined|0|false|8.5759|53.5232|278.5|182|52|0|Not available|false|0]
[2024-08-08 23:25:53|1|211536810|0|Under way using engine|undefined|0|true|8.5779|53.5366|51.9|230|53|0|Not available|false|49267]
[2024-08-08 23:25:53|1|211536810|0|Under way using engine|undefined|0|true|8.5779|53.5366|51.9|230|53|0|Not available|false|49267]
[2024-08-08 23:25:53|3|211172030|5|Moored|undefined|0|true|8.5769|53.534|101.6|247|52|0|Not available|false|84250]
[2024-08-08 23:25:53|3|211172030|5|Moored|undefined|0|true|8.5769|53.534|101.6|247|52|0|Not available|false|84250]
[2024-08-08 23:25:53|1|218709000|0|Under way using engine|undefined|0|true|8.5828|53.5382|344.8|54|49|0|Not available|false|27236]
[2024-08-08 23:25:53|1|218709000|0|Under way using engine|undefined|0|true|8.5828|53.5382|344.8|54|49|0|Not available|false|27236]
[2024-08-08 23:25:56|1|211233660|15|Not defined|undefined|0|false|8.5778|53.5366|235.9|228|55|0|Not available|false|67638]
[2024-08-08 23:25:56|1|211233660|15|Not defined|undefined|0|false|8.5778|53.5366|235.9|228|55|0|Not available|false|67638]
[2024-08-08 23:25:59|1|211595610|0|Under way using engine|nan|0|false|8.5802|53.5365|288.1|511|59|0|Not available|true|67752]
[2024-08-08 23:25:59|1|211595610|0|Under way using engine|nan|0|false|8.5802|53.5365|288.1|511|59|0|Not available|true|67752]
[2024-08-08 23:26:01|1|211555420|3|Restricted manoeuverability|undefined|0|true|8.5777|53.5183|84.5|339|2|0|Not available|false|27240]
[2024-08-08 23:26:01|1|211555420|3|Restricted manoeuverability|undefined|0|true|8.5777|53.5183|84.5|339|2|0|Not available|false|27240]
[2024-08-08 23:26:04|1|218709000|0|Under way using engine|undefined|0|true|8.5828|53.5382|337.5|54|1|0|Not available|false|49254]
[2024-08-08 23:26:04|1|218709000|0|Under way using engine|undefined|0|true|8.5828|53.5382|337.5|54|1|0|Not available|false|49254]
[2024-08-08 23:26:06|1|211233660|15|Not defined|undefined|0|false|8.5778|53.5366|235.9|228|5|0|Not available|false|82024]
[2024-08-08 23:26:06|1|211233660|15|Not defined|undefined|0|false|8.5778|53.5366|235.9|228|5|0|Not available|false|82024]
[2024-08-08 23:26:09|1|211595610|0|Under way using engine|nan|0|false|8.5802|53.5365|287.9|511|9|0|Not available|true|98642]
[2024-08-08 23:26:09|1|211595610|0|Under way using engine|nan|0|false|8.5802|53.5365|287.9|511|9|0|Not available|true|98642]
[2024-08-08 23:26:09|3|253736000|5|Moored|undefined|0|false|8.5774|53.5266|202.5|343|7|0|Not available|false|83946]
[2024-08-08 23:26:09|3|253736000|5|Moored|undefined|0|false|8.5774|53.5266|202.5|343|7|0|Not available|false|83946]
[2024-08-08 23:26:12|1|211599340|0|Under way using engine|nan|0|true|8.5804|53.5363|312.6|511|13|0|Not available|true|82091]
[2024-08-08 23:26:12|1|211599340|0|Under way using engine|nan|0|true|8.5804|53.5363|312.6|511|13|0|Not available|true|82091]
[2024-08-08 23:26:12|3|211630370|5|Moored|4.733|0|false|8.5742|53.5231|248.5|180|13|0|Not available|false|86026]
[2024-08-08 23:26:12|3|211630370|5|Moored|4.733|0|false|8.5742|53.5231|248.5|180|13|0|Not available|false|86026]
[2024-08-08 23:26:14|1|218709000|0|Under way using engine|undefined|0|true|8.5828|53.5382|354.9|54|11|0|Not available|false|27240]
[2024-08-08 23:26:14|1|218709000|0|Under way using engine|undefined|0|true|8.5828|53.5382|354.9|54|11|0|Not available|false|27240]
[2024-08-08 23:26:17|18|211729870|0|true|8.5733|53.5443|360|511|17|true|458755]
[2024-08-08 23:26:17|18|211729870|0|true|8.5733|53.5443|360|511|17|true|458755]
[2024-08-08 23:26:18|1|211595610|0|Under way using engine|nan|0|true|8.5801|53.5365|287.9|511|18|0|Not available|true|49331]
[2024-08-08 23:26:18|1|211595610|0|Under way using engine|nan|0|true|8.5801|53.5365|287.9|511|18|0|Not available|true|49331]
[2024-08-08 23:26:21|1|211599340|0|Under way using engine|nan|0|true|8.5804|53.5363|312.3|511|21|0|Not available|true|33561]
[2024-08-08 23:26:21|1|211599340|0|Under way using engine|nan|0|true|8.5804|53.5363|312.3|511|21|0|Not available|true|33561]
[2024-08-08 23:26:24|1|218709000|0|Under way using engine|undefined|0|true|8.5828|53.5382|0.1|54|21|0|Not available|false|27240]
[2024-08-08 23:26:24|1|218709000|0|Under way using engine|undefined|0|true|8.5828|53.5382|0.1|54|21|0|Not available|false|27240]
[2024-08-08 23:26:26|1|211233660|15|Not defined|undefined|0|false|8.5778|53.5366|235.9|228|25|0|Not available|false|66521]
[2024-08-08 23:26:26|1|211233660|15|Not defined|undefined|0|false|8.5778|53.5366|235.9|228|25|0|Not available|false|66521]
[2024-08-08 23:26:27|1|211595610|0|Under way using engine|nan|0|true|8.5801|53.5365|287.1|511|28|0|Not available|true|49331]
[2024-08-08 23:26:27|1|211595610|0|Under way using engine|nan|0|true|8.5801|53.5365|287.1|511|28|0|Not available|true|49331]
[2024-08-08 23:26:27|3|211706840|5|Moored|undefined|0|false|8.5769|53.5313|271.9|93|28|0|Not available|false|85706]
[2024-08-08 23:26:27|3|211706840|5|Moored|undefined|0|false|8.5769|53.5313|271.9|93|28|0|Not available|false|85706]
[2024-08-08 23:26:28|1|211228220|0|Under way using engine|undefined|0|true|8.5781|53.525|272.9|344|28|0|Not available|false|33813]
[2024-08-08 23:26:28|1|211228220|0|Under way using engine|undefined|0|true|8.5781|53.525|272.9|344|28|0|Not available|false|33813]
[2024-08-08 23:26:34|1|211253400|15|Not defined|nan|0|false|8.5731|53.5454|0|511|31|0|Not available|false|2303]
[2024-08-08 23:26:34|1|211253400|15|Not defined|nan|0|false|8.5731|53.5454|0|511|31|0|Not available|false|2303]
[2024-08-08 23:26:35|1|211233660|15|Not defined|undefined|0|false|8.5778|53.5366|235.9|228|34|0|Not available|false|27240]
[2024-08-08 23:26:35|1|211233660|15|Not defined|undefined|0|false|8.5778|53.5366|235.9|228|34|0|Not available|false|27240]
[2024-08-08 23:26:36|1|211540110|0|Under way using engine|undefined|0|false|8.5775|53.5365|344.5|233|36|0|Not available|false|99650]
[2024-08-08 23:26:36|1|211540110|0|Under way using engine|undefined|0|false|8.5775|53.5365|344.5|233|36|0|Not available|false|99650]
[2024-08-08 23:26:39|1|211595610|0|Under way using engine|nan|0|false|8.5802|53.5365|287.7|511|39|0|Not available|true|2256]
[2024-08-08 23:26:39|1|211595610|0|Under way using engine|nan|0|false|8.5802|53.5365|287.7|511|39|0|Not available|true|2256]
[2024-08-08 23:26:42|1|211599340|0|Under way using engine|nan|0|true|8.5804|53.5363|311.8|511|42|0|Not available|true|67113]
[2024-08-08 23:26:42|1|211599340|0|Under way using engine|nan|0|true|8.5804|53.5363|311.8|511|42|0|Not available|true|67113]
[2024-08-08 23:26:44|1|211253400|15|Not defined|nan|0|false|8.5731|53.5454|0|511|41|0|Not available|false|67191]
[2024-08-08 23:26:44|1|211253400|15|Not defined|nan|0|false|8.5731|53.5454|0|511|41|0|Not available|false|67191]
[2024-08-08 23:26:45|1|211540110|0|Under way using engine|undefined|0|false|8.5775|53.5365|300.9|233|46|0|Not available|false|100010]
[2024-08-08 23:26:45|1|211540110|0|Under way using engine|undefined|0|false|8.5775|53.5365|300.9|233|46|0|Not available|false|100010]
[2024-08-08 23:26:45|1|211233660|15|Not defined|undefined|0|false|8.5777|53.5366|235.9|228|44|0|Not available|false|2261]
[2024-08-08 23:26:45|1|211233660|15|Not defined|undefined|0|false|8.5777|53.5366|235.9|228|44|0|Not available|false|2261]
[2024-08-08 23:26:48|1|211228220|0|Under way using engine|undefined|0|true|8.578|53.525|272.9|344|48|0|Not available|false|100102]
[2024-08-08 23:26:48|1|211228220|0|Under way using engine|undefined|0|true|8.578|53.525|272.9|344|48|0|Not available|false|100102]
[2024-08-08 23:26:48|1|211523490|0|Under way using engine|nan|0|true|8.5759|53.5172|360|511|48|0|Not available|true|49346]
[2024-08-08 23:26:48|1|211523490|0|Under way using engine|nan|0|true|8.5759|53.5172|360|511|48|0|Not available|true|49346]
[2024-08-08 23:26:51|1|211599340|0|Under way using engine|nan|0|true|8.5804|53.5363|311.3|511|51|0|Not available|true|27240]
[2024-08-08 23:26:51|1|211599340|0|Under way using engine|nan|0|true|8.5804|53.5363|311.3|511|51|0|Not available|true|27240]
[2024-08-08 23:26:53|3|211536810|0|Under way using engine|undefined|0|true|8.5779|53.5367|51.9|231|53|0|Not available|false|26339]
[2024-08-08 23:26:53|3|211536810|0|Under way using engine|undefined|0|true|8.5779|53.5367|51.9|231|53|0|Not available|false|26339]
[2024-08-08 23:26:59|1|211595610|0|Under way using engine|nan|0|false|8.5802|53.5366|286.9|511|59|0|Not available|true|49331]
[2024-08-08 23:26:59|1|211595610|0|Under way using engine|nan|0|false|8.5802|53.5366|286.9|511|59|0|Not available|true|49331]
[2024-08-08 23:26:59|3|211658290|5|Moored|undefined|0|false|8.5784|53.5291|175.4|166|0|0|Not available|false|84010]
[2024-08-08 23:26:59|3|211658290|5|Moored|undefined|0|false|8.5784|53.5291|175.4|166|0|0|Not available|false|84010]
[2024-08-08 23:27:00|3|338145000|5|Moored|undefined|0|false|8.5519|53.5782|18.5|5|58|0|Not available|false|84938]
[2024-08-08 23:27:00|3|338145000|5|Moored|undefined|0|false|8.5519|53.5782|18.5|5|58|0|Not available|false|84938]
[2024-08-08 23:27:01|1|211599340|0|Under way using engine|nan|0|true|8.5804|53.5364|311|511|1|0|Not available|true|27244]
[2024-08-08 23:27:01|1|211599340|0|Under way using engine|nan|0|true|8.5804|53.5364|311|511|1|0|Not available|true|27244]
[2024-08-08 23:27:02|3|255801580|5|Moored|undefined|0|true|8.5671|53.5655|119.6|195|1|0|Not available|false|88042]
[2024-08-08 23:27:02|3|255801580|5|Moored|undefined|0|true|8.5671|53.5655|119.6|195|1|0|Not available|false|88042]
[2024-08-08 23:27:02|1|211536810|0|Under way using engine|undefined|0|true|8.5779|53.5367|51.9|230|3|0|Not available|false|27244]
[2024-08-08 23:27:02|1|211536810|0|Under way using engine|undefined|0|true|8.5779|53.5367|51.9|230|3|0|Not available|false|27244]
[2024-08-08 23:27:04|1|218709000|0|Under way using engine|undefined|0|true|8.5828|53.5382|323.9|54|0|0|Not available|false|32916]
[2024-08-08 23:27:04|1|218709000|0|Under way using engine|undefined|0|true|8.5828|53.5382|323.9|54|0|0|Not available|false|32916]
[2024-08-08 23:27:06|1|211233660|15|Not defined|undefined|0|false|8.5778|53.5366|235.9|228|5|0|Not available|false|65780]
[2024-08-08 23:27:06|1|211233660|15|Not defined|undefined|0|false|8.5778|53.5366|235.9|228|5|0|Not available|false|65780]
[2024-08-08 23:27:09|1|211228220|0|Under way using engine|undefined|0|true|8.578|53.525|272.9|344|9|0|Not available|false|65859]
[2024-08-08 23:27:09|1|211228220|0|Under way using engine|undefined|0|true|8.578|53.525|272.9|344|9|0|Not available|false|65859]
[2024-08-08 23:27:09|1|211595610|0|Under way using engine|nan|0|false|8.5802|53.5367|286.7|511|9|0|Not available|true|82099]
[2024-08-08 23:27:09|1|211595610|0|Under way using engine|nan|0|false|8.5802|53.5367|286.7|511|9|0|Not available|true|82099]
[2024-08-08 23:27:12|1|211536810|0|Under way using engine|undefined|0|true|8.5779|53.5367|51.9|230|12|0|Not available|false|33220]
[2024-08-08 23:27:12|1|211536810|0|Under way using engine|undefined|0|true|8.5779|53.5367|51.9|230|12|0|Not available|false|33220]
[2024-08-08 23:27:12|1|211599340|0|Under way using engine|nan|0|true|8.5804|53.5364|311.2|511|13|0|Not available|true|65998]
[2024-08-08 23:27:12|1|211599340|0|Under way using engine|nan|0|true|8.5804|53.5364|311.2|511|13|0|Not available|true|65998]
[2024-08-08 23:27:14|1|218709000|0|Under way using engine|undefined|0|true|8.5828|53.5382|342.3|54|10|0|Not available|false|2244]
[2024-08-08 23:27:14|1|218709000|0|Under way using engine|undefined|0|true|8.5828|53.5382|342.3|54|10|0|Not available|false|2244]
[2024-08-08 23:27:15|1|211540110|0|Under way using engine|undefined|0|false|8.5775|53.5365|331.6|234|16|0|Not available|false|33345]
[2024-08-08 23:27:15|1|211540110|0|Under way using engine|undefined|0|false|8.5775|53.5365|331.6|234|16|0|Not available|false|33345]
[2024-08-08 23:27:18|1|211595610|0|Under way using engine|nan|0|false|8.5801|53.5366|286.7|511|18|0|Not available|true|33430]
[2024-08-08 23:27:18|1|211595610|0|Under way using engine|nan|0|false|8.5801|53.5366|286.7|511|18|0|Not available|true|33430]
[2024-08-08 23:27:21|1|211599340|0|Under way using engine|nan|0|true|8.5804|53.5364|312.3|511|21|0|Not available|true|27244]
[2024-08-08 23:27:21|1|211599340|0|Under way using engine|nan|0|true|8.5804|53.5364|312.3|511|21|0|Not available|true|27244]
[2024-08-08 23:27:22|1|211536810|0|Under way using engine|undefined|0|true|8.5779|53.5367|51.9|230|23|0|Not available|false|33603]
[2024-08-08 23:27:22|1|211536810|0|Under way using engine|undefined|0|true|8.5779|53.5367|51.9|230|23|0|Not available|false|33603]
[2024-08-08 23:27:24|1|218709000|0|Under way using engine|undefined|0|true|8.5828|53.5382|347|54|21|0|Not available|false|2234]
[2024-08-08 23:27:24|1|218709000|0|Under way using engine|undefined|0|true|8.5828|53.5382|347|54|21|0|Not available|false|2234]
[2024-08-08 23:27:25|3|211172020|5|Moored|undefined|0|true|8.577|53.5338|122.8|248|25|0|Not available|false|85098]
[2024-08-08 23:27:25|3|211172020|5|Moored|undefined|0|true|8.577|53.5338|122.8|248|25|0|Not available|false|85098]
[2024-08-08 23:27:25|3|211112160|5|Moored|nan|0|true|8.5842|53.5222|360|511|25|0|Not available|true|85946]
[2024-08-08 23:27:25|3|211112160|5|Moored|nan|0|true|8.5842|53.5222|360|511|25|0|Not available|true|85946]
[2024-08-08 23:27:26|1|211540110|0|Under way using engine|undefined|0|false|8.5774|53.5365|342.7|234|26|0|Not available|false|33728]
[2024-08-08 23:27:26|1|211540110|0|Under way using engine|undefined|0|false|8.5774|53.5365|342.7|234|26|0|Not available|false|33728]
[2024-08-08 23:27:26|1|211233660|15|Not defined|undefined|0|false|8.5778|53.5366|235.9|228|25|0|Not available|false|49265]
[2024-08-08 23:27:26|1|211233660|15|Not defined|undefined|0|false|8.5778|53.5366|235.9|228|25|0|Not available|false|49265]
[2024-08-08 23:27:27|3|211112160|5|Moored|nan|0|true|8.5842|53.5222|360|511|26|0|Not available|true|84906]
[2024-08-08 23:27:27|3|211112160|5|Moored|nan|0|true|8.5842|53.5222|360|511|26|0|Not available|true|84906]
[2024-08-08 23:27:29|1|245586000|0|Under way using engine|undefined|0|true|8.5665|53.5468|66|334|27|0|Not available|false|82145]
[2024-08-08 23:27:29|1|245586000|0|Under way using engine|undefined|0|true|8.5665|53.5468|66|334|27|0|Not available|false|82145]
[2024-08-08 23:27:32|1|211536810|0|Under way using engine|undefined|0|true|8.5779|53.5367|51.9|231|33|0|Not available|false|33980]
[2024-08-08 23:27:32|1|211536810|0|Under way using engine|undefined|0|true|8.5779|53.5367|51.9|231|33|0|Not available|false|33980]
[2024-08-08 23:27:34|1|218709000|0|Under way using engine|undefined|0|true|8.5828|53.5382|323.8|54|30|0|Not available|false|66805]
[2024-08-08 23:27:34|1|218709000|0|Under way using engine|undefined|0|true|8.5828|53.5382|323.8|54|30|0|Not available|false|66805]
[2024-08-08 23:27:36|1|211540110|0|Under way using engine|undefined|0|false|8.5774|53.5365|332|235|36|0|Not available|false|82033]
[2024-08-08 23:27:36|1|211540110|0|Under way using engine|undefined|0|false|8.5774|53.5365|332|235|36|0|Not available|false|82033]
[2024-08-08 23:27:37|5|211536810|0|DBLI|FRYA|50|Pilot Vessel1|15|4|2|3|0|03-31T08:15Z|undefined|3|31|8|15|1.8|BREMERHAVEN PILOT|0]
[2024-08-08 23:27:37|5|211536810|0|DBLI|FRYA|50|Pilot Vessel1|15|4|2|3|0|03-31T08:15Z|undefined|3|31|8|15|1.8|BREMERHAVEN PILOT|0]
[2024-08-08 23:27:38|5|211386490|8779229|DBHN|NADIR|90|Other Type - all ships of this type|11|5|2|2|1|01-22T16:00Z|undefined|1|22|16|0|1.1|SURVEY OPERATION|0]
[2024-08-08 23:27:38|5|211386490|8779229|DBHN|NADIR|90|Other Type - all ships of this type|11|5|2|2|1|01-22T16:00Z|undefined|1|22|16|0|1.1|SURVEY OPERATION|0]
[2024-08-08 23:27:39|1|211595610|0|Under way using engine|nan|0|true|8.5801|53.5366|290.3|511|40|0|Not available|true|99776]
[2024-08-08 23:27:39|1|211595610|0|Under way using engine|nan|0|true|8.5801|53.5366|290.3|511|40|0|Not available|true|99776]
[2024-08-08 23:27:42|1|211599340|0|Under way using engine|nan|0|true|8.5804|53.5364|312.6|511|42|0|Not available|true|49323]
[2024-08-08 23:27:42|1|211599340|0|Under way using engine|nan|0|true|8.5804|53.5364|312.6|511|42|0|Not available|true|49323]
[2024-08-08 23:27:43|1|218709000|0|Under way using engine|undefined|0|true|8.5828|53.5382|323.8|54|40|0|Not available|false|82027]
[2024-08-08 23:27:43|1|218709000|0|Under way using engine|undefined|0|true|8.5828|53.5382|323.8|54|40|0|Not available|false|82027]
[2024-08-08 23:27:44|1|211253400|15|Not defined|nan|0|false|8.5731|53.5454|0|511|40|0|Not available|false|49255]
[2024-08-08 23:27:44|1|211253400|15|Not defined|nan|0|false|8.5731|53.5454|0|511|40|0|Not available|false|49255]
[2024-08-08 23:27:45|1|211540110|0|Under way using engine|undefined|0|false|8.5774|53.5365|339.4|235|46|0|Not available|false|82033]
[2024-08-08 23:27:45|1|211540110|0|Under way using engine|undefined|0|false|8.5774|53.5365|339.4|235|46|0|Not available|false|82033]
[2024-08-08 23:27:56|1|211290740|0|Under way using engine|undefined|0|false|8.5674|53.5459|0|329|56|0|Not available|false|34856]
[2024-08-08 23:27:56|1|211290740|0|Under way using engine|undefined|0|false|8.5674|53.5459|0|329|56|0|Not available|false|34856]
[2024-08-08 23:27:56|1|211233660|15|Not defined|undefined|0|false|8.5777|53.5366|235.9|228|55|0|Not available|false|34870]
[2024-08-08 23:27:56|1|211233660|15|Not defined|undefined|0|false|8.5777|53.5366|235.9|228|55|0|Not available|false|34870]
[2024-08-08 23:27:59|1|211595610|0|Under way using engine|nan|0|false|8.5801|53.5365|290.6|511|59|0|Not available|true|34984]
[2024-08-08 23:27:59|1|211595610|0|Under way using engine|nan|0|false|8.5801|53.5365|290.6|511|59|0|Not available|true|34984]
[2024-08-08 23:28:02|1|211536810|0|Under way using engine|undefined|0|true|8.5779|53.5366|51.9|231|3|0|Not available|false|2232]
[2024-08-08 23:28:02|1|211536810|0|Under way using engine|undefined|0|true|8.5779|53.5366|51.9|231|3|0|Not available|false|2232]
[2024-08-08 23:28:04|1|218709000|0|Under way using engine|undefined|0|true|8.5828|53.5382|323.8|54|1|0|Not available|false|27248]
[2024-08-08 23:28:04|1|218709000|0|Under way using engine|undefined|0|true|8.5828|53.5382|323.8|54|1|0|Not available|false|27248]
[2024-08-08 23:28:06|1|211233660|15|Not defined|undefined|0|false|8.5777|53.5366|235.9|228|5|0|Not available|false|49255]
[2024-08-08 23:28:06|1|211233660|15|Not defined|undefined|0|false|8.5777|53.5366|235.9|228|5|0|Not available|false|49255]
[2024-08-08 23:28:07|5|211112160|0|DEPR|HANSA|60|Passenger - all ships of this type|9|30|7|2|0|00-00T24:60Z|undefined|0|0|24|60|2|BREMERHAVEN|0]
[2024-08-08 23:28:07|5|211112160|0|DEPR|HANSA|60|Passenger - all ships of this type|9|30|7|2|0|00-00T24:60Z|undefined|0|0|24|60|2|BREMERHAVEN|0]
[2024-08-08 23:28:09|5|245586000|9190614|PIAC|VB PIONEER|52|Tug|13|16|7|5|1|01-29T10:00Z|undefined|1|29|10|0|6.1|DE BREMERHAVEN|0]
[2024-08-08 23:28:09|5|245586000|9190614|PIAC|VB PIONEER|52|Tug|13|16|7|5|1|01-29T10:00Z|undefined|1|29|10|0|6.1|DE BREMERHAVEN|0]
[2024-08-08 23:28:09|1|211595610|0|Under way using engine|nan|0|false|8.5802|53.5365|291.3|511|9|0|Not available|true|65874]
[2024-08-08 23:28:09|1|211595610|0|Under way using engine|nan|0|false|8.5802|53.5365|291.3|511|9|0|Not available|true|65874]
[2024-08-08 23:28:09|1|244305000|0|Under way using engine|undefined|0|true|8.5618|53.5523|340.4|145|6|0|Not available|false|49285]
[2024-08-08 23:28:09|1|244305000|0|Under way using engine|undefined|0|true|8.5618|53.5523|340.4|145|6|0|Not available|false|49285]
[2024-08-08 23:28:12|1|211536810|0|Under way using engine|undefined|0|true|8.5779|53.5366|51.9|231|12|0|Not available|false|27248]
[2024-08-08 23:28:12|1|211536810|0|Under way using engine|undefined|0|true|8.5779|53.5366|51.9|231|12|0|Not available|false|27248]
[2024-08-08 23:28:12|1|211599340|0|Under way using engine|nan|0|true|8.5804|53.5364|310.5|511|13|0|Not available|true|49323]
[2024-08-08 23:28:12|1|211599340|0|Under way using engine|nan|0|true|8.5804|53.5364|310.5|511|13|0|Not available|true|49323]
[2024-08-08 23:28:13|3|211718100|5|Moored|nan|0|true|8.5765|53.5306|360|511|13|0|Not available|true|84906]
[2024-08-08 23:28:13|3|211718100|5|Moored|nan|0|true|8.5765|53.5306|360|511|13|0|Not available|true|84906]
[2024-08-08 23:28:14|5|211718100|0|DK8884|GREENPORTS 1|79|Cargo - No additional information|56|15|5|6|0|09-16T23:00Z|undefined|9|16|23|0|2|BREMERHAVEN|0]
[2024-08-08 23:28:14|5|211718100|0|DK8884|GREENPORTS 1|79|Cargo - No additional information|56|15|5|6|0|09-16T23:00Z|undefined|9|16|23|0|2|BREMERHAVEN|0]
[2024-08-08 23:28:15|5|211630370|7725453|DHVE2|LEV TORNADO|99|Other Type - no additional information|24|24|5|4|1|01-15T09:00Z|undefined|1|15|9|0|3.5|BREMERHAVEN|0]
[2024-08-08 23:28:15|5|211630370|7725453|DHVE2|LEV TORNADO|99|Other Type - no additional information|24|24|5|4|1|01-15T09:00Z|undefined|1|15|9|0|3.5|BREMERHAVEN|0]
[2024-08-08 23:28:17|5|211233660|9154804|DBLF|WESERLOTSE|50|Pilot Vessel1|16|13|4|4|1|01-01T00:00Z|undefined|1|1|0|0|3||0]
[2024-08-08 23:28:17|5|211233660|9154804|DBLF|WESERLOTSE|50|Pilot Vessel1|16|13|4|4|1|01-01T00:00Z|undefined|1|1|0|0|3||0]
[2024-08-08 23:28:18|1|211595610|0|Under way using engine|nan|0|false|8.5802|53.5364|290.4|511|18|0|Not available|true|27248]
[2024-08-08 23:28:18|1|211595610|0|Under way using engine|nan|0|false|8.5802|53.5364|290.4|511|18|0|Not available|true|27248]
[2024-08-08 23:28:21|1|211599340|0|Under way using engine|nan|0|true|8.5804|53.5364|309.3|511|21|0|Not available|true|2235]
[2024-08-08 23:28:21|1|211599340|0|Under way using engine|nan|0|true|8.5804|53.5364|309.3|511|21|0|Not available|true|2235]
[2024-08-08 23:28:22|1|211536810|0|Under way using engine|undefined|0|true|8.5779|53.5366|51.9|230|23|0|Not available|false|27248]
[2024-08-08 23:28:22|1|211536810|0|Under way using engine|undefined|0|true|8.5779|53.5366|51.9|230|23|0|Not available|false|27248]
[2024-08-08 23:28:24|1|218709000|0|Under way using engine|undefined|0|true|8.5828|53.5382|143.9|54|21|0|Not available|false|114795]
[2024-08-08 23:28:24|1|218709000|0|Under way using engine|undefined|0|true|8.5828|53.5382|143.9|54|21|0|Not available|false|114795]
[2024-08-08 23:28:24|1|211253400|15|Not defined|nan|0|false|8.5731|53.5454|0|511|21|0|Not available|false|49260]
[2024-08-08 23:28:24|1|211253400|15|Not defined|nan|0|false|8.5731|53.5454|0|511|21|0|Not available|false|49260]
[2024-08-08 23:28:26|1|211233660|15|Not defined|undefined|0|false|8.5777|53.5367|235.9|228|25|0|Not available|false|33753]
[2024-08-08 23:28:26|1|211233660|15|Not defined|undefined|0|false|8.5777|53.5367|235.9|228|25|0|Not available|false|33753]
[2024-08-08 23:28:27|1|211595610|0|Under way using engine|nan|0|false|8.5802|53.5365|289.5|511|28|0|Not available|true|27248]
[2024-08-08 23:28:27|1|211595610|0|Under way using engine|nan|0|false|8.5802|53.5365|289.5|511|28|0|Not available|true|27248]
[2024-08-08 23:28:28|1|211228220|0|Under way using engine|undefined|0|true|8.578|53.525|272.9|344|28|0|Not available|false|2254]
[2024-08-08 23:28:28|1|211228220|0|Under way using engine|undefined|0|true|8.578|53.525|272.9|344|28|0|Not available|false|2254]
[2024-08-08 23:28:29|1|211523490|0|Under way using engine|nan|0|true|8.5759|53.5172|360|511|28|0|Not available|true|66608]
[2024-08-08 23:28:29|1|211523490|0|Under way using engine|nan|0|true|8.5759|53.5172|360|511|28|0|Not available|true|66608]
[2024-08-08 23:28:31|1|211599340|0|Under way using engine|nan|0|true|8.5804|53.5364|308.5|511|31|0|Not available|true|114859]
[2024-08-08 23:28:31|1|211599340|0|Under way using engine|nan|0|true|8.5804|53.5364|308.5|511|31|0|Not available|true|114859]
[2024-08-08 23:28:32|1|211555420|3|Restricted manoeuverability|undefined|0|true|8.5777|53.5183|84.5|338|33|0|Not available|false|27248]
[2024-08-08 23:28:32|1|211555420|3|Restricted manoeuverability|undefined|0|true|8.5777|53.5183|84.5|338|33|0|Not available|false|27248]
[2024-08-08 23:28:35|1|211290740|0|Under way using engine|undefined|0|false|8.5674|53.5459|0|330|36|0|Not available|false|2288]
[2024-08-08 23:28:35|1|211290740|0|Under way using engine|undefined|0|false|8.5674|53.5459|0|330|36|0|Not available|false|2288]
[2024-08-08 23:28:36|1|211540110|0|Under way using engine|undefined|0|false|8.5774|53.5365|318.2|234|36|0|Not available|false|66882]
[2024-08-08 23:28:36|1|211540110|0|Under way using engine|undefined|0|false|8.5774|53.5365|318.2|234|36|0|Not available|false|66882]
[2024-08-08 23:28:39|1|211595610|0|Under way using engine|nan|0|false|8.5802|53.5365|291.2|511|40|0|Not available|true|82099]
[2024-08-08 23:28:39|1|211595610|0|Under way using engine|nan|0|false|8.5802|53.5365|291.2|511|40|0|Not available|true|82099]
[2024-08-08 23:28:42|1|211599340|0|Under way using engine|nan|0|true|8.5804|53.5364|308.2|511|42|0|Not available|true|34345]
[2024-08-08 23:28:42|1|211599340|0|Under way using engine|nan|0|true|8.5804|53.5364|308.2|511|42|0|Not available|true|34345]
[2024-08-08 23:28:42|1|211555420|3|Restricted manoeuverability|undefined|0|true|8.5777|53.5183|84.5|338|42|0|Not available|false|82083]
[2024-08-08 23:28:42|1|211555420|3|Restricted manoeuverability|undefined|0|true|8.5777|53.5183|84.5|338|42|0|Not available|false|82083]
[2024-08-08 23:28:43|1|218709000|0|Under way using engine|undefined|0|true|8.5828|53.5382|143.8|54|40|0|Not available|false|67154]
[2024-08-08 23:28:43|1|218709000|0|Under way using engine|undefined|0|true|8.5828|53.5382|143.8|54|40|0|Not available|false|67154]
[2024-08-08 23:28:48|1|245586000|0|Under way using engine|undefined|0|true|8.5665|53.5468|66|334|45|0|Not available|false|100105]
[2024-08-08 23:28:48|1|245586000|0|Under way using engine|undefined|0|true|8.5665|53.5468|66|334|45|0|Not available|false|100105]
[2024-08-08 23:28:50|18|211816240|0|true|8.5827|53.5339|360|511|49|true|304733]
[2024-08-08 23:28:50|18|211816240|0|true|8.5827|53.5339|360|511|49|true|304733]
[2024-08-08 23:28:52|3|211172030|5|Moored|undefined|0|true|8.5769|53.534|176.5|247|51|0|Not available|false|84714]
[2024-08-08 23:28:52|3|211172030|5|Moored|undefined|0|true|8.5769|53.534|176.5|247|51|0|Not available|false|84714]
[2024-08-08 23:28:52|1|211599340|0|Under way using engine|nan|0|true|8.5804|53.5364|307.4|511|53|0|Not available|true|114859]
[2024-08-08 23:28:52|1|211599340|0|Under way using engine|nan|0|true|8.5804|53.5364|307.4|511|53|0|Not available|true|114859]
[2024-08-08 23:28:53|1|218709000|0|Under way using engine|undefined|0|true|8.5828|53.5382|340.4|54|50|0|Not available|false|49258]
[2024-08-08 23:28:53|1|218709000|0|Under way using engine|undefined|0|true|8.5828|53.5382|340.4|54|50|0|Not available|false|49258]
[2024-08-08 23:28:57|1|211228220|0|Under way using engine|undefined|0|true|8.578|53.525|272.9|344|58|0|Not available|false|34924]
[2024-08-08 23:28:57|1|211228220|0|Under way using engine|undefined|0|true|8.578|53.525|272.9|344|58|0|Not available|false|34924]
[2024-08-08 23:28:59|1|211595610|0|Under way using engine|nan|0|true|8.5802|53.5365|291.2|511|59|0|Not available|true|27248]
[2024-08-08 23:28:59|1|211595610|0|Under way using engine|nan|0|true|8.5802|53.5365|291.2|511|59|0|Not available|true|27248]
[2024-08-08 23:29:01|1|211599340|0|Under way using engine|nan|0|true|8.5804|53.5364|306.4|511|1|0|Not available|true|49324]
[2024-08-08 23:29:01|1|211599340|0|Under way using engine|nan|0|true|8.5804|53.5364|306.4|511|1|0|Not available|true|49324]
[2024-08-08 23:29:02|1|211536810|0|Under way using engine|undefined|0|true|8.5779|53.5367|51.9|231|2|0|Not available|false|49266]
[2024-08-08 23:29:02|1|211536810|0|Under way using engine|undefined|0|true|8.5779|53.5367|51.9|231|2|0|Not available|false|49266]
[2024-08-08 23:29:05|1|211253400|15|Not defined|nan|0|false|8.5731|53.5454|0|511|1|0|Not available|false|65718]
[2024-08-08 23:29:05|1|211253400|15|Not defined|nan|0|false|8.5731|53.5454|0|511|1|0|Not available|false|65718]
[2024-08-08 23:29:06|1|211233660|15|Not defined|undefined|0|false|8.5778|53.5366|235.9|228|5|0|Not available|false|33012]
[2024-08-08 23:29:06|1|211233660|15|Not defined|undefined|0|false|8.5778|53.5366|235.9|228|5|0|Not available|false|33012]
[2024-08-08 23:29:09|1|211228220|0|Under way using engine|undefined|0|true|8.578|53.525|272.9|344|9|0|Not available|false|33091]
[2024-08-08 23:29:09|1|211228220|0|Under way using engine|undefined|0|true|8.578|53.525|272.9|344|9|0|Not available|false|33091]
[2024-08-08 23:29:09|1|211523490|0|Under way using engine|nan|0|true|8.5759|53.5173|360|511|8|0|Not available|true|33105]
[2024-08-08 23:29:09|1|211523490|0|Under way using engine|nan|0|true|8.5759|53.5173|360|511|8|0|Not available|true|33105]
[2024-08-08 23:29:09|3|211595610|0|Under way using engine|nan|0|true|8.5801|53.5365|290.6|511|9|0|Not available|true|22947]
[2024-08-08 23:29:09|3|211595610|0|Under way using engine|nan|0|true|8.5801|53.5365|290.6|511|9|0|Not available|true|22947]
[2024-08-08 23:29:09|3|211630370|5|Moored|8.197796472223494|0|false|8.5742|53.5231|248.5|180|9|0|Not available|false|87802]
[2024-08-08 23:29:09|3|211630370|5|Moored|8.197796472223494|0|false|8.5742|53.5231|248.5|180|9|0|Not available|false|87802]
[2024-08-08 23:29:12|1|211599340|0|Under way using engine|nan|0|true|8.5804|53.5364|308.1|511|13|0|Not available|true|33230]
[2024-08-08 23:29:12|1|211599340|0|Under way using engine|nan|0|true|8.5804|53.5364|308.1|511|13|0|Not available|true|33230]
[2024-08-08 23:29:21|1|211599340|0|Under way using engine|nan|0|true|8.5804|53.5364|305.8|511|21|0|Not available|true|99082]
[2024-08-08 23:29:21|1|211599340|0|Under way using engine|nan|0|true|8.5804|53.5364|305.8|511|21|0|Not available|true|99082]
[2024-08-08 23:29:24|1|218709000|0|Under way using engine|undefined|0|true|8.5828|53.5382|143.8|54|20|0|Not available|false|99198]
[2024-08-08 23:29:24|1|218709000|0|Under way using engine|undefined|0|true|8.5828|53.5382|143.8|54|20|0|Not available|false|99198]
[2024-08-08 23:29:24|1|211253400|15|Not defined|nan|0|false|8.5731|53.5454|0|511|20|0|Not available|false|33674]
[2024-08-08 23:29:24|1|211253400|15|Not defined|nan|0|false|8.5731|53.5454|0|511|20|0|Not available|false|33674]
[2024-08-08 23:29:26|3|211225920|5|Moored|undefined|0|true|8.5814|53.5375|338.6|234|24|0|Not available|false|0]
[2024-08-08 23:29:26|3|211225920|5|Moored|undefined|0|true|8.5814|53.5375|338.6|234|24|0|Not available|false|0]
[2024-08-08 23:29:26|1|211233660|15|Not defined|undefined|0|false|8.5778|53.5366|235.9|228|25|0|Not available|false|27252]
[2024-08-08 23:29:26|1|211233660|15|Not defined|undefined|0|false|8.5778|53.5366|235.9|228|25|0|Not available|false|27252]
[2024-08-08 23:29:28|1|211595610|0|Under way using engine|nan|0|true|8.5801|53.5365|291.6|511|28|0|Not available|true|2257]
[2024-08-08 23:29:28|1|211595610|0|Under way using engine|nan|0|true|8.5801|53.5365|291.6|511|28|0|Not available|true|2257]
[2024-08-08 23:29:30|1|245586000|0|Under way using engine|undefined|0|true|8.5665|53.5468|66|334|27|0|Not available|false|49380]
[2024-08-08 23:29:30|1|245586000|0|Under way using engine|undefined|0|true|8.5665|53.5468|66|334|27|0|Not available|false|49380]
[2024-08-08 23:29:31|1|211599340|0|Under way using engine|nan|0|true|8.5804|53.5364|302.6|511|31|0|Not available|true|99466]
[2024-08-08 23:29:31|1|211599340|0|Under way using engine|nan|0|true|8.5804|53.5364|302.6|511|31|0|Not available|true|99466]
[2024-08-08 23:29:32|5|211225920|0|DBLO|FRANZIUSPLATE|0|Not available|0|0|0|0|1|01-25T14:30Z|undefined|1|25|14|30|1.2|BREMERHAVEN|0]
[2024-08-08 23:29:32|5|211225920|0|DBLO|FRANZIUSPLATE|0|Not available|0|0|0|0|1|01-25T14:30Z|undefined|1|25|14|30|1.2|BREMERHAVEN|0]
[2024-08-08 23:29:34|1|218709000|0|Under way using engine|undefined|0|true|8.5828|53.5382|323.8|54|31|0|Not available|false|34037]
[2024-08-08 23:29:34|1|218709000|0|Under way using engine|undefined|0|true|8.5828|53.5382|323.8|54|31|0|Not available|false|34037]
[2024-08-08 23:29:36|1|211540110|0|Under way using engine|undefined|0|false|8.5774|53.5365|330|236|36|0|Not available|false|49265]
[2024-08-08 23:29:36|1|211540110|0|Under way using engine|undefined|0|false|8.5774|53.5365|330|236|36|0|Not available|false|49265]
[2024-08-08 23:29:39|1|211595610|0|Under way using engine|nan|0|true|8.5801|53.5365|292.8|511|40|0|Not available|true|67008]
[2024-08-08 23:29:39|1|211595610|0|Under way using engine|nan|0|true|8.5801|53.5365|292.8|511|40|0|Not available|true|67008]
[2024-08-08 23:29:42|1|211599340|0|Under way using engine|nan|0|true|8.5804|53.5364|303|511|42|0|Not available|true|27252]
[2024-08-08 23:29:42|1|211599340|0|Under way using engine|nan|0|true|8.5804|53.5364|303|511|42|0|Not available|true|27252]
[2024-08-08 23:29:42|1|211536810|0|Under way using engine|undefined|0|true|8.5779|53.5366|51.9|231|43|0|Not available|false|49265]
[2024-08-08 23:29:42|1|211536810|0|Under way using engine|undefined|0|true|8.5779|53.5366|51.9|231|43|0|Not available|false|49265]
[2024-08-08 23:29:47|5|211595610|0|DC4782|BREMERHAVEN|60|Passenger - all ships of this type|30|30|7|7|0|12-31T23:20Z|undefined|12|31|23|20|2.7|BREMERHAFEN-BLEXEN|0]
[2024-08-08 23:29:47|5|211595610|0|DC4782|BREMERHAVEN|60|Passenger - all ships of this type|30|30|7|7|0|12-31T23:20Z|undefined|12|31|23|20|2.7|BREMERHAFEN-BLEXEN|0]
[2024-08-08 23:29:49|3|211411980|5|Moored|undefined|0|true|8.5823|53.5379|321.1|231|46|0|Not available|false|84378]
[2024-08-08 23:29:49|3|211411980|5|Moored|undefined|0|true|8.5823|53.5379|321.1|231|46|0|Not available|false|84378]
[2024-08-08 23:29:52|5|255801580|9190157|CQQG|AUTOPRESTIGE|79|Cargo - No additional information|100|28|13|5|3|08-12T07:30Z|undefined|8|12|7|30|5|OSLO-BEKKELAGET|0]
[2024-08-08 23:29:52|5|255801580|9190157|CQQG|AUTOPRESTIGE|79|Cargo - No additional information|100|28|13|5|3|08-12T07:30Z|undefined|8|12|7|30|5|OSLO-BEKKELAGET|0]
[2024-08-08 23:29:52|1|211536810|0|Under way using engine|undefined|0|true|8.5779|53.5366|51.9|231|53|0|Not available|false|82033]
[2024-08-08 23:29:52|1|211536810|0|Under way using engine|undefined|0|true|8.5779|53.5366|51.9|231|53|0|Not available|false|82033]
[2024-08-08 23:29:52|1|211599340|0|Under way using engine|nan|0|true|8.5804|53.5364|300.1|511|53|0|Not available|true|100270]
[2024-08-08 23:29:52|1|211599340|0|Under way using engine|nan|0|true|8.5804|53.5364|300.1|511|53|0|Not available|true|100270]
[2024-08-08 23:29:56|1|211233660|15|Not defined|undefined|0|false|8.5779|53.5366|235.9|228|55|0|Not available|false|2241]
[2024-08-08 23:29:56|1|211233660|15|Not defined|undefined|0|false|8.5779|53.5366|235.9|228|55|0|Not available|false|2241]
[2024-08-08 23:30:02|1|211536810|0|Under way using engine|undefined|0|true|8.5779|53.5367|51.9|231|2|0|Not available|false|32837]
[2024-08-08 23:30:02|1|211536810|0|Under way using engine|undefined|0|true|8.5779|53.5367|51.9|231|2|0|Not available|false|32837]
[2024-08-08 23:30:02|1|211555420|3|Restricted manoeuverability|undefined|0|true|8.5777|53.5183|84.5|338|2|0|Not available|false|65617]
[2024-08-08 23:30:02|1|211555420|3|Restricted manoeuverability|undefined|0|true|8.5777|53.5183|84.5|338|2|0|Not available|false|65617]
[2024-08-08 23:30:03|1|218709000|0|Under way using engine|undefined|0|true|8.5828|53.5382|143.8|54|59|0|Not available|false|65633]
[2024-08-08 23:30:03|1|218709000|0|Under way using engine|undefined|0|true|8.5828|53.5382|143.8|54|59|0|Not available|false|65633]
[2024-08-08 23:30:05|1|211253400|15|Not defined|nan|0|false|8.5731|53.5454|0|511|2|0|Not available|false|49251]
[2024-08-08 23:30:05|1|211253400|15|Not defined|nan|0|false|8.5731|53.5454|0|511|2|0|Not available|false|49251]
[2024-08-08 23:30:05|1|211540110|0|Under way using engine|undefined|0|false|8.5774|53.5365|260.5|235|5|0|Not available|false|49264]
[2024-08-08 23:30:05|1|211540110|0|Under way using engine|undefined|0|false|8.5774|53.5365|260.5|235|5|0|Not available|false|49264]
[2024-08-08 23:30:09|1|211595610|0|Under way using engine|nan|0|true|8.5802|53.5365|292.6|511|9|0|Not available|true|33106]
[2024-08-08 23:30:09|1|211595610|0|Under way using engine|nan|0|true|8.5802|53.5365|292.6|511|9|0|Not available|true|33106]
[2024-08-08 23:30:13|5|211172030|0|DF4369|LESMONA|55|Law Enforcement|11|5|3|2|1|07-09T21:00Z|undefined|7|9|21|0|1.4|DEBRV|0]
[2024-08-08 23:30:13|5|211172030|0|DF4369|LESMONA|55|Law Enforcement|11|5|3|2|1|07-09T21:00Z|undefined|7|9|21|0|1.4|DEBRV|0]
[2024-08-08 23:30:15|1|211540110|0|Under way using engine|undefined|0|false|8.5774|53.5365|244.9|234|16|0|Not available|false|33345]
[2024-08-08 23:30:15|1|211540110|0|Under way using engine|undefined|0|false|8.5774|53.5365|244.9|234|16|0|Not available|false|33345]
[2024-08-08 23:30:17|5|211172020|0|DF4368|VISURA|55|Law Enforcement|10|6|3|2|1|01-01T00:00Z|undefined|1|1|0|0|1.4|PATROL WESER|0]
[2024-08-08 23:30:17|5|211172020|0|DF4368|VISURA|55|Law Enforcement|10|6|3|2|1|01-01T00:00Z|undefined|1|1|0|0|1.4|PATROL WESER|0]
[2024-08-08 23:30:19|1|211595610|0|Under way using engine|nan|0|false|8.5802|53.5365|292.2|511|19|0|Not available|true|114868]
[2024-08-08 23:30:19|1|211595610|0|Under way using engine|nan|0|false|8.5802|53.5365|292.2|511|19|0|Not available|true|114868]
[2024-08-08 23:30:21|5|211253400|8862662|DFDR|WAL|0|Not available|11|39|7|5|1|00-00T24:60Z|undefined|0|0|24|60|0||0]
[2024-08-08 23:30:21|5|211253400|8862662|DFDR|WAL|0|Not available|11|39|7|5|1|00-00T24:60Z|undefined|0|0|24|60|0||0]
[2024-08-08 23:30:22|1|211536810|0|Under way using engine|undefined|0|true|8.5779|53.5367|51.9|231|22|0|Not available|false|99122]
[2024-08-08 23:30:22|1|211536810|0|Under way using engine|undefined|0|true|8.5779|53.5367|51.9|231|22|0|Not available|false|99122]
[2024-08-08 23:30:22|1|211555420|3|Restricted manoeuverability|undefined|0|true|8.5777|53.5183|84.5|338|23|0|Not available|false|27256]
[2024-08-08 23:30:22|1|211555420|3|Restricted manoeuverability|undefined|0|true|8.5777|53.5183|84.5|338|23|0|Not available|false|27256]
[2024-08-08 23:30:24|1|218709000|0|Under way using engine|undefined|0|true|8.5828|53.5382|347.3|54|20|0|Not available|false|82029]
[2024-08-08 23:30:24|1|218709000|0|Under way using engine|undefined|0|true|8.5828|53.5382|347.3|54|20|0|Not available|false|82029]
[2024-08-08 23:30:24|1|211253400|15|Not defined|nan|0|false|8.5731|53.5454|0|511|21|0|Not available|false|27256]
[2024-08-08 23:30:24|1|211253400|15|Not defined|nan|0|false|8.5731|53.5454|0|511|21|0|Not available|false|27256]
[2024-08-08 23:30:25|3|211634880|5|Moored|nan|0|false|8.5721|53.5451|311.4|511|25|0|Not available|false|84266]
[2024-08-08 23:30:25|3|211634880|5|Moored|nan|0|false|8.5721|53.5451|311.4|511|25|0|Not available|false|84266]
[2024-08-08 23:30:26|3|211172020|5|Moored|undefined|0|true|8.577|53.5338|186.9|248|25|0|Not available|false|85258]
[2024-08-08 23:30:26|3|211172020|5|Moored|undefined|0|true|8.577|53.5338|186.9|248|25|0|Not available|false|85258]
[2024-08-08 23:30:28|1|211595610|0|Under way using engine|nan|0|true|8.5802|53.5365|291.8|511|28|0|Not available|true|99342]
[2024-08-08 23:30:28|1|211595610|0|Under way using engine|nan|0|true|8.5802|53.5365|291.8|511|28|0|Not available|true|99342]
[2024-08-08 23:30:29|1|211523490|0|Under way using engine|nan|0|true|8.5759|53.5172|360|511|28|0|Not available|true|33840]
[2024-08-08 23:30:29|1|211523490|0|Under way using engine|nan|0|true|8.5759|53.5172|360|511|28|0|Not available|true|33840]
[2024-08-08 23:30:29|18|211300110|0.2|false|8.5872|53.5348|333.4|511|28|false|458755]
[2024-08-08 23:30:29|18|211300110|0.2|false|8.5872|53.5348|333.4|511|28|false|458755]
[2024-08-08 23:30:29|1|245586000|0|Under way using engine|undefined|0|true|8.5665|53.5468|66|334|27|0|Not available|false|33874]
[2024-08-08 23:30:29|1|245586000|0|Under way using engine|undefined|0|true|8.5665|53.5468|66|334|27|0|Not available|false|33874]
[2024-08-08 23:30:30|5|211235180|0|DBAC|HERMANN RUDOLF MEYER|51|Search and Rescue vessel|11|12|3|3|1|01-01T00:00Z|undefined|1|1|0|0|1.6||0]
[2024-08-08 23:30:30|5|211235180|0|DBAC|HERMANN RUDOLF MEYER|51|Search and Rescue vessel|11|12|3|3|1|01-01T00:00Z|undefined|1|1|0|0|1.6||0]
[2024-08-08 23:30:31|1|211599340|0|Under way using engine|nan|0|true|8.5804|53.5364|297.5|511|31|0|Not available|true|82088]
[2024-08-08 23:30:31|1|211599340|0|Under way using engine|nan|0|true|8.5804|53.5364|297.5|511|31|0|Not available|true|82088]
[2024-08-08 23:30:31|1|219285000|0|Under way using engine|nan|0|false|8.566|53.5473|269.8|511|31|0|Not available|true|27256]
[2024-08-08 23:30:31|1|219285000|0|Under way using engine|nan|0|false|8.566|53.5473|269.8|511|31|0|Not available|true|27256]
[2024-08-08 23:30:33|1|211536810|0|Under way using engine|undefined|0|true|8.5779|53.5367|51.9|230|33|0|Not available|false|114801]
[2024-08-08 23:30:33|1|211536810|0|Under way using engine|undefined|0|true|8.5779|53.5367|51.9|230|33|0|Not available|false|114801]
[2024-08-08 23:30:34|1|218709000|0|Under way using engine|undefined|0|true|8.5828|53.5382|347.6|54|30|0|Not available|false|27256]
[2024-08-08 23:30:34|1|218709000|0|Under way using engine|undefined|0|true|8.5828|53.5382|347.6|54|30|0|Not available|false|27256]
[2024-08-08 23:30:37|1|211233660|15|Not defined|undefined|0|false|8.5778|53.5366|235.9|228|35|0|Not available|false|82005]
[2024-08-08 23:30:37|1|211233660|15|Not defined|undefined|0|false|8.5778|53.5366|235.9|228|35|0|Not available|false|82005]
[2024-08-08 23:30:39|1|211595610|0|Under way using engine|nan|0|false|8.5802|53.5365|292.2|511|40|0|Not available|true|49332]
[2024-08-08 23:30:39|1|211595610|0|Under way using engine|nan|0|false|8.5802|53.5365|292.2|511|40|0|Not available|true|49332]
[2024-08-08 23:30:43|1|218709000|0|Under way using engine|undefined|0|true|8.5828|53.5382|344|54|39|0|Not available|false|34386]
[2024-08-08 23:30:43|1|218709000|0|Under way using engine|undefined|0|true|8.5828|53.5382|344|54|39|0|Not available|false|34386]
[2024-08-08 23:30:44|1|211253400|15|Not defined|nan|0|false|8.5731|53.5454|0|511|40|0|Not available|false|2238]
[2024-08-08 23:30:44|1|211253400|15|Not defined|nan|0|false|8.5731|53.5454|0|511|40|0|Not available|false|2238]
[2024-08-08 23:30:46|1|211540110|0|Under way using engine|undefined|0|false|8.5774|53.5365|353.8|234|46|0|Not available|false|34474]
[2024-08-08 23:30:46|1|211540110|0|Under way using engine|undefined|0|false|8.5774|53.5365|353.8|234|46|0|Not available|false|34474]
[2024-08-08 23:30:46|1|211233660|15|Not defined|undefined|0|false|8.5778|53.5366|235.9|228|44|0|Not available|false|67257]
[2024-08-08 23:30:46|1|211233660|15|Not defined|undefined|0|false|8.5778|53.5366|235.9|228|44|0|Not available|false|67257]
[2024-08-08 23:30:48|1|245586000|0|Under way using engine|undefined|0|true|8.5665|53.5468|66|334|45|0|Not available|false|67337]
[2024-08-08 23:30:48|1|245586000|0|Under way using engine|undefined|0|true|8.5665|53.5468|66|334|45|0|Not available|false|67337]
[2024-08-08 23:30:49|1|211595610|0|Under way using engine|nan|0|false|8.5803|53.5365|293.6|511|50|0|Not available|true|27256]
[2024-08-08 23:30:49|1|211595610|0|Under way using engine|nan|0|false|8.5803|53.5365|293.6|511|50|0|Not available|true|27256]
[2024-08-08 23:30:52|1|211599340|0|Under way using engine|nan|0|true|8.5804|53.5364|300.2|511|53|0|Not available|true|82089]
[2024-08-08 23:30:52|1|211599340|0|Under way using engine|nan|0|true|8.5804|53.5364|300.2|511|53|0|Not available|true|82089]
[2024-08-08 23:30:53|1|218709000|0|Under way using engine|undefined|0|true|8.5828|53.5382|323.9|54|49|0|Not available|false|27256]
[2024-08-08 23:30:53|1|218709000|0|Under way using engine|undefined|0|true|8.5828|53.5382|323.9|54|49|0|Not available|false|27256]
[2024-08-08 23:30:58|1|211595610|0|Under way using engine|nan|0|false|8.5803|53.5365|295.2|511|58|0|Not available|true|114868]
[2024-08-08 23:30:58|1|211595610|0|Under way using engine|nan|0|false|8.5803|53.5365|295.2|511|58|0|Not available|true|114868]
[2024-08-08 23:31:01|3|211599340|0|Under way using engine|nan|0|false|8.5804|53.5364|298.1|511|1|0|Not available|true|18513]
[2024-08-08 23:31:01|3|211599340|0|Under way using engine|nan|0|false|8.5804|53.5364|298.1|511|1|0|Not available|true|18513]
[2024-08-08 23:31:03|1|218709000|0|Under way using engine|undefined|0|true|8.5828|53.5382|323.9|54|59|0|Not available|false|49258]
[2024-08-08 23:31:03|1|218709000|0|Under way using engine|undefined|0|true|8.5828|53.5382|323.9|54|59|0|Not available|false|49258]
[2024-08-08 23:31:05|1|211253400|15|Not defined|nan|0|false|8.5731|53.5454|0|511|1|0|Not available|false|32950]
[2024-08-08 23:31:05|1|211253400|15|Not defined|nan|0|false|8.5731|53.5454|0|511|1|0|Not available|false|32950]
[2024-08-08 23:31:05|1|211540110|0|Under way using engine|undefined|0|false|8.5774|53.5365|316.4|235|5|0|Not available|false|32958]
[2024-08-08 23:31:05|1|211540110|0|Under way using engine|undefined|0|false|8.5774|53.5365|316.4|235|5|0|Not available|false|32958]
[2024-08-08 23:31:07|1|211233660|15|Not defined|undefined|0|false|8.5778|53.5366|235.9|228|5|0|Not available|false|2238]
[2024-08-08 23:31:07|1|211233660|15|Not defined|undefined|0|false|8.5778|53.5366|235.9|228|5|0|Not available|false|2238]
[2024-08-08 23:31:11|5|210525000|9466233|5BCL6|HILDA B|70|Cargo - all ships of this type|75|13|4|9|1|04-25T08:00Z|undefined|4|25|8|0|4|DEBRE|0]
[2024-08-08 23:31:11|5|210525000|9466233|5BCL6|HILDA B|70|Cargo - all ships of this type|75|13|4|9|1|04-25T08:00Z|undefined|4|25|8|0|4|DEBRE|0]
[2024-08-08 23:31:12|1|211599340|0|Under way using engine|nan|0|true|8.5804|53.5364|297.3|511|13|0|Not available|true|2236]
[2024-08-08 23:31:12|1|211599340|0|Under way using engine|nan|0|true|8.5804|53.5364|297.3|511|13|0|Not available|true|2236]
[2024-08-08 23:31:14|1|218709000|0|Under way using engine|undefined|0|true|8.5828|53.5382|143.8|54|11|0|Not available|false|33290]
[2024-08-08 23:31:14|1|218709000|0|Under way using engine|undefined|0|true|8.5828|53.5382|143.8|54|11|0|Not available|false|33290]
[2024-08-08 23:31:15|3|211718100|5|Moored|nan|0|true|8.5765|53.5306|360|511|14|0|Not available|true|85066]
[2024-08-08 23:31:15|3|211718100|5|Moored|nan|0|true|8.5765|53.5306|360|511|14|0|Not available|true|85066]
[2024-08-08 23:31:19|1|211595610|0|Under way using engine|nan|0|true|8.5802|53.5365|295.4|511|19|0|Not available|true|99011]
[2024-08-08 23:31:19|1|211595610|0|Under way using engine|nan|0|true|8.5802|53.5365|295.4|511|19|0|Not available|true|99011]
[2024-08-08 23:31:21|5|211225940|9031208|DBMN|TIDE|55|Law Enforcement|8|23|6|1|1|00-00T24:60Z|undefined|0|0|24|60|2.3|BRV|0]
[2024-08-08 23:31:21|5|211225940|9031208|DBMN|TIDE|55|Law Enforcement|8|23|6|1|1|00-00T24:60Z|undefined|0|0|24|60|2.3|BRV|0]
[2024-08-08 23:31:21|1|211599340|0|Under way using engine|nan|0|true|8.5804|53.5364|297.3|511|21|0|Not available|true|66314]
[2024-08-08 23:31:21|1|211599340|0|Under way using engine|nan|0|true|8.5804|53.5364|297.3|511|21|0|Not available|true|66314]
[2024-08-08 23:31:24|24|211300110|A|A|TENDER TO ARIS]
[2024-08-08 23:31:24|24|211300110|A|A|TENDER TO ARIS]
[2024-08-08 23:31:24|24|211300110|B|B|37|Pleasure Craft|DD6026|null|AMC   B|8|133152|6|0|0|3]
[2024-08-08 23:31:24|24|211300110|B|B|37|Pleasure Craft|DD6026|null|AMC   B|8|133152|6|0|0|3]
[2024-08-08 23:31:24|1|218709000|0|Under way using engine|undefined|0|true|8.5828|53.5382|0.6|54|21|0|Not available|false|66430]
[2024-08-08 23:31:24|1|218709000|0|Under way using engine|undefined|0|true|8.5828|53.5382|0.6|54|21|0|Not available|false|66430]
[2024-08-08 23:31:26|1|211233660|15|Not defined|undefined|0|false|8.5777|53.5366|235.9|228|24|0|Not available|false|114794]
[2024-08-08 23:31:26|1|211233660|15|Not defined|undefined|0|false|8.5777|53.5366|235.9|228|24|0|Not available|false|114794]
[2024-08-08 23:31:27|1|211540110|0|Under way using engine|undefined|0|false|8.5774|53.5365|311.4|235|27|0|Not available|false|82032]
[2024-08-08 23:31:27|1|211540110|0|Under way using engine|undefined|0|false|8.5774|53.5365|311.4|235|27|0|Not available|false|82032]
[2024-08-08 23:31:28|1|211595610|0|Under way using engine|nan|0|true|8.5802|53.5365|295.8|511|28|0|Not available|true|82100]
[2024-08-08 23:31:28|1|211595610|0|Under way using engine|nan|0|true|8.5802|53.5365|295.8|511|28|0|Not available|true|82100]
[2024-08-08 23:31:31|5|211599340|0|DC4779|NORDENHAM|60|Passenger - all ships of this type|30|30|7|7|0|01-05T00:00Z|undefined|1|5|0|0|2.5|BREMERHAVEN-NORDENAM|0]
[2024-08-08 23:31:31|5|211599340|0|DC4779|NORDENHAM|60|Passenger - all ships of this type|30|30|7|7|0|01-05T00:00Z|undefined|1|5|0|0|2.5|BREMERHAVEN-NORDENAM|0]
[2024-08-08 23:31:31|3|211225940|5|Moored|undefined|0|false|8.58|53.5369|203.2|237|30|0|Not available|false|85098]
[2024-08-08 23:31:31|3|211225940|5|Moored|undefined|0|false|8.58|53.5369|203.2|237|30|0|Not available|false|85098]
[2024-08-08 23:31:31|1|211599340|0|Under way using engine|nan|0|true|8.5804|53.5364|297|511|31|0|Not available|true|66698]
[2024-08-08 23:31:31|1|211599340|0|Under way using engine|nan|0|true|8.5804|53.5364|297|511|31|0|Not available|true|66698]
[2024-08-08 23:31:33|1|211536810|0|Under way using engine|undefined|0|true|8.5779|53.5367|51.9|231|33|0|Not available|false|99525]
[2024-08-08 23:31:33|1|211536810|0|Under way using engine|undefined|0|true|8.5779|53.5367|51.9|231|33|0|Not available|false|99525]
[2024-08-08 23:31:33|3|314543000|1|At anchor|15.697585132752106|0|false|8.5643|53.5237|336.5|254|32|0|Not available|false|85338]
[2024-08-08 23:31:33|3|314543000|1|At anchor|15.697585132752106|0|false|8.5643|53.5237|336.5|254|32|0|Not available|false|85338]
[2024-08-08 23:31:34|1|218709000|0|Under way using engine|undefined|0|true|8.5828|53.5382|323.8|54|31|0|Not available|false|2253]
[2024-08-08 23:31:34|1|218709000|0|Under way using engine|undefined|0|true|8.5828|53.5382|323.8|54|31|0|Not available|false|2253]
[2024-08-08 23:31:37|1|211233660|15|Not defined|undefined|0|false|8.5777|53.5366|235.9|228|35|0|Not available|false|66917]
[2024-08-08 23:31:39|1|211595610|0|Under way using engine|nan|0|true|8.5803|53.5365|295.4|511|40|0|Not available|true|34240]
[2024-08-08 23:31:42|1|211555420|3|Restricted manoeuverability|undefined|0|true|8.5777|53.5183|84.5|338|42|0|Not available|false|34350]
[2024-08-08 23:31:43|1|218709000|0|Under way using engine|undefined|0|true|8.5828|53.5382|349.8|54|40|0|Not available|false|27260]
[2024-08-08 23:31:46|1|211233660|15|Not defined|undefined|0|false|8.5777|53.5366|235.9|228|44|0|Not available|false|49241]
[2024-08-08 23:31:48|1|245586000|0|Under way using engine|undefined|0|true|8.5665|53.5468|66|334|45|0|Not available|false|49379]
[2024-08-08 23:31:51|3|210525000|5|Moored|undefined|0|false|8.576|53.5232|278.5|182|51|0|Not available|false|0]
2024-08-08 23:32:13|1|211536810|0|Under way using engine|undefined|0|true|8.5779|53.5367|51.9|230|13|0|Not available|false|49265
2024-08-08 23:32:14|1|218709000|0|Under way using engine|undefined|0|true|8.5828|53.5382|323.8|54|10|0|Not available|false|27264
2024-08-08 23:32:14|3|211630370|5|Moored|6.6934727907118585|0|false|8.5742|53.5231|248.5|180|14|0|Not available|false|84234
2024-08-08 23:32:15|1|211253400|15|Not defined|nan|0|false|8.5731|53.5454|0|511|11|0|Not available|false|66099
2024-08-08 23:32:15|1|211540110|0|Under way using engine|undefined|0|false|8.5775|53.5365|3.6|234|16|0|Not available|false|2234
2024-08-08 23:32:19|1|211595610|0|Under way using engine|nan|0|false|8.5803|53.5365|301.8|511|19|0|Not available|true|82100
2024-08-08 23:32:20|24|211816240|A|A|LOTHLORIEN
2024-08-08 23:32:21|1|211599340|0|Under way using engine|nan|0|true|8.5804|53.5364|296.5|511|21|0|Not available|true|49321
2024-08-08 23:32:26|3|211225920|5|Moored|undefined|0|true|8.5814|53.5374|338.6|233|24|0|Not available|false|0
2024-08-08 23:32:26|1|211233660|15|Not defined|undefined|0|false|8.5776|53.5367|235.9|228|24|0|Not available|false|99269
2024-08-08 23:32:27|1|211540110|0|Under way using engine|undefined|0|false|8.5775|53.5365|312|234|27|0|Not available|false|66536
2024-08-08 23:32:28|1|211595610|0|Under way using engine|nan|0|true|8.5803|53.5365|302.7|511|28|0|Not available|true|66574
2024-08-08 23:32:29|3|211706840|5|Moored|undefined|0|false|8.5769|53.5313|293.1|93|29|0|Not available|false|84506
2024-08-08 23:32:30|1|245586000|0|Under way using engine|undefined|0|true|8.5665|53.5468|66|334|27|0|Not available|false|2188
2024-08-08 23:32:33|1|211536810|0|Under way using engine|undefined|0|true|8.5779|53.5366|51.9|230|33|0|Not available|false|82033
2024-08-08 23:32:34|1|218709000|0|Under way using engine|undefined|0|true|8.5828|53.5382|143.8|54|30|0|Not available|false|99576
2024-08-08 23:32:36|1|211540110|0|Under way using engine|undefined|0|false|8.5775|53.5365|307.6|234|36|0|Not available|false|2276
2024-08-08 23:32:42|1|211599340|0|Under way using engine|nan|0|true|8.5804|53.5364|297.4|511|42|0|Not available|true|27264
2024-08-08 23:32:43|1|218709000|0|Under way using engine|undefined|0|true|8.5828|53.5382|323.8|54|39|0|Not available|false|2235
2024-08-08 23:32:44|1|211253400|15|Not defined|nan|0|false|8.5731|53.5454|0|511|40|0|Not available|false|49242
2024-08-08 23:32:46|1|211233660|15|Not defined|undefined|0|false|8.5777|53.5367|235.9|228|44|0|Not available|false|34489
2024-08-08 23:32:46|1|211290740|0|Under way using engine|undefined|0|false|8.5674|53.5458|0|329|47|0|Not available|false|34501
2024-08-08 23:32:48|1|211595610|0|Under way using engine|nan|0|true|8.5802|53.5365|304.1|511|48|0|Not available|true|49332
2024-08-08 23:32:53|1|211599340|0|Under way using engine|nan|0|true|8.5804|53.5365|297.7|511|53|0|Not available|true|49321
2024-08-08 23:32:53|1|218709000|0|Under way using engine|undefined|0|true|8.5828|53.5382|323.8|54|50|0|Not available|false|82020
2024-08-08 23:32:58|1|211228220|0|Under way using engine|undefined|0|true|8.578|53.525|272.9|344|58|0|Not available|false|34926
2024-08-08 23:32:58|1|211595610|0|Under way using engine|nan|0|true|8.5802|53.5365|304|511|58|0|Not available|true|82101
2024-08-08 23:33:03|1|211599340|0|Under way using engine|nan|0|true|8.5804|53.5365|296.5|511|3|0|Not available|true|49321
2024-08-08 23:33:03|1|218709000|0|Under way using engine|undefined|0|true|8.5828|53.5382|143.8|54|0|0|Not available|false|27268
2024-08-08 23:33:06|1|211233660|15|Not defined|undefined|0|false|8.5777|53.5367|235.9|228|5|0|Not available|false|49251
2024-08-08 23:33:08|1|211595610|0|Under way using engine|nan|0|true|8.5802|53.5365|302.4|511|8|0|Not available|true|49333
2024-08-08 23:33:08|3|211228220|0|Under way using engine|undefined|0|true|8.578|53.525|272.9|344|8|0|Not available|false|12353
2024-08-08 23:33:13|1|211536810|0|Under way using engine|undefined|0|true|8.578|53.5366|51.9|229|13|0|Not available|false|33237
2024-08-08 23:33:14|1|218709000|0|Under way using engine|undefined|0|true|8.5828|53.5382|323.8|54|11|0|Not available|false|2265
2024-08-08 23:33:19|1|211595610|0|Under way using engine|nan|0|true|8.5802|53.5365|301.3|511|19|0|Not available|true|66243
2024-08-08 23:33:21|1|211599340|0|Under way using engine|nan|0|false|8.5803|53.5366|294|511|21|0|Not available|true|33546
2024-08-08 23:33:25|1|211253400|15|Not defined|nan|0|false|8.5731|53.5454|0|511|22|0|Not available|false|99246
2024-08-08 23:33:26|1|211233660|15|Not defined|undefined|0|false|8.5777|53.5366|235.9|228|24|0|Not available|false|82026
2024-08-08 23:33:26|3|211264470|5|Moored|nan|0|false|8.5711|53.548|360|511|25|0|Not available|false|107712
2024-08-08 23:33:29|1|211523490|0|Under way using engine|nan|0|true|8.5759|53.5172|360|511|28|0|Not available|true|114877
2024-08-08 23:33:33|1|211536810|0|Under way using engine|undefined|0|true|8.578|53.5366|51.9|230|33|0|Not available|false|66757
2024-08-08 23:33:35|5|211536810|0|DBLI|FRYA|50|Pilot Vessel1|15|4|2|3|0|03-31T08:15Z|undefined|3|31|8|15|1.8|BREMERHAVEN PILOT|0
2024-08-08 23:33:36|3|253743000|1|At anchor|undefined|0|true|8.5548|53.5179|229|245|35|0|Not available|true|84314
2024-08-08 23:33:39|1|211595610|0|Under way using engine|nan|0|true|8.5802|53.5365|297.1|511|40|0|Not available|true|2249
2024-08-08 23:33:41|3|211235180|5|Moored|nan|0.1|false|8.5782|53.5368|213.6|511|39|0|Not available|false|0
2024-08-08 23:33:42|1|211599340|0|Under way using engine|nan|0|true|8.5804|53.5365|293.5|511|42|0|Not available|true|2259
2024-08-08 23:33:43|1|218709000|0|Under way using engine|undefined|0|true|8.5828|53.5382|143.8|54|39|0|Not available|false|82024
2024-08-08 23:33:48|1|211595610|0|Under way using engine|nan|0|true|8.5802|53.5365|296.2|511|48|0|Not available|true|34547
2024-08-08 23:33:53|1|211536810|0|Under way using engine|undefined|0|true|8.5779|53.5367|51.9|230|53|0|Not available|false|27268
2024-08-08 23:33:53|1|211599340|0|Under way using engine|nan|0|true|8.5804|53.5364|293.5|511|53|0|Not available|true|34734
2024-08-08 23:33:55|3|219029833|5|Moored|undefined|0|true|8.5601|53.5529|275.1|1|54|0|Not available|false|86010
2024-08-08 23:33:58|1|211595610|0|Under way using engine|nan|0|true|8.5802|53.5365|295.3|511|58|0|Not available|true|67697
2024-08-08 23:34:03|1|211599340|0|Under way using engine|nan|0|true|8.5804|53.5364|292.8|511|3|0|Not available|true|32860
2024-08-08 23:34:06|1|211233660|15|Not defined|undefined|0|false|8.5777|53.5366|235.9|228|5|0|Not available|false|33000
2024-08-08 23:34:08|1|211595610|0|Under way using engine|nan|0|true|8.5802|53.5365|296.7|511|8|0|Not available|true|33048
2024-08-08 23:34:08|1|211228220|0|Under way using engine|undefined|0|true|8.5781|53.525|272.9|344|8|0|Not available|false|65821
2024-08-08 23:34:12|1|211599340|0|Under way using engine|nan|0|true|8.5804|53.5364|294.9|511|12|0|Not available|true|27272
2024-08-08 23:34:14|5|211630370|7725453|DHVE2|LEV TORNADO|99|Other Type - no additional information|24|24|5|4|1|01-15T09:00Z|undefined|1|15|9|0|3.5|BREMERHAVEN|0
2024-08-08 23:34:14|1|218709000|0|Under way using engine|undefined|0|true|8.5828|53.5382|143.8|54|11|0|Not available|false|49256
2024-08-08 23:34:19|1|211595610|0|Under way using engine|nan|0|true|8.5802|53.5365|300.3|511|19|0|Not available|true|49331
2024-08-08 23:34:24|1|218709000|0|Under way using engine|undefined|0|true|8.5828|53.5382|323.8|54|20|0|Not available|false|27272
2024-08-08 23:34:26|1|211233660|15|Not defined|undefined|0|false|8.5777|53.5366|235.9|228|24|0|Not available|false|66501
2024-08-08 23:34:28|1|211595610|0|Under way using engine|nan|0|true|8.5802|53.5365|300.7|511|28|0|Not available|true|33806
2024-08-08 23:34:28|1|245586000|0|Under way using engine|undefined|0|true|8.5665|53.5468|66|334|25|0|Not available|false|49379
2024-08-08 23:34:30|3|211225940|5|Moored|undefined|0|false|8.5799|53.537|203.2|237|29|0|Not available|false|85722
2024-08-08 23:34:34|1|218709000|0|Under way using engine|undefined|0|true|8.5828|53.5382|323.8|54|31|0|Not available|false|66808
2024-08-08 23:34:38|1|211228220|0|Under way using engine|undefined|0|true|8.5781|53.525|272.9|344|38|0|Not available|false|99725
2024-08-08 23:34:42|1|211599340|0|Under way using engine|nan|0|false|8.5804|53.5364|297.1|511|43|0|Not available|true|99890
2024-08-08 23:34:43|1|218709000|0|Under way using engine|undefined|0|true|8.5828|53.5382|143.8|54|40|0|Not available|false|67139
2024-08-08 23:34:45|3|211386490|5|Moored|undefined|0|false|8.5819|53.5377|42|238|45|0|Not available|false|85434
2024-08-08 23:34:46|1|211233660|15|Not defined|undefined|0|false|8.5778|53.5366|235.9|228|44|0|Not available|false|2280
2024-08-08 23:34:50|18|211816240|0|true|8.5827|53.534|360|511|50|true|304445
2024-08-08 23:34:52|3|211172030|5|Moored|undefined|0.1|true|8.5769|53.534|325.8|248|51|0|Not available|false|85738
2024-08-08 23:34:52|3|210525000|5|Moored|undefined|0|false|8.5759|53.5232|278.5|182|51|0|Not available|false|0
2024-08-08 23:34:53|1|211536810|0|Under way using engine|undefined|0|true|8.5779|53.5367|51.9|230|53|0|Not available|false|2269
2024-08-08 23:34:53|1|211599340|0|Under way using engine|nan|0|true|8.5804|53.5364|297|511|53|0|Not available|true|27272
2024-08-08 23:34:55|1|211540110|0|Under way using engine|undefined|0|false|8.5774|53.5364|309.2|235|55|0|Not available|false|27272
2024-08-08 23:34:58|3|211595610|0|Under way using engine|nan|0|true|8.5803|53.5365|299.3|511|58|0|Not available|true|29667
2024-08-08 23:35:02|1|211536810|0|Under way using engine|undefined|0|true|8.5779|53.5367|51.9|230|2|0|Not available|false|49265
2024-08-08 23:35:04|1|218709000|0|Under way using engine|undefined|0|true|8.5828|53.5382|323.8|54|1|0|Not available|false|98449
2024-08-08 23:35:08|1|211228220|0|Under way using engine|undefined|0|true|8.578|53.525|272.9|344|8|0|Not available|false|49290
2024-08-08 23:35:12|1|211599340|0|Under way using engine|nan|0|false|8.5804|53.5364|299.1|511|12|0|Not available|true|2269
2024-08-08 23:35:13|1|211536810|0|Under way using engine|undefined|0|true|8.5779|53.5367|51.9|230|13|0|Not available|false|2267
2024-08-08 23:35:14|1|218709000|0|Under way using engine|undefined|0|true|8.5828|53.5382|143.8|54|11|0|Not available|false|33305
2024-08-08 23:35:15|1|211540110|0|Under way using engine|undefined|0|false|8.5774|53.5365|327.7|236|15|0|Not available|false|66097
2024-08-08 23:35:17|1|218057450|0|Under way using engine|undefined|0|true|8.5605|53.5534|215.5|82|14|0|Not available|false|27276
2024-08-08 23:35:21|1|211599340|0|Under way using engine|nan|0|false|8.5804|53.5363|299.5|511|21|0|Not available|true|2284
2024-08-08 23:35:22|1|211555420|3|Restricted manoeuverability|undefined|0|true|8.5777|53.5183|84.5|338|22|0|Not available|false|2309
2024-08-08 23:35:24|1|218709000|0|Under way using engine|undefined|0|true|8.5828|53.5382|323.8|54|20|0|Not available|false|2223
2024-08-08 23:35:25|1|211253400|15|Not defined|nan|0|false|8.5731|53.5454|0|511|22|0|Not available|false|66478
2024-08-08 23:35:26|1|211233660|15|Not defined|undefined|0|false|8.5777|53.5367|235.9|228|24|0|Not available|false|49265
2024-08-08 23:35:28|1|211595610|0|Under way using engine|nan|0|false|8.5802|53.5365|299.3|511|28|0|Not available|true|27276
2024-08-08 23:35:28|1|245586000|0|Under way using engine|undefined|0|true|8.5666|53.5468|66|334|25|0|Not available|false|33812
2024-08-08 23:35:28|1|211228220|0|Under way using engine|undefined|0|true|8.578|53.525|272.9|344|28|0|Not available|false|27276
2024-08-08 23:35:29|1|211523490|0|Under way using engine|nan|0|true|8.5759|53.5173|360|511|28|0|Not available|true|82110
2024-08-08 23:35:31|1|211599340|0|Under way using engine|nan|0|false|8.5804|53.5363|299|511|31|0|Not available|true|2274
2024-08-08 23:35:33|5|211225920|0|DBLO|FRANZIUSPLATE|0|Not available|0|0|0|0|1|01-25T14:30Z|undefined|1|25|14|30|1.2|BREMERHAVEN|0
2024-08-08 23:35:37|1|211233660|15|Not defined|undefined|0|false|8.5778|53.5366|235.9|228|35|0|Not available|false|2221
2024-08-08 23:35:39|1|211523490|0|Under way using engine|nan|0|true|8.5759|53.5173|360|511|39|0|Not available|true|67010
2024-08-08 23:35:42|5|211658290|0|DBFF|ALBATROS|52|Tug|3|13|4|2|1|10-30T14:00Z|undefined|10|30|14|0|2|BREMERHAVEN|0
2024-08-08 23:35:42|1|211599340|0|Under way using engine|nan|0|true|8.5804|53.5363|297.7|511|43|0|Not available|true|82086
2024-08-08 23:35:43|1|211536810|0|Under way using engine|undefined|0|true|8.5779|53.5366|51.9|230|43|0|Not available|false|27276
2024-08-08 23:35:47|5|211595610|0|DC4782|BREMERHAVEN|60|Passenger - all ships of this type|30|30|7|7|0|12-31T23:20Z|undefined|12|31|23|20|2.7|BREMERHAFEN-BLEXEN|0
2024-08-08 23:35:48|1|211595610|0|Under way using engine|nan|0|true|8.5802|53.5365|298.5|511|48|0|Not available|true|2315
2024-08-08 23:35:48|1|211228220|0|Under way using engine|undefined|0|true|8.578|53.525|272.9|344|48|0|Not available|false|67334
2024-08-08 23:35:53|1|211599340|0|Under way using engine|nan|0|true|8.5804|53.5363|297.9|511|53|0|Not available|true|2225
2024-08-08 23:35:53|1|211536810|0|Under way using engine|undefined|0|true|8.5779|53.5367|51.9|230|53|0|Not available|false|82034
2024-08-08 23:35:56|1|211233660|15|Not defined|undefined|0|false|8.5778|53.5366|235.9|228|55|0|Not available|false|34866
2024-08-08 23:35:58|3|211658290|5|Moored|undefined|0|false|8.5784|53.5291|175.4|167|58|0|Not available|false|84554
2024-08-08 23:35:58|1|211595610|0|Under way using engine|nan|0|true|8.5802|53.5365|297.9|511|58|0|Not available|true|34929
2024-08-08 23:35:59|1|211228220|0|Under way using engine|undefined|0|true|8.578|53.525|272.9|344|59|0|Not available|false|49290
2024-08-08 23:35:59|5|211634880|0|DG6623|GEESTEMUENDE|99|Other Type - no additional information|11|20|3|4|1|08-02T15:30Z|undefined|8|2|15|30|1.3|NEUER HAFEN|0
2024-08-08 23:36:01|3|255801580|5|Moored|undefined|0|true|8.5671|53.5655|46.1|194|0|0|Not available|false|84346
2024-08-08 23:36:02|1|211536810|0|Under way using engine|undefined|0|true|8.5779|53.5367|51.9|230|2|0|Not available|false|32845
2024-08-08 23:36:03|1|211599340|0|Under way using engine|nan|0|true|8.5804|53.5363|298.4|511|3|0|Not available|true|2181
2024-08-08 23:36:04|1|218709000|0|Under way using engine|undefined|0|true|8.5828|53.5382|323.7|54|0|0|Not available|false|82023
2024-08-08 23:36:06|1|211233660|15|Not defined|undefined|0|false|8.5778|53.5366|235.9|228|5|0|Not available|false|2267
2024-08-08 23:36:06|1|211540110|0|Under way using engine|undefined|0|false|8.5775|53.5365|278.9|235|7|0|Not available|false|49264
2024-08-08 23:36:08|1|211595610|0|Under way using engine|nan|0|true|8.5802|53.5365|297.7|511|8|0|Not available|true|2266
2024-08-08 23:36:08|1|211228220|0|Under way using engine|undefined|0|true|8.5781|53.525|272.9|344|8|0|Not available|false|33053
2024-08-08 23:36:08|1|245586000|0|Under way using engine|undefined|0|true|8.5666|53.5468|66|334|5|0|Not available|false|33063
2024-08-08 23:36:13|1|211599340|0|Under way using engine|nan|0|true|8.5804|53.5363|298.4|511|13|0|Not available|true|66003
2024-08-08 23:36:14|5|211172030|0|DF4369|LESMONA|55|Law Enforcement|11|5|3|2|1|07-09T21:00Z|undefined|7|9|21|0|1.4|DEBRV|0
2024-08-08 23:36:15|1|218709000|0|Under way using engine|undefined|0|true|8.5828|53.5382|143.7|54|11|0|Not available|false|27280
2024-08-08 23:36:15|1|211540110|0|Under way using engine|undefined|0|false|8.5775|53.5365|266.1|235|15|0|Not available|false|49264
2024-08-08 23:36:15|1|211253400|15|Not defined|nan|0|false|8.5731|53.5454|0|511|12|0|Not available|false|2216
2024-08-08 23:36:19|1|211595610|0|Under way using engine|nan|0|true|8.5802|53.5365|296.9|511|19|0|Not available|true|27280
2024-08-08 23:36:22|1|211599340|0|Under way using engine|nan|0|true|8.5804|53.5364|298.4|511|22|0|Not available|true|114854
2024-08-08 23:36:22|1|211536810|0|Under way using engine|undefined|0|true|8.5779|53.5367|51.9|230|22|0|Not available|false|2287
2024-08-08 23:36:23|1|218709000|0|Under way using engine|undefined|0|true|8.5828|53.5382|143.7|54|20|0|Not available|false|82026
2024-08-08 23:36:24|3|211634880|5|Moored|nan|0|false|8.5721|53.5451|230.7|511|24|0|Not available|false|85466
2024-08-08 23:36:25|1|211253400|15|Not defined|nan|0|false|8.5731|53.5454|0|511|22|0|Not available|false|49244
2024-08-08 23:36:26|3|211264470|5|Moored|nan|0|false|8.5711|53.5479|360|511|25|0|Not available|false|84698
2024-08-08 23:36:26|1|211233660|15|Not defined|undefined|0|false|8.5778|53.5366|235.9|228|24|0|Not available|false|33733
2024-08-08 23:36:28|1|211595610|0|Under way using engine|nan|0|true|8.5802|53.5365|296.5|511|28|0|Not available|true|2257
2024-08-08 23:36:28|1|245586000|0|Under way using engine|undefined|0|true|8.5666|53.5468|66|334|25|0|Not available|false|27280
2024-08-08 23:36:32|1|211599340|0|Under way using engine|nan|0|true|8.5804|53.5364|300.2|511|32|0|Not available|true|66722
2024-08-08 23:36:33|5|211235180|0|DBAC|HERMANN RUDOLF MEYER|51|Search and Rescue vessel|11|12|3|3|1|01-01T00:00Z|undefined|1|1|0|0|1.6||0
2024-08-08 23:36:33|1|211536810|0|Under way using engine|undefined|0|true|8.5779|53.5367|51.9|230|33|0|Not available|false|27280
2024-08-08 23:36:34|1|218709000|0|Under way using engine|undefined|0|true|8.5828|53.5382|82.8|54|31|0|Not available|false|34040
2024-08-08 23:36:36|3|253743000|1|At anchor|undefined|0|true|8.5548|53.5179|310.8|245|35|0|Not available|true|85370
2024-08-08 23:36:37|1|211540110|0|Under way using engine|undefined|0|false|8.5775|53.5365|340.6|234|37|0|Not available|false|2219
2024-08-08 23:36:38|5|211411980|9313187|DBHX|ZENIT|90|Other Type - all ships of this type|18|12|2|4|1|08-08T14:00Z|undefined|8|8|14|0|2.1|SURVEY OPS WESER|0
2024-08-08 23:36:39|1|211595610|0|Under way using engine|nan|0|true|8.5802|53.5365|296.7|511|40|0|Not available|true|49330
2024-08-08 23:36:41|3|211235180|5|Moored|nan|0.1|false|8.5782|53.5368|218.1|511|39|0|Not available|false|0
2024-08-08 23:36:43|1|211536810|0|Under way using engine|undefined|0|true|8.5779|53.5367|51.9|230|43|0|Not available|false|2263
2024-08-08 23:36:45|1|211253400|15|Not defined|nan|0|false|8.5731|53.5454|0|511|42|0|Not available|false|99995
2024-08-08 23:36:47|1|211233660|15|Not defined|undefined|0|false|8.5778|53.5366|235.9|228|45|0|Not available|false|100055
2024-08-08 23:36:49|1|211595610|0|Under way using engine|nan|0|false|8.5802|53.5365|297.4|511|49|0|Not available|true|100148
2024-08-08 23:36:50|1|245586000|0|Under way using engine|undefined|0|true|8.5666|53.5468|66|334|47|0|Not available|false|82149
2024-08-08 23:36:53|1|218709000|0|Under way using engine|undefined|0|true|8.5828|53.5382|143.7|54|49|0|Not available|false|27280
2024-08-08 23:36:53|1|211536810|0|Under way using engine|undefined|0|true|8.5779|53.5367|51.9|230|53|0|Not available|false|67519
2024-08-08 23:36:54|1|211253400|15|Not defined|nan|0|false|8.5731|53.5454|0|511|50|0|Not available|false|49242
2024-08-08 23:36:56|1|211540110|0|Under way using engine|undefined|0|false|8.5775|53.5365|290.1|234|56|0|Not available|false|100384
2024-08-08 23:36:56|1|211233660|15|Not defined|undefined|0|false|8.5778|53.5366|235.9|228|55|0|Not available|false|27280
2024-08-08 23:36:56|3|218042130|5|Moored|undefined|0|true|8.5837|53.5085|39.8|262|52|0|Not available|false|85802
2024-08-08 23:36:58|1|211595610|0|Under way using engine|nan|0|true|8.5802|53.5365|296.7|511|58|0|Not available|true|27280
2024-08-08 23:36:59|1|211228220|0|Under way using engine|undefined|0|true|8.5781|53.525|272.9|344|59|0|Not available|false|34969
2024-08-08 23:37:01|1|211599340|0|Under way using engine|nan|0|true|8.5804|53.5364|299.1|511|1|0|Not available|true|82084
2024-08-08 23:37:07|5|218709000|9502233|DBJC|ALTE WESER|55|Law Enforcement|9|24|3|3|1|08-06T15:00Z|undefined|8|6|15|0|1.8|PATROL|0
2024-08-08 23:37:08|1|245586000|0|Under way using engine|undefined|0|true|8.5666|53.5468|66|334|5|0|Not available|false|27284
2024-08-08 23:37:12|5|210525000|9466233|5BCL6|HILDA B|70|Cargo - all ships of this type|75|13|4|9|1|04-25T08:00Z|undefined|4|25|8|0|4|DEBRE|0
2024-08-08 23:37:12|1|211555420|3|Restricted manoeuverability|undefined|0|true|8.5777|53.5183|84.5|339|12|0|Not available|false|65987
2024-08-08 23:37:13|3|211599340|0|Under way using engine|nan|0|true|8.5804|53.5364|297.1|511|13|0|Not available|true|10817
2024-08-08 23:37:13|1|211536810|0|Under way using engine|undefined|0|true|8.5779|53.5367|51.9|230|13|0|Not available|false|66022
2024-08-08 23:37:14|1|211253400|15|Not defined|nan|0|false|8.5731|53.5454|0|511|11|0|Not available|false|114778
2024-08-08 23:37:15|1|211540110|0|Under way using engine|undefined|0|false|8.5775|53.5365|288.9|234|15|0|Not available|false|33329
2024-08-08 23:37:22|1|211599340|0|Under way using engine|nan|0|true|8.5804|53.5364|298.4|511|22|0|Not available|true|99116
2024-08-08 23:37:22|24|211300110|A|A|TENDER TO ARIS
2024-08-08 23:37:22|24|211300110|B|B|37|Pleasure Craft|DD6026|null|AMC   B|8|133152|6|0|0|3
2024-08-08 23:37:23|1|211536810|0|Under way using engine|undefined|0|true|8.5779|53.5367|51.9|229|23|0|Not available|false|49266
2024-08-08 23:37:23|1|218709000|0|Under way using engine|undefined|0|true|8.5828|53.5382|143.7|54|19|0|Not available|false|66403
2024-08-08 23:37:26|1|211233660|15|Not defined|undefined|0|false|8.5777|53.5366|235.9|228|24|0|Not available|false|27284
2024-08-08 23:37:28|5|211599340|0|DC4779|NORDENHAM|60|Passenger - all ships of this type|30|30|7|7|0|01-05T00:00Z|undefined|1|5|0|0|2.5|BREMERHAVEN-NORDENAM|0
2024-08-08 23:37:28|1|211595610|0|Under way using engine|nan|0|true|8.5802|53.5365|297.5|511|28|0|Not available|true|114866
2024-08-08 23:37:31|3|211225940|5|Moored|undefined|0|false|8.5802|53.5367|203.2|237|30|0|Not available|false|84634
2024-08-08 23:37:32|1|211599340|0|Under way using engine|nan|0|true|8.5804|53.5364|301.5|511|32|0|Not available|true|49317
2024-08-08 23:37:33|1|211536810|0|Under way using engine|undefined|0|true|8.5779|53.5367|51.9|230|33|0|Not available|false|2263
2024-08-08 23:37:34|3|314543000|1|At anchor|15.697585132752106|0.3|false|8.5642|53.5239|172.5|223|33|0|Not available|false|84586
2024-08-08 23:37:34|1|218709000|0|Under way using engine|undefined|0|true|8.5828|53.5382|143.7|54|30|0|Not available|false|27284
2024-08-08 23:37:36|1|211540110|0|Under way using engine|undefined|0|false|8.5775|53.5365|336.4|234|36|0|Not available|false|99645
2024-08-08 23:37:36|1|211233660|15|Not defined|undefined|0|false|8.5777|53.5366|235.9|228|35|0|Not available|false|82010
2024-08-08 23:37:37|1|211290740|0|Under way using engine|undefined|0|false|8.5674|53.5459|0|330|37|0|Not available|false|49319
2024-08-08 23:37:39|5|218042130|0|DF6052|BHV ACTION|52|Tug|14|5|3|4|1|08-07T11:00Z|undefined|8|7|11|0|2.3|BREMERHAVEN|0
2024-08-08 23:37:42|3|211386490|5|Moored|undefined|0|false|8.5819|53.5378|42|238|42|0|Not available|false|86378
2024-08-08 23:37:43|3|211555420|3|Restricted manoeuverability|undefined|0|true|8.5777|53.5183|84.5|339|43|0|Not available|false|27091
2024-08-08 23:37:43|1|211536810|0|Under way using engine|undefined|0|true|8.5779|53.5367|51.9|230|43|0|Not available|false|49266
2024-08-08 23:37:45|1|211253400|15|Not defined|nan|0|false|8.5731|53.5454|0|511|41|0|Not available|false|82009
2024-08-08 23:37:47|1|211233660|15|Not defined|undefined|0|false|8.5777|53.5366|235.9|228|45|0|Not available|false|82012
2024-08-08 23:37:48|1|211228220|0|Under way using engine|undefined|0|true|8.5781|53.525|272.9|344|48|0|Not available|false|34566
2024-08-08 23:37:50|1|245586000|0|Under way using engine|undefined|0|true|8.5666|53.5468|66|334|47|0|Not available|false|67401
2024-08-08 23:37:51|18|211816240|0|true|8.5827|53.534|360|511|50|true|305181
2024-08-08 23:37:52|3|210525000|5|Moored|undefined|0|false|8.5759|53.5232|278.5|182|51|0|Not available|false|0
2024-08-08 23:37:52|1|211599340|0|Under way using engine|nan|0|true|8.5804|53.5364|301.9|511|52|0|Not available|true|100245
2024-08-08 23:37:53|1|218709000|0|Under way using engine|undefined|0|true|8.5828|53.5382|323.7|54|50|0|Not available|false|2289
2024-08-08 23:37:53|3|211172030|5|Moored|undefined|0|true|8.5769|53.534|187.4|249|52|0|Not available|false|84906
2024-08-08 23:37:56|1|211540110|0|Under way using engine|undefined|0|false|8.5775|53.5365|289.4|234|56|0|Not available|false|82033
2024-08-08 23:37:58|1|211595610|0|Under way using engine|nan|0|true|8.5803|53.5365|296.6|511|58|0|Not available|true|2302
2024-08-08 23:38:02|1|211536810|0|Under way using engine|undefined|0|true|8.5779|53.5367|51.9|231|2|0|Not available|false|2234
2024-08-08 23:38:06|1|211253400|15|Not defined|nan|0|false|8.5731|53.5454|0|511|2|0|Not available|false|32967
2024-08-08 23:38:08|1|211228220|0|Under way using engine|undefined|0|true|8.5781|53.525|272.9|344|8|0|Not available|false|2235
2024-08-08 23:38:13|3|211630370|5|Moored|nan|0|false|8.5742|53.5231|248.5|180|13|0|Not available|false|85850
2024-08-08 23:38:14|1|218709000|0|Under way using engine|undefined|0|true|8.5828|53.5382|323.7|54|10|0|Not available|false|66043
2024-08-08 23:38:14|1|211253400|15|Not defined|nan|0|false|8.5731|53.5454|0|511|11|0|Not available|false|98833
2024-08-08 23:38:17|18|211729870|0|true|8.5733|53.5443|360|511|16|true|458755
2024-08-08 23:38:19|1|211595610|0|Under way using engine|nan|0|true|8.5803|53.5365|292|511|19|0|Not available|true|49331
2024-08-08 23:38:22|1|211599340|0|Under way using engine|nan|0|false|8.5804|53.5364|296.7|511|22|0|Not available|true|82086
2024-08-08 23:38:23|1|211536810|0|Under way using engine|undefined|0|true|8.5779|53.5367|51.9|230|23|0|Not available|false|33623
2024-08-08 23:38:23|1|218709000|0|Under way using engine|undefined|0|true|8.5828|53.5382|323.7|54|20|0|Not available|false|49255
2024-08-08 23:38:26|1|211233660|15|Not defined|undefined|0|false|8.5776|53.5367|235.9|228|24|0|Not available|false|2269
2024-08-08 23:38:27|3|211225920|5|Moored|undefined|0|true|8.5814|53.5374|338.6|234|25|0|Not available|false|0
2024-08-08 23:38:28|1|211595610|0|Under way using engine|nan|0|true|8.5803|53.5365|293.1|511|28|0|Not available|true|99349
2024-08-08 23:38:28|1|245586000|0|Under way using engine|undefined|0|true|8.5666|53.5468|66|334|25|0|Not available|false|82146
2024-08-08 23:38:32|1|211599340|0|Under way using engine|nan|0|false|8.5803|53.5364|297.7|511|32|0|Not available|true|33954
2024-08-08 23:38:33|1|211536810|0|Under way using engine|undefined|0|true|8.5779|53.5367|51.9|230|33|0|Not available|false|114802
2024-08-08 23:38:36|1|211540110|0|Under way using engine|undefined|0|false|8.5775|53.5365|300.7|233|36|0|Not available|false|82033
2024-08-08 23:38:43|1|211599340|0|Under way using engine|nan|0|true|8.5804|53.5365|298|511|43|0|Not available|true|34354
2024-08-08 23:38:43|1|211555420|3|Restricted manoeuverability|undefined|0|true|8.5777|53.5183|84.5|339|43|0|Not available|false|27288
2024-08-08 23:38:43|1|211536810|0|Under way using engine|undefined|0|true|8.5779|53.5367|51.9|229|43|0|Not available|false|34387
2024-08-08 23:38:45|1|211253400|15|Not defined|nan|0|false|8.5731|53.5454|0|511|42|0|Not available|false|67227
2024-08-08 23:38:47|1|211233660|15|Not defined|undefined|0|false|8.5777|53.5367|235.9|228|45|0|Not available|false|67287
2024-08-08 23:38:49|1|211595610|0|Under way using engine|nan|0|true|8.5803|53.5365|294.6|511|49|0|Not available|true|67380
2024-08-08 23:38:52|1|211599340|0|Under way using engine|nan|0|true|8.5804|53.5365|298.3|511|52|0|Not available|true|82086
2024-08-08 23:38:56|1|211540110|0|Under way using engine|undefined|0|false|8.5775|53.5365|337.1|233|56|0|Not available|false|67616
2024-08-08 23:39:02|1|211536810|0|Under way using engine|undefined|0|true|8.5779|53.5366|51.9|230|2|0|Not available|false|49266
2024-08-08 23:39:02|1|211555420|3|Restricted manoeuverability|undefined|0|true|8.5777|53.5183|84.5|339|2|0|Not available|false|32842
2024-08-08 23:39:04|1|218709000|0|Under way using engine|undefined|0|true|8.5828|53.5382|323.6|54|0|0|Not available|false|32913
2024-08-08 23:39:06|1|211253400|15|Not defined|nan|0|false|8.5731|53.5454|0|511|2|0|Not available|false|27292
2024-08-08 23:39:07|1|211540110|0|Under way using engine|undefined|0|false|8.5775|53.5365|308.1|234|7|0|Not available|false|2210
2024-08-08 23:39:07|1|211228220|0|Under way using engine|undefined|0|true|8.578|53.525|272.9|344|8|0|Not available|false|65806
2024-08-08 23:39:10|1|245586000|0|Under way using engine|undefined|0|true|8.5666|53.5468|66|334|6|0|Not available|false|65882
2024-08-08 23:39:13|1|211599340|0|Under way using engine|nan|0|false|8.5804|53.5364|298.3|511|13|0|Not available|true|27292
2024-08-08 23:39:13|1|211536810|0|Under way using engine|undefined|0|true|8.5779|53.5366|51.9|230|13|0|Not available|false|33254
2024-08-08 23:39:19|1|211595610|0|Under way using engine|nan|0|true|8.5803|53.5365|294.7|511|19|0|Not available|true|33478
2024-08-08 23:39:22|1|211599340|0|Under way using engine|nan|0|false|8.5805|53.5364|297.8|511|22|0|Not available|true|66348
2024-08-08 23:39:25|3|211172020|5|Moored|undefined|0|true|8.577|53.5339|291.3|248|24|0|Not available|false|84682
2024-08-08 23:39:25|1|211253400|15|Not defined|nan|0|false|8.5731|53.5454|0|511|21|0|Not available|false|2202
2024-08-08 23:39:26|1|211233660|15|Not defined|undefined|0|false|8.5777|53.5366|235.9|228|25|0|Not available|false|49259
2024-08-08 23:39:28|1|211595610|0|Under way using engine|nan|0|false|8.5803|53.5365|294.6|511|28|0|Not available|true|82099
2024-08-08 23:39:28|1|245586000|0|Under way using engine|undefined|0|true|8.5666|53.5468|66|334|25|0|Not available|false|66590
2024-08-08 23:39:29|1|211523490|0|Under way using engine|nan|0|true|8.5759|53.5173|360|511|28|0|Not available|true|27292
2024-08-08 23:39:30|18|211300110|0.1|false|8.5872|53.5348|351.2|511|29|false|458755
2024-08-08 23:39:32|1|211599340|0|Under way using engine|nan|0|true|8.5805|53.5364|298.1|511|32|0|Not available|true|27292
2024-08-08 23:39:33|1|211536810|0|Under way using engine|undefined|0|true|8.578|53.5367|51.9|231|33|0|Not available|false|99538
2024-08-08 23:39:33|1|218709000|0|Under way using engine|undefined|0|true|8.5828|53.5382|323.6|54|29|0|Not available|false|99540
2024-08-08 23:39:36|1|211540110|0|Under way using engine|undefined|0|false|8.5775|53.5365|300.3|235|36|0|Not available|false|66877
2024-08-08 23:39:36|1|211233660|15|Not defined|undefined|0|false|8.5777|53.5366|235.9|228|35|0|Not available|false|49238
2024-08-08 23:39:37|5|636092313|9267742|D5AH2|KOGA REVOLUTION|79|Cargo - No additional information|122|13|7|15|1|07-29T06:00Z|undefined|7|29|6|0|6|BREMERHAVEN|0
2024-08-08 23:39:38|5|211386490|8779229|DBHN|NADIR|90|Other Type - all ships of this type|11|5|2|2|1|01-22T16:00Z|undefined|1|22|16|0|1.1|SURVEY OPERATION|0
2024-08-08 23:39:38|1|218057450|0|Under way using engine|fastright|0.2|true|8.5605|53.5534|181.6|94|35|0|Not available|false|99720
2024-08-08 23:39:43|1|211599340|0|Under way using engine|nan|0|true|8.5805|53.5364|298.4|511|43|0|Not available|true|27292
2024-08-08 23:39:44|1|218709000|0|Under way using engine|undefined|0|true|8.5828|53.5382|323.6|54|40|0|Not available|false|82025
2024-08-08 23:39:44|24|211729870|B|B|37|Pleasure Craft|DK9093|null|SRTD-8A|1|175638|10|1|2|1
2024-08-08 23:39:47|3|211233660|15|Not defined|undefined|0|false|8.5777|53.5366|235.9|228|45|0|Not available|false|18051
2024-08-08 23:39:48|1|211228220|0|Under way using engine|undefined|0|true|8.578|53.525|272.9|344|48|0|Not available|false|2254
2024-08-08 23:39:49|1|211523490|0|Under way using engine|nan|0|true|8.5759|53.5173|360|511|48|0|Not available|true|82104
2024-08-08 23:39:50|1|245586000|0|Under way using engine|undefined|0|true|8.5666|53.5468|66|334|47|0|Not available|false|34633
2024-08-08 23:39:52|1|211599340|0|Under way using engine|nan|0|true|8.5805|53.5364|299.1|511|52|0|Not available|true|67477
2024-08-08 23:39:53|1|211555420|3|Restricted manoeuverability|undefined|0|true|8.5777|53.5183|84.5|339|53|0|Not available|false|67506
2024-08-08 23:39:53|1|211536810|0|Under way using engine|undefined|0|true|8.5779|53.5367|51.9|229|53|0|Not available|false|27292
2024-08-08 23:39:54|1|218709000|0|Under way using engine|undefined|0|true|8.5828|53.5382|143.6|54|51|0|Not available|false|34788
2024-08-08 23:39:59|1|211595610|0|Under way using engine|nan|0|true|8.5803|53.5365|295.5|511|59|0|Not available|true|82100
2024-08-08 23:40:04|1|218709000|0|Under way using engine|undefined|0|true|8.5828|53.5382|143.6|54|1|0|Not available|false|27296
2024-08-08 23:40:06|1|211540110|0|Under way using engine|undefined|0|false|8.5775|53.5365|309|234|5|0|Not available|false|114801
2024-08-08 23:40:08|1|211595610|0|Under way using engine|nan|0|false|8.5803|53.5364|295.2|511|8|0|Not available|true|27296
2024-08-08 23:40:10|1|245586000|0|Under way using engine|undefined|0|true|8.5666|53.5468|66|334|6|0|Not available|false|49379
2024-08-08 23:40:13|1|211599340|0|Under way using engine|nan|0|true|8.5804|53.5364|298.2|511|13|0|Not available|true|2200
2024-08-08 23:40:13|1|211536810|0|Under way using engine|undefined|0|true|8.5779|53.5366|51.9|229|13|0|Not available|false|27296
2024-08-08 23:40:14|1|218709000|0|Under way using engine|undefined|0|true|8.5828|53.5382|323.6|54|10|0|Not available|false|33275
2024-08-08 23:40:14|3|218057450|0|Under way using engine|fastright|2|true|8.5606|53.5532|149|162|11|0|Not available|false|4224
2024-08-08 23:40:17|1|211540110|0|Under way using engine|undefined|0|false|8.5775|53.5365|320|234|17|0|Not available|false|114801
2024-08-08 23:40:18|5|211718100|0|DK8884|GREENPORTS 1|79|Cargo - No additional information|56|15|5|6|0|09-16T23:00Z|undefined|9|16|23|0|2|BREMERHAVEN|0
2024-08-08 23:40:18|3|218057450|0|Under way using engine|fastright|2.3|true|8.5607|53.5531|151.5|172|15|0|Not available|false|4049
2024-08-08 23:40:19|1|211595610|0|Under way using engine|nan|0|false|8.5803|53.5364|295.8|511|19|0|Not available|true|27296
2024-08-08 23:40:22|1|211599340|0|Under way using engine|nan|0|false|8.5804|53.5364|299.2|511|22|0|Not available|true|49318
2024-08-08 23:40:23|1|218709000|0|Under way using engine|undefined|0|true|8.5828|53.5382|323.6|54|20|0|Not available|false|27296
2024-08-08 23:40:24|1|211253400|15|Not defined|nan|0|false|8.5731|53.5454|0|511|20|0|Not available|false|49251
2024-08-08 23:40:26|1|211540110|0|Under way using engine|undefined|0|false|8.5775|53.5365|323.9|234|26|0|Not available|false|49265
2024-08-08 23:40:27|1|211233660|15|Not defined|undefined|0|false|8.5778|53.5366|235.9|228|25|0|Not available|false|33752
2024-08-08 23:40:32|1|211599340|0|Under way using engine|nan|0|true|8.5804|53.5364|300.5|511|32|0|Not available|true|2222
2024-08-08 23:40:33|1|211536810|0|Under way using engine|undefined|0|true|8.5779|53.5366|51.9|230|33|0|Not available|false|82035
2024-08-08 23:40:33|1|218709000|0|Under way using engine|undefined|0|true|8.5828|53.5382|143.6|54|29|0|Not available|false|82026
2024-08-08 23:40:36|1|211253400|15|Not defined|nan|0|false|8.5731|53.5454|0|511|32|0|Not available|false|34095
2024-08-08 23:40:36|1|211540110|0|Under way using engine|undefined|0|false|8.5775|53.5365|319|234|36|0|Not available|false|49265
2024-08-08 23:40:36|1|211233660|15|Not defined|undefined|0|false|8.5778|53.5366|235.9|228|35|0|Not available|false|34120
2024-08-08 23:40:38|24|211598800|B|B|37|Pleasure Craft|DFWC|null||0|0|0|0|0|0
2024-08-08 23:40:38|1|211228220|0|Under way using engine|undefined|0|true|8.578|53.525|272.9|344|38|0|Not available|false|2280
2024-08-08 23:40:38|1|211595610|0|Under way using engine|nan|0|true|8.5803|53.5364|298|511|38|0|Not available|true|82100
2024-08-08 23:40:43|1|211599340|0|Under way using engine|nan|0|true|8.5804|53.5364|302.1|511|43|0|Not available|true|2207
2024-08-08 23:40:44|1|218709000|0|Under way using engine|undefined|0|true|8.5828|53.5382|323.6|54|40|0|Not available|false|67165
2024-08-08 23:40:45|1|211253400|15|Not defined|nan|0|false|8.5731|53.5454|0|511|41|0|Not available|false|34459
2024-08-08 23:40:46|3|211386490|5|Moored|undefined|0|false|8.5819|53.5377|42|237|46|0|Not available|false|85818
2024-08-08 23:40:46|1|211290740|0|Under way using engine|undefined|0|false|8.5674|53.5459|0|329|46|0|Not available|false|114854
2024-08-08 23:40:47|1|211233660|15|Not defined|undefined|0|false|8.5778|53.5366|235.9|228|45|0|Not available|false|34519
2024-08-08 23:40:48|1|211228220|0|Under way using engine|undefined|0|true|8.578|53.525|272.9|344|48|0|Not available|false|82058
2024-08-08 23:40:50|1|211595610|0|Under way using engine|nan|0|false|8.5803|53.5365|300.5|511|49|0|Not available|true|34612
2024-08-08 23:40:50|1|245586000|0|Under way using engine|undefined|0|true|8.5665|53.5468|66|334|47|0|Not available|false|27296
2024-08-08 23:40:52|1|211599340|0|Under way using engine|nan|0|true|8.5804|53.5364|303.4|511|52|0|Not available|true|49318
2024-08-08 23:40:54|1|218709000|0|Under way using engine|undefined|0|true|8.5828|53.5382|323.6|54|50|0|Not available|false|27296
2024-08-08 23:40:56|1|211540110|0|Under way using engine|undefined|0|false|8.5775|53.5365|319.7|234|56|0|Not available|false|34848
2024-08-08 23:40:57|3|218057450|0|Under way using engine|fastright|5.5|true|8.5602|53.5523|222.3|226|54|0|Not available|false|4705
2024-08-08 23:40:57|1|211290740|0|Under way using engine|undefined|0|false|8.5674|53.5459|0|329|57|0|Not available|false|67659
2024-08-08 23:40:59|1|211595610|0|Under way using engine|nan|0|true|8.5803|53.5365|302.5|511|59|0|Not available|true|67749
2024-08-08 23:41:01|1|211599340|0|Under way using engine|nan|0|true|8.5804|53.5364|303.4|511|1|0|Not available|true|27300
2024-08-08 23:41:04|1|218709000|0|Under way using engine|undefined|0|true|8.5828|53.5382|143.6|54|0|0|Not available|false|2234
2024-08-08 23:41:10|1|245586000|0|Under way using engine|undefined|0|true|8.5665|53.5468|66|334|6|0|Not available|false|33114
2024-08-08 23:41:14|1|218709000|0|Under way using engine|undefined|0|true|8.5828|53.5382|323.6|54|10|0|Not available|false|27300
2024-08-08 23:41:14|1|211253400|15|Not defined|nan|0|false|8.5731|53.5454|0|511|11|0|Not available|false|49250
2024-08-08 23:41:15|3|211718100|5|Moored|nan|0|true|8.5765|53.5306|360|511|14|0|Not available|true|108544
2024-08-08 23:41:17|3|211540110|0|Under way using engine|undefined|0|false|8.5775|53.5365|332.4|234|17|0|Not available|false|20131
2024-08-08 23:41:17|1|211290740|0|Under way using engine|undefined|0|false|8.5674|53.5459|0|330|17|0|Not available|false|33383
2024-08-08 23:41:19|1|211595610|0|Under way using engine|nan|0|false|8.5802|53.5365|303.9|511|19|0|Not available|true|2242
2024-08-08 23:41:22|1|211599340|0|Under way using engine|nan|0|true|8.5804|53.5364|305.6|511|22|0|Not available|true|33580
2024-08-08 23:41:22|3|305955000|5|Moored|undefined|0|false|8.5831|53.5041|0|178|20|0|Not available|false|85098
2024-08-08 23:41:22|1|211555420|3|Restricted manoeuverability|undefined|0|true|8.5777|53.5183|256.2|338|22|0|Not available|false|33583
2024-08-08 23:41:22|1|211536810|0|Under way using engine|undefined|0|true|8.5779|53.5366|51.9|229|22|0|Not available|false|82036
2024-08-08 23:41:23|1|218709000|0|Under way using engine|undefined|0|true|8.5828|53.5382|323.6|54|20|0|Not available|false|2233
2024-08-08 23:41:27|1|211233660|15|Not defined|undefined|0|false|8.5778|53.5366|235.9|228|25|0|Not available|false|27300
2024-08-08 23:41:27|3|211225920|5|Moored|undefined|0|true|8.5814|53.5375|338.6|234|25|0|Not available|false|0
2024-08-08 23:41:28|1|211228220|0|Under way using engine|undefined|0|true|8.578|53.525|272.9|344|28|0|Not available|false|27300
2024-08-08 23:41:28|1|211595610|0|Under way using engine|nan|0|true|8.5802|53.5365|304|511|28|0|Not available|true|49333
2024-08-08 23:41:28|1|245586000|0|Under way using engine|undefined|0|true|8.5665|53.5468|66|334|25|0|Not available|false|33822
2024-08-08 23:41:30|1|211523490|0|Under way using engine|nan|0|true|8.5759|53.5172|360|511|29|0|Not available|true|99406
2024-08-08 23:41:36|1|211540110|0|Under way using engine|undefined|0|false|8.5775|53.5365|322.3|234|36|0|Not available|false|34109
2024-08-08 23:41:36|1|211233660|15|Not defined|undefined|0|false|8.5778|53.5366|235.9|228|35|0|Not available|false|27300
2024-08-08 23:41:38|1|211595610|0|Under way using engine|nan|0|false|8.5802|53.5365|304.4|511|38|0|Not available|true|66963
2024-08-08 23:41:42|1|211555420|3|Restricted manoeuverability|undefined|0|true|8.5777|53.5183|256.2|338|42|0|Not available|false|49313
2024-08-08 23:41:43|1|211536810|0|Under way using engine|undefined|0|true|8.5779|53.5366|51.9|229|43|0|Not available|false|114804
2024-08-08 23:41:44|1|218709000|0|Under way using engine|undefined|0|true|8.5828|53.5382|143.5|54|40|0|Not available|false|49251
2024-08-08 23:41:47|1|211233660|15|Not defined|undefined|0|false|8.5778|53.5366|235.9|228|45|0|Not available|false|27300
2024-08-08 23:41:50|1|211595610|0|Under way using engine|nan|0|false|8.5803|53.5365|305.7|511|49|0|Not available|true|27300
2024-08-08 23:41:50|1|245586000|0|Under way using engine|undefined|0|true|8.5666|53.5468|66|334|47|0|Not available|false|2202
2024-08-08 23:41:50|5|211540110|0|DBLS|BURKANA|50|Pilot Vessel1|14|5|3|3|1|07-12T06:30Z|undefined|7|12|6|30|1.9|BREMERHAVEN|0
2024-08-08 23:41:52|5|255801580|9190157|CQQG|AUTOPRESTIGE|79|Cargo - No additional information|100|28|13|5|3|08-12T07:30Z|undefined|8|12|7|30|5|OSLO-BEKKELAGET|0
2024-08-08 23:41:52|1|211599340|0|Under way using engine|nan|0|true|8.5804|53.5364|306.1|511|52|0|Not available|true|34709
2024-08-08 23:41:53|1|211555420|3|Restricted manoeuverability|undefined|0|true|8.5777|53.5183|256.2|338|53|0|Not available|false|34738
2024-08-08 23:41:57|1|211290740|0|Under way using engine|undefined|0|false|8.5674|53.5459|0|330|57|0|Not available|false|49318
2024-08-08 23:42:00|3|255801580|5|Moored|undefined|0|true|8.5671|53.5655|157.9|194|59|0|Not available|false|85818
2024-08-08 23:42:04|1|218709000|0|Under way using engine|undefined|0|true|8.5828|53.5382|323.5|54|0|0|Not available|false|49249
2024-08-08 23:42:05|1|211253400|15|Not defined|nan|0|false|8.5731|53.5454|0|511|1|0|Not available|false|98483
2024-08-08 23:42:07|1|211233660|15|Not defined|undefined|0|false|8.5777|53.5366|235.9|228|5|0|Not available|false|2248
2024-08-08 23:42:08|1|211595610|0|Under way using engine|nan|0|true|8.5802|53.5365|306.5|511|8|0|Not available|true|33064
2024-08-08 23:42:10|1|245586000|0|Under way using engine|undefined|0|true|8.5666|53.5468|66|334|6|0|Not available|false|27304
2024-08-08 23:42:11|1|211599340|0|Under way using engine|nan|0|true|8.5804|53.5364|307.2|511|11|0|Not available|true|65953
2024-08-08 23:42:13|1|211536810|0|Under way using engine|undefined|0|true|8.578|53.5366|51.9|231|13|0|Not available|false|114804
2024-08-08 23:42:14|1|218709000|0|Under way using engine|undefined|0|true|8.5828|53.5382|143.5|54|10|0|Not available|false|2290
2024-08-08 23:42:17|1|211540110|0|Under way using engine|undefined|0|false|8.5775|53.5365|324.3|235|17|0|Not available|false|82034
2024-08-08 23:42:19|1|211595610|0|Under way using engine|nan|0|false|8.5803|53.5365|307.2|511|19|0|Not available|true|66238
2024-08-08 23:42:20|5|211172020|0|DF4368|VISURA|55|Law Enforcement|10|6|3|2|1|01-01T00:00Z|undefined|1|1|0|0|1.4|PATROL WESER|0
2024-08-08 23:42:23|1|211536810|0|Under way using engine|undefined|0|true|8.578|53.5367|51.9|231|22|0|Not available|false|66367
2024-08-08 23:42:23|1|218709000|0|Under way using engine|undefined|0|true|8.5828|53.5382|323.5|54|19|0|Not available|false|66386
2024-08-08 23:42:25|3|211172020|5|Moored|undefined|0|true|8.577|53.5339|179.6|247|23|0|Not available|false|85242
2024-08-08 23:42:25|3|211264470|5|Moored|nan|0|false|8.5711|53.548|360|511|25|0|Not available|false|84970
2024-08-08 23:42:27|1|211233660|15|Not defined|undefined|0|false|8.5778|53.5366|235.9|228|25|0|Not available|false|2240
2024-08-08 23:42:28|1|211228220|0|Under way using engine|undefined|0|true|8.578|53.525|272.9|344|28|0|Not available|false|2271
2024-08-08 23:42:28|1|245586000|0|Under way using engine|undefined|0|true|8.5666|53.5468|66|334|25|0|Not available|false|27304
2024-08-08 23:42:30|18|211300110|0|false|8.5872|53.5348|360|511|29|false|458755
2024-08-08 23:42:31|1|211599340|0|Under way using engine|nan|0|true|8.5804|53.5364|307.1|511|31|0|Not available|true|49317
2024-08-08 23:42:33|1|211555420|3|Restricted manoeuverability|undefined|0|true|8.5777|53.5183|256.2|338|33|0|Not available|false|114849
2024-08-08 23:42:33|1|218709000|0|Under way using engine|undefined|0|true|8.5828|53.5382|323.5|54|29|0|Not available|false|49251
2024-08-08 23:42:34|3|211398780|5|Moored|nan|0|false|8.5727|53.5459|0|511|30|0|Not available|false|0
2024-08-08 23:42:37|1|211290740|0|Under way using engine|undefined|0|false|8.5674|53.5459|0|329|37|0|Not available|false|99687
2024-08-08 23:42:41|3|211235180|5|Moored|nan|0.1|false|8.5781|53.5369|227.2|511|39|0|Not available|false|0
2024-08-08 23:42:43|1|211536810|0|Under way using engine|undefined|0|true|8.5779|53.5367|51.9|231|43|0|Not available|false|99889
2024-08-08 23:42:49|1|245586000|0|Under way using engine|undefined|0|true|8.5665|53.5468|66|334|46|0|Not available|false|100121
2024-08-08 23:42:50|1|211595610|0|Under way using engine|nan|0|false|8.5803|53.5365|302.1|511|49|0|Not available|true|2225
2024-08-08 23:42:52|1|211599340|0|Under way using engine|nan|0|true|8.5804|53.5364|303.9|511|52|0|Not available|true|27304
2024-08-08 23:42:55|1|211253400|15|Not defined|nan|0|false|8.5731|53.5454|0|511|52|0|Not available|false|34823
2024-08-08 23:42:57|1|211290740|0|Under way using engine|undefined|0|false|8.5674|53.5459|0|329|57|0|Not available|false|34891
2024-08-08 23:43:02|3|211599340|0|Under way using engine|nan|0|true|8.5804|53.5364|304.1|511|2|0|Not available|true|17201
2024-08-08 23:43:04|1|218709000|0|Under way using engine|undefined|0|true|8.5828|53.5382|323.5|54|0|0|Not available|false|32897
2024-08-08 23:43:07|1|211233660|15|Not defined|undefined|0|false|8.5778|53.5366|235.9|228|5|0|Not available|false|65783
2024-08-08 23:43:08|5|253743000|9507362|LXVY|VERTOM ISA|79|Cargo - No additional information|74|14|6|6|1|08-08T15:54Z|undefined|8|8|15|54|3|DEBRE|0
2024-08-08 23:43:08|1|211595610|0|Under way using engine|nan|0|true|8.5803|53.5365|303.5|511|8|0|Not available|true|27308
2024-08-08 23:43:08|5|218709000|9502233|DBJC|ALTE WESER|55|Law Enforcement|9|24|3|3|1|08-06T15:00Z|undefined|8|6|15|0|1.8|PATROL|0
2024-08-08 23:43:10|1|245586000|0|Under way using engine|undefined|0|true|8.5666|53.5468|66|334|6|0|Not available|false|2257
2024-08-08 23:43:15|1|218709000|0|Under way using engine|undefined|0|true|8.5828|53.5382|323.5|54|11|0|Not available|false|66083
2024-08-08 23:43:19|1|211595610|0|Under way using engine|nan|0|false|8.5803|53.5365|302.7|511|19|0|Not available|true|49334
2024-08-08 23:43:22|24|211300110|A|A|TENDER TO ARIS
2024-08-08 23:43:22|24|211300110|B|B|37|Pleasure Craft|DD6026|null|AMC   B|8|133152|6|0|0|3
2024-08-08 23:43:23|1|211536810|0|Under way using engine|undefined|0|true|8.5779|53.5367|51.9|229|22|0|Not available|false|49268
2024-08-08 23:43:24|1|211253400|15|Not defined|nan|0|false|8.5731|53.5454|0|511|21|0|Not available|false|2304
2024-08-08 23:43:26|1|211233660|15|Not defined|undefined|0|false|8.5778|53.5366|235.9|228|24|0|Not available|false|114800
2024-08-08 23:43:28|5|211264470|0|DDLH2|ALEXANDER GOGEL|90|Other Type - all ships of this type|13|12|3|3|0|08-06T12:00Z|undefined|8|6|12|0|1.4|BHV|0
2024-08-08 23:43:29|1|245586000|0|Under way using engine|undefined|0|true|8.5665|53.5468|66|334|25|0|Not available|false|2295
2024-08-08 23:43:29|5|211599340|0|DC4779|NORDENHAM|60|Passenger - all ships of this type|30|30|7|7|0|01-05T00:00Z|undefined|1|5|0|0|2.5|BREMERHAVEN-NORDENAM|0
2024-08-08 23:43:29|1|218057450|0|Under way using engine|undefined|7.4|true|8.5555|53.556|326.8|326|26|0|Not available|false|66597
2024-08-08 23:43:30|1|211523490|0|Under way using engine|nan|0|true|8.5759|53.5172|360|511|29|0|Not available|true|66638
2024-08-08 23:43:31|3|211225940|5|Moored|undefined|0|false|8.5799|53.537|203.2|237|30|0|Not available|false|85466
2024-08-08 23:43:31|1|211599340|0|Under way using engine|nan|0|true|8.5804|53.5364|304.1|511|31|0|Not available|true|33926
2024-08-08 23:43:33|1|218709000|0|Under way using engine|undefined|0|true|8.5828|53.5382|323.5|54|30|0|Not available|false|34004
2024-08-08 23:43:36|1|211540110|0|Under way using engine|undefined|0|false|8.5775|53.5365|278.8|235|36|0|Not available|false|2219
2024-08-08 23:43:36|1|211233660|15|Not defined|undefined|0|false|8.5778|53.5366|235.9|228|34|0|Not available|false|99651
2024-08-08 23:43:39|1|211228220|0|Under way using engine|undefined|0|true|8.578|53.525|272.9|344|39|0|Not available|false|82059
2024-08-08 23:43:43|1|211536810|0|Under way using engine|undefined|0|true|8.5779|53.5367|51.9|229|43|0|Not available|false|82035
2024-08-08 23:43:44|1|218709000|0|Under way using engine|undefined|0|true|8.5828|53.5382|323.5|54|40|0|Not available|false|27308
2024-08-08 23:43:45|1|211253400|15|Not defined|nan|0|false|8.5731|53.5454|0|511|41|0|Not available|false|82010
2024-08-08 23:43:47|1|211233660|15|Not defined|undefined|0|false|8.5778|53.5366|235.9|228|45|0|Not available|false|114783
2024-08-08 23:43:49|1|245586000|0|Under way using engine|undefined|0.1|true|8.5665|53.5468|149.1|334|46|0|Not available|false|82146
2024-08-08 23:43:51|5|211220910|0|DA2604|KS 6|70|Cargo - all ships of this type|52|8|5|5|0|00-00T24:60Z|undefined|0|0|24|60|1.2|BHV - RSS - BHV|0
2024-08-08 23:43:51|3|210525000|5|Moored|undefined|0|false|8.5759|53.5231|278.5|182|50|0|Not available|false|0
2024-08-08 23:43:52|1|211599340|0|Under way using engine|nan|0|false|8.5804|53.5364|302.6|511|52|0|Not available|true|2262
2024-08-08 23:43:52|3|636021579|5|Moored|undefined|0|true|8.5107|53.5044|335.3|219|48|0|Not available|false|84938
2024-08-08 23:43:53|3|211555420|3|Restricted manoeuverability|undefined|0|true|8.5777|53.5183|256.2|338|53|0|Not available|false|20579
2024-08-08 23:43:53|1|218709000|0|Under way using engine|undefined|0|true|8.5828|53.5382|143.5|54|49|0|Not available|false|82018
2024-08-08 23:43:54|3|211172030|5|Moored|undefined|0|true|8.5769|53.534|346.6|248|52|0|Not available|false|84410
2024-08-08 23:43:59|1|211228220|0|Under way using engine|undefined|0|true|8.578|53.525|272.9|344|59|0|Not available|false|27308
2024-08-08 23:43:59|1|211595610|0|Under way using engine|nan|0|true|8.5802|53.5365|301.5|511|59|0|Not available|true|27308
2024-08-08 23:44:02|1|211599340|0|Under way using engine|nan|0|false|8.5804|53.5364|303.1|511|2|0|Not available|true|82086
2024-08-08 23:44:03|1|211536810|0|Under way using engine|undefined|0|true|8.5779|53.5367|51.9|229|3|0|Not available|false|65643
2024-08-08 23:44:12|1|211599340|0|Under way using engine|nan|0|false|8.5804|53.5364|303.8|511|11|0|Not available|true|33185
2024-08-08 23:44:12|1|211555420|3|Restricted manoeuverability|undefined|0|true|8.5777|53.5183|256.2|338|12|0|Not available|false|33192
2024-08-08 23:44:15|1|218709000|0|Under way using engine|undefined|0|true|8.5828|53.5382|143.4|53|11|0|Not available|false|49251
2024-08-08 23:44:16|3|211718100|5|Moored|nan|0|true|8.5765|53.5306|360|511|15|0|Not available|true|84010
2024-08-08 23:44:17|1|211540110|0|Under way using engine|undefined|0|false|8.5775|53.5365|330.5|235|17|0|Not available|false|49266
2024-08-08 23:44:19|1|211595610|0|Under way using engine|nan|0|true|8.5802|53.5365|302.4|511|19|0|Not available|true|33470
2024-08-08 23:44:21|1|211599340|0|Under way using engine|nan|0|false|8.5804|53.5364|304.4|511|21|0|Not available|true|49318
2024-08-08 23:44:23|1|218709000|0|Under way using engine|undefined|0|true|8.5828|53.5382|143.4|53|19|0|Not available|false|33618
2024-08-08 23:44:27|3|211225920|5|Moored|undefined|0|true|8.5814|53.5374|338.6|234|25|0|Not available|false|0
2024-08-08 23:44:27|3|636092313|5|Moored|undefined|0|false|8.5831|53.5107|15.4|350|26|0|Not available|false|131072
2024-08-08 23:44:27|3|211706840|5|Moored|undefined|0|false|8.5769|53.5313|308.1|93|27|0|Not available|false|87306
2024-08-08 23:44:28|1|211595610|0|Under way using engine|nan|0|false|8.5803|53.5365|302.6|511|28|0|Not available|true|2306
2024-08-08 23:44:30|1|211523490|0|Under way using engine|nan|0|true|8.5759|53.5172|360|511|29|0|Not available|true|49337
2024-08-08 23:44:31|1|211599340|0|Under way using engine|nan|0|true|8.5804|53.5364|304.5|511|31|0|Not available|true|27312
2024-08-08 23:44:33|1|218709000|0|Under way using engine|undefined|0|true|8.5828|53.5382|323.4|53|29|0|Not available|false|27312
2024-08-08 23:44:36|1|211233660|15|Not defined|undefined|0|false|8.5777|53.5366|235.9|228|34|0|Not available|false|82018
2024-08-08 23:44:39|1|211228220|0|Under way using engine|undefined|0|true|8.5781|53.525|272.9|344|39|0|Not available|false|66987
2024-08-08 23:44:42|1|211599340|0|Under way using engine|nan|0|true|8.5804|53.5364|305|511|41|0|Not available|true|49318
2024-08-08 23:44:43|1|211536810|0|Under way using engine|undefined|0|true|8.5779|53.5366|51.9|230|43|0|Not available|false|67121
2024-08-08 23:44:44|1|218709000|0|Under way using engine|undefined|0|true|8.5828|53.5382|323.4|53|40|0|Not available|false|2265
2024-08-08 23:44:45|1|211253400|15|Not defined|nan|0|false|8.5731|53.5454|0|511|42|0|Not available|false|67210
2024-08-08 23:44:49|1|245586000|0|Under way using engine|undefined|3.9|true|8.566|53.5469|303.9|310|46|0|Not available|false|67353
2024-08-08 23:44:56|1|211540110|0|Under way using engine|undefined|0|false|8.5774|53.5365|311|235|55|0|Not available|false|67603
2024-08-08 23:44:57|1|211233660|15|Not defined|undefined|0|false|8.5778|53.5366|235.9|228|55|0|Not available|false|34875
2024-08-08 23:44:58|3|211658290|5|Moored|undefined|0|false|8.5784|53.5291|175.4|167|58|0|Not available|false|84714
2024-08-08 23:45:00|1|211595610|0|Under way using engine|nan|0|false|8.5803|53.5365|302.9|511|59|0|Not available|true|2244
2024-08-08 23:45:02|1|211599340|0|Under way using engine|nan|0|true|8.5804|53.5365|306.6|511|2|0|Not available|true|65591
2024-08-08 23:45:03|3|255801580|5|Moored|undefined|0|true|8.5671|53.5655|161.9|194|1|0|Not available|false|82810
2024-08-08 23:45:07|1|211233660|15|Not defined|undefined|0|false|8.5778|53.5366|235.9|228|5|0|Not available|false|33015
2024-08-08 23:45:10|18|211598800|0|false|8.5699|53.5474|360|511|8|false|458755
2024-08-08 23:45:10|1|211595610|0|Under way using engine|nan|0|false|8.5803|53.5365|302.3|511|10|0|Not available|true|49331
2024-08-08 23:45:12|1|211599340|0|Under way using engine|nan|0|true|8.5804|53.5365|306.4|511|11|0|Not available|true|27316
2024-08-08 23:45:15|1|218709000|0|Under way using engine|undefined|0|true|8.5828|53.5382|323.4|53|11|0|Not available|false|33315
2024-08-08 23:45:17|24|211816240|B|B|37|Pleasure Craft|DK2021|null|SRTEK-|1|309385|9|2|2|1
2024-08-08 23:45:17|1|211540110|0|Under way using engine|undefined|0|false|8.5774|53.5365|303.6|236|17|0|Not available|false|33380
2024-08-08 23:45:19|1|211595610|0|Under way using engine|nan|0|true|8.5803|53.5365|301.9|511|19|0|Not available|true|27316
2024-08-08 23:45:21|1|211599340|0|Under way using engine|nan|0|true|8.5804|53.5364|305.9|511|21|0|Not available|true|33552
2024-08-08 23:45:23|1|211536810|0|Under way using engine|undefined|0|true|8.578|53.5366|51.9|230|22|0|Not available|false|27316
2024-08-08 23:45:23|1|218709000|0|Under way using engine|undefined|0|true|8.5828|53.5382|143.4|53|19|0|Not available|false|27316
2024-08-08 23:45:26|5|211228220|0|DFPE|CORA|80|Tanker - all ships of this type|0|0|0|0|0|10-18T14:21Z|undefined|10|18|14|21|2.1|IMMER FLEISSIG|0
2024-08-08 23:45:26|1|211253400|15|Not defined|nan|0|false|8.5731|53.5454|0|511|22|0|Not available|false|49248
2024-08-08 23:45:27|3|211112160|5|Moored|nan|0|true|8.5841|53.5222|360|511|26|0|Not available|true|84778
2024-08-08 23:45:29|18|211300110|0.1|false|8.5872|53.5348|140.2|511|28|false|458755
2024-08-08 23:45:33|1|218709000|0|Under way using engine|undefined|0|true|8.5828|53.5382|143.4|53|29|0|Not available|false|2255
2024-08-08 23:45:35|1|211253400|15|Not defined|nan|0|false|8.5731|53.5454|0|511|31|0|Not available|false|82013
2024-08-08 23:45:35|1|211540110|0|Under way using engine|undefined|0|false|8.5774|53.5365|324.5|235|35|0|Not available|false|34078
2024-08-08 23:45:36|3|211233660|15|Not defined|undefined|0|false|8.5777|53.5367|235.9|228|35|0|Not available|false|24755
2024-08-08 23:45:37|3|253743000|1|At anchor|undefined|0|true|8.5548|53.518|349.1|245|35|0|Not available|true|84106
2024-08-08 23:45:37|1|211290740|0|Under way using engine|undefined|0|false|8.5674|53.5459|0|330|37|0|Not available|false|49320
2024-08-08 23:45:42|3|211235180|5|Moored|nan|0|false|8.5782|53.5368|222.1|511|39|0|Not available|false|0
2024-08-08 23:45:42|1|211599340|0|Under way using engine|nan|0|true|8.5804|53.5364|306|511|41|0|Not available|true|34311
2024-08-08 23:45:43|1|211536810|0|Under way using engine|undefined|0|true|8.5779|53.5366|51.9|230|43|0|Not available|false|49267
2024-08-08 23:45:44|1|218709000|0|Under way using engine|undefined|0|true|8.5828|53.5382|323.4|53|40|0|Not available|false|67180
2024-08-08 23:45:45|1|211253400|15|Not defined|nan|0|false|8.5731|53.5454|0|511|41|0|Not available|false|49247
2024-08-08 23:45:45|24|211729870|B|B|37|Pleasure Craft|DK9093|null|SRTD-8A|1|175638|10|1|2|1
2024-08-08 23:45:45|1|211540110|0|Under way using engine|undefined|0|false|8.5774|53.5365|296|235|45|0|Not available|false|2265
2024-08-08 23:45:46|1|211290740|0|Under way using engine|undefined|0|false|8.5674|53.5459|0|331|46|0|Not available|false|34484
2024-08-08 23:45:49|1|245586000|0|Under way using engine|fastright|6.1|true|8.5638|53.5479|309.1|314|46|0|Not available|false|49387
2024-08-08 23:45:53|1|211599340|0|Under way using engine|nan|0|true|8.5804|53.5364|305.3|511|52|0|Not available|true|49318
2024-08-08 23:45:59|1|211595610|0|Under way using engine|nan|0|false|8.5802|53.5365|301.6|511|59|0|Not available|true|49332
2024-08-08 23:46:05|1|218709000|0|Under way using engine|undefined|0|true|8.5828|53.5382|143.4|53|1|0|Not available|false|82022
2024-08-08 23:46:07|1|211233660|15|Not defined|undefined|0|false|8.5777|53.5367|235.9|228|5|0|Not available|false|27320
2024-08-08 23:46:09|1|211523490|0|Under way using engine|nan|0|true|8.5759|53.5173|360|511|8|0|Not available|true|49341
2024-08-08 23:46:10|5|245586000|9190614|PIAC|VB PIONEER|52|Tug|13|16|7|5|1|01-29T10:00Z|undefined|1|29|10|0|6.1|DE BREMERHAVEN|0
2024-08-08 23:46:12|1|211599340|0|Under way using engine|nan|0|true|8.5804|53.5364|307.9|511|11|0|Not available|true|2251
2024-08-08 23:46:13|1|211536810|0|Under way using engine|undefined|0|true|8.578|53.5366|51.9|229|13|0|Not available|false|49267
2024-08-08 23:46:15|5|211630370|7725453|DHVE2|LEV TORNADO|99|Other Type - no additional information|24|24|5|4|1|01-15T09:00Z|undefined|1|15|9|0|3.5|BREMERHAVEN|0
2024-08-08 23:46:16|1|211290740|0|Under way using engine|undefined|0|false|8.5674|53.5459|0|330|16|0|Not available|false|82088
2024-08-08 23:46:17|1|211540110|0|Under way using engine|undefined|0|false|8.5774|53.5365|153.2|234|17|0|Not available|false|27320
2024-08-08 23:46:18|5|211233660|9154804|DBLF|WESERLOTSE|50|Pilot Vessel1|16|13|4|4|1|01-01T00:00Z|undefined|1|1|0|0|3||0
2024-08-08 23:46:18|5|211718100|0|DK8884|GREENPORTS 1|79|Cargo - No additional information|56|15|5|6|0|09-16T23:00Z|undefined|9|16|23|0|2|BREMERHAVEN|0
2024-08-08 23:46:21|1|211599340|0|Under way using engine|nan|0|true|8.5804|53.5364|306.6|511|21|0|Not available|true|27320
2024-08-08 23:46:23|1|218709000|0|Under way using engine|undefined|0|true|8.5828|53.5382|323.4|53|20|0|Not available|false|2283
2024-08-08 23:46:26|1|211253400|15|Not defined|nan|0|false|8.5731|53.5454|0|511|22|0|Not available|false|33716
2024-08-08 23:46:30|3|211225940|5|Moored|undefined|0|false|8.5799|53.537|203.2|237|29|0|Not available|false|85690
2024-08-08 23:46:32|1|211599340|0|Under way using engine|nan|0|true|8.5804|53.5364|305.8|511|31|0|Not available|true|114854
2024-08-08 23:46:33|3|314543000|1|At anchor|nan|0.4|false|8.5642|53.5237|356.4|261|32|0|Not available|false|85466
2024-08-08 23:46:34|1|218709000|0|Under way using engine|undefined|0|true|8.5828|53.5382|143.3|53|30|0|Not available|false|114795
2024-08-08 23:46:34|1|211536810|0|Under way using engine|undefined|0|true|8.578|53.5366|51.9|230|33|0|Not available|false|99547
2024-08-08 23:46:35|1|211540110|0|Under way using engine|undefined|0|false|8.5774|53.5365|94.9|234|35|0|Not available|false|27320
2024-08-08 23:46:36|1|211233660|15|Not defined|undefined|0|false|8.5777|53.5367|235.9|228|34|0|Not available|false|49241
2024-08-08 23:46:37|24|211598800|B|B|37|Pleasure Craft|DFWC|null||0|0|0|0|0|0
2024-08-08 23:46:38|1|211595610|0|Under way using engine|nan|0|true|8.5802|53.5365|299.4|511|38|0|Not available|true|114868
2024-08-08 23:46:42|1|211599340|0|Under way using engine|nan|0|true|8.5804|53.5364|306.5|511|41|0|Not available|true|27320
2024-08-08 23:46:43|1|211536810|0|Under way using engine|undefined|0|true|8.578|53.5366|51.9|229|43|0|Not available|false|34353
2024-08-08 23:46:47|1|211233660|15|Not defined|undefined|0|false|8.5778|53.5366|235.9|228|45|0|Not available|false|67279
2024-08-08 23:46:49|1|245586000|0|Under way using engine|undefined|7.7|true|8.5617|53.5492|322.1|324|46|0|Not available|false|34585
2024-08-08 23:46:50|3|211523490|0|Under way using engine|nan|0|true|8.5759|53.5172|360|511|49|0|Not available|true|22755
2024-08-08 23:46:53|1|211536810|0|Under way using engine|undefined|0|true|8.578|53.5366|51.9|229|53|0|Not available|false|27320
2024-08-08 23:46:53|1|211555420|3|Restricted manoeuverability|undefined|0|true|8.5777|53.5183|256.2|339|53|0|Not available|false|67506
2024-08-08 23:46:54|1|218709000|0|Under way using engine|undefined|0|true|8.5828|53.5382|323.3|53|50|0|Not available|false|34756
2024-08-08 23:46:56|1|211290740|0|Under way using engine|undefined|0|false|8.5674|53.5459|0|330|56|0|Not available|false|34859
2024-08-08 23:46:59|1|211228220|0|Under way using engine|undefined|0|true|8.578|53.525|272.9|344|59|0|Not available|false|49291
2024-08-08 23:46:59|3|211595610|0|Under way using engine|nan|0|true|8.5802|53.5365|298.1|511|59|0|Not available|true|28227
2024-08-08 23:47:03|1|211555420|3|Restricted manoeuverability|undefined|0|true|8.5777|53.5183|256.2|339|3|0|Not available|false|32867
2024-08-08 23:47:05|1|218709000|0|Under way using engine|undefined|0|true|8.5828|53.5382|323.3|53|1|0|Not available|false|65700
2024-08-08 23:47:05|1|211253400|15|Not defined|nan|0|false|8.5731|53.5454|0|511|1|0|Not available|false|27324
2024-08-08 23:47:07|1|211233660|15|Not defined|undefined|0|false|8.5777|53.5366|235.9|228|5|0|Not available|false|2273
2024-08-08 23:47:12|1|211599340|0|Under way using engine|nan|0|true|8.5804|53.5364|306.2|511|11|0|Not available|true|82086
2024-08-08 23:47:15|3|211630370|5|Moored|nan|0|false|8.5742|53.5231|248.5|180|15|0|Not available|false|84954
2024-08-08 23:47:15|1|218709000|0|Under way using engine|undefined|0|true|8.5828|53.5382|143.3|53|11|0|Not available|false|2185
2024-08-08 23:47:18|1|211595610|0|Under way using engine|nan|0|true|8.5802|53.5365|296.9|511|18|0|Not available|true|82100
2024-08-08 23:47:21|1|211599340|0|Under way using engine|nan|0|true|8.5804|53.5364|308|511|21|0|Not available|true|2249
2024-08-08 23:47:22|1|211555420|3|Restricted manoeuverability|undefined|0|true|8.5777|53.5183|256.2|339|22|0|Not available|false|49311
2024-08-08 23:47:23|1|211536810|0|Under way using engine|undefined|0|true|8.5779|53.5366|51.9|229|23|0|Not available|false|99140
2024-08-08 23:47:24|1|218709000|0|Under way using engine|undefined|0|true|8.5828|53.5382|323.3|53|20|0|Not available|false|114793
2024-08-08 23:47:26|1|211253400|15|Not defined|nan|0|false|8.5731|53.5454|0|511|22|0|Not available|false|27324
2024-08-08 23:47:27|1|211233660|15|Not defined|undefined|0|false|8.5778|53.5366|235.9|228|25|0|Not available|false|49258
2024-08-08 23:47:27|3|211225920|5|Moored|undefined|0|true|8.5815|53.5375|338.6|234|25|0|Not available|false|0
2024-08-08 23:47:32|1|211599340|0|Under way using engine|nan|0|true|8.5804|53.5364|308.1|511|31|0|Not available|true|99472
2024-08-08 23:47:34|1|218709000|0|Under way using engine|undefined|0|true|8.5828|53.5382|323.3|53|29|0|Not available|false|99545
2024-08-08 23:47:35|5|211225920|0|DBLO|FRANZIUSPLATE|0|Not available|0|0|0|0|1|01-25T14:30Z|undefined|1|25|14|30|1.2|BREMERHAVEN|0
2024-08-08 23:47:35|1|211253400|15|Not defined|nan|0|false|8.5731|53.5454|0|511|31|0|Not available|false|49249
2024-08-08 23:47:36|1|211233660|15|Not defined|undefined|0|false|8.5777|53.5366|235.9|228|35|0|Not available|false|34115
2024-08-08 23:47:38|1|211595610|0|Under way using engine|nan|0|true|8.5802|53.5365|296|511|38|0|Not available|true|99720
2024-08-08 23:47:42|1|211599340|0|Under way using engine|nan|0|true|8.5804|53.5364|308.3|511|41|0|Not available|true|2298
2024-08-08 23:47:44|1|218709000|0|Under way using engine|undefined|0|true|8.5828|53.5382|143.3|53|40|0|Not available|false|34412
2024-08-08 23:47:45|1|211253400|15|Not defined|nan|0|false|8.5731|53.5454|0|511|41|0|Not available|false|27324
2024-08-08 23:47:46|5|211595610|0|DC4782|BREMERHAVEN|60|Passenger - all ships of this type|30|30|7|7|0|12-31T23:20Z|undefined|12|31|23|20|2.7|BREMERHAFEN-BLEXEN|0
2024-08-08 23:47:47|1|211233660|15|Not defined|undefined|0|false|8.5778|53.5366|235.9|228|45|0|Not available|false|49246
2024-08-08 23:47:48|1|211228220|0|Under way using engine|undefined|0|true|8.578|53.525|272.9|344|48|0|Not available|false|67319
2024-08-08 23:47:49|1|245586000|0|Under way using engine|undefined|8.1|true|8.5596|53.551|325.8|330|46|0|Not available|false|27324
2024-08-08 23:47:53|1|211599340|0|Under way using engine|nan|0|true|8.5804|53.5364|308.9|511|52|0|Not available|true|27324
2024-08-08 23:47:54|27|211894860|false|false|15|Not defined|8.5783|53.51|0|511
2024-08-08 23:48:00|5|211634880|0|DG6623|GEESTEMUENDE|99|Other Type - no additional information|11|20|3|4|1|08-02T15:30Z|undefined|8|2|15|30|1.3|NEUER HAFEN|0
2024-08-08 23:48:02|3|255801580|5|Moored|undefined|0|true|8.5671|53.5655|41|194|1|0|Not available|false|81226
2024-08-08 23:48:02|1|211599340|0|Under way using engine|nan|0|true|8.5804|53.5364|308.8|511|2|0|Not available|true|27328
2024-08-08 23:48:05|1|218709000|0|Under way using engine|undefined|0|true|8.5828|53.5382|323.3|53|1|0|Not available|false|49256
2024-08-08 23:48:10|1|245586000|0|Under way using engine|undefined|8.1|true|8.5588|53.5517|327.4|331|7|0|Not available|false|82167
2024-08-08 23:48:12|1|211599340|0|Under way using engine|nan|0|true|8.5803|53.5365|308.9|511|11|0|Not available|true|65954
2024-08-08 23:48:13|1|218709000|0|Under way using engine|undefined|0|true|8.5828|53.5382|323.3|53|10|0|Not available|false|114791
2024-08-08 23:48:16|5|211172030|0|DF4369|LESMONA|55|Law Enforcement|11|5|3|2|1|07-09T21:00Z|undefined|7|9|21|0|1.4|DEBRV|0
2024-08-08 23:48:17|1|211540110|0|Under way using engine|undefined|0|false|8.5775|53.5365|77.7|233|17|0|Not available|false|82034
2024-08-09 00:10:57|1|211540110|0|Under way using engine|undefined|0|true|8.5774|53.5365|324.8|235|56|0|Not available|false|34863
2024-08-09 00:10:58|1|211233660|15|Not defined|undefined|0|false|8.5778|53.5366|235.9|228|56|0|Not available|false|49245
2024-08-09 00:10:59|1|211228220|0|Under way using engine|undefined|0|true|8.578|53.525|344.6|344|58|0|Not available|false|2280
2024-08-09 00:11:09|1|211228220|0|Under way using engine|undefined|0|true|8.578|53.525|344.6|344|8|0|Not available|false|2225
2024-08-09 00:11:09|1|211595610|0|Under way using engine|nan|0|true|8.5802|53.5366|286.3|511|8|0|Not available|true|49326
2024-08-09 00:11:12|1|211599340|0|Under way using engine|nan|0|false|8.5804|53.5365|251.6|511|11|0|Not available|true|33186
2024-08-09 00:11:13|1|211536810|0|Under way using engine|undefined|0|true|8.5779|53.5366|51.9|229|12|0|Not available|false|33206
2024-08-09 00:11:14|1|218709000|0|Under way using engine|undefined|0|true|8.5828|53.5382|8.3|53|9|0|Not available|false|2313
2024-08-09 00:11:15|3|211630370|5|Moored|nan|0|false|8.5742|53.5231|248.5|180|15|0|Not available|false|84538
2024-08-09 00:11:16|1|211540110|0|Under way using engine|undefined|0|true|8.5774|53.5365|340.8|234|15|0|Not available|false|27692
2024-08-09 00:11:23|1|211599340|0|Under way using engine|nan|0|false|8.5804|53.5365|253.6|511|22|0|Not available|true|2245
2024-08-09 00:11:25|1|218709000|0|Under way using engine|undefined|0|true|8.5828|53.5382|354.6|53|20|0|Not available|false|2212
2024-08-09 00:11:27|1|211540110|0|Under way using engine|undefined|0|true|8.5774|53.5365|347.7|233|26|0|Not available|false|2243
2024-08-09 00:11:29|1|211228220|0|Under way using engine|undefined|0|true|8.578|53.525|344.6|344|28|0|Not available|false|66560
2024-08-09 00:11:30|1|211595610|0|Under way using engine|nan|0|false|8.5802|53.5365|286.7|511|29|0|Not available|true|2219
2024-08-09 00:11:32|1|211599340|0|Under way using engine|nan|0|false|8.5804|53.5365|254.8|511|31|0|Not available|true|82088
2024-08-09 00:11:34|1|211536810|0|Under way using engine|undefined|0|true|8.578|53.5366|51.9|229|33|0|Not available|false|66763
2024-08-09 00:11:36|1|218709000|0|Under way using engine|undefined|0|true|8.5828|53.5382|342.1|53|31|0|Not available|false|27692
2024-08-09 00:11:37|1|211540110|0|Under way using engine|undefined|0|true|8.5774|53.5365|336.2|233|36|0|Not available|false|2218
2024-08-09 00:11:39|1|211233660|15|Not defined|undefined|0|false|8.5778|53.5365|235.9|228|36|0|Not available|false|49240
2024-08-09 00:11:39|1|211595610|0|Under way using engine|nan|0|false|8.5802|53.5365|286.1|511|38|0|Not available|true|49326
2024-08-09 00:11:44|1|218709000|0|Under way using engine|undefined|0|true|8.5828|53.5382|346.4|53|40|0|Not available|false|27692
2024-08-09 00:11:47|1|211253400|15|Not defined|nan|0|false|8.5734|53.5453|0|511|42|0|Not available|false|82009
2024-08-09 00:11:47|5|211595610|0|DC4782|BREMERHAVEN|60|Passenger - all ships of this type|30|30|7|7|0|12-31T23:20Z|undefined|12|31|23|20|2.7|BREMERHAFEN-BLEXEN|0
2024-08-09 00:11:47|1|211540110|0|Under way using engine|undefined|0|true|8.5774|53.5365|300|232|46|0|Not available|false|27692
2024-08-09 00:11:48|1|211233660|15|Not defined|undefined|0|false|8.5778|53.5365|235.9|228|45|0|Not available|false|82008
2024-08-09 00:11:49|1|211595610|0|Under way using engine|nan|0|true|8.5802|53.5365|285|511|48|0|Not available|true|27692
2024-08-09 00:11:50|1|211228220|0|Under way using engine|undefined|0|true|8.578|53.525|344.6|344|49|0|Not available|false|2227
2024-08-09 00:11:52|1|211599340|0|Under way using engine|nan|0|false|8.5804|53.5365|256.3|511|51|0|Not available|true|34675
2024-08-09 00:11:54|1|211626110|3|Restricted manoeuverability|undefined|0|false|8.5528|53.5236|25.4|235|52|0|Not available|false|34739
2024-08-09 00:11:54|1|218709000|0|Under way using engine|undefined|0|true|8.5828|53.5382|342.4|53|50|0|Not available|false|34750
2024-08-09 00:11:57|1|211540110|0|Under way using engine|undefined|0|true|8.5774|53.5365|291.3|233|56|0|Not available|false|27692
2024-08-09 00:11:59|3|211658290|5|Moored|undefined|0|false|8.5784|53.5291|175.4|167|58|0|Not available|false|84682
2024-08-09 00:12:03|3|255801580|5|Moored|undefined|0|true|8.5671|53.5655|314.6|194|1|0|Not available|false|80250
2024-08-09 00:12:04|1|218709000|0|Under way using engine|undefined|0|true|8.5828|53.5382|341.4|53|0|0|Not available|false|32879
2024-08-09 00:12:05|1|211536810|0|Under way using engine|undefined|0|true|8.5779|53.5366|51.9|231|4|0|Not available|false|98429
2024-08-09 00:12:06|1|211253400|15|Not defined|nan|0|false|8.5734|53.5453|0|511|2|0|Not available|false|2232
2024-08-09 00:12:06|1|211540110|0|Under way using engine|undefined|0|true|8.5774|53.5365|305|233|5|0|Not available|false|32962
2024-08-09 00:12:08|1|211228220|0|Under way using engine|undefined|0|true|8.578|53.525|344.6|344|7|0|Not available|false|82058
2024-08-09 00:12:09|1|211595610|0|Under way using engine|nan|0|true|8.5802|53.5364|282.5|511|8|0|Not available|true|33062
2024-08-09 00:12:10|1|211523490|0|Under way using engine|nan|0|true|8.5759|53.5173|360|511|8|0|Not available|true|33080
2024-08-09 00:12:12|1|211599340|0|Under way using engine|nan|0|true|8.5804|53.5364|257.4|511|11|0|Not available|true|27696
2024-08-09 00:12:13|1|211625860|3|Restricted manoeuverability|undefined|0|false|8.5523|53.572|193.1|289|12|0|Not available|false|2203
2024-08-09 00:12:13|1|211555420|3|Restricted manoeuverability|undefined|0|true|8.5777|53.5183|2.2|339|12|0|Not available|false|98727
2024-08-09 00:12:17|1|211540110|0|Under way using engine|undefined|0|true|8.5774|53.5365|341.6|233|15|0|Not available|false|2283
2024-08-09 00:12:18|5|211172030|0|DF4369|LESMONA|55|Law Enforcement|11|5|3|2|1|07-09T21:00Z|undefined|7|9|21|0|1.4|DEBRV|0
2024-08-09 00:12:19|1|211595610|0|Under way using engine|nan|0|true|8.5802|53.5364|280.4|511|18|0|Not available|true|33439
2024-08-09 00:12:23|1|211599340|0|Under way using engine|nan|0|true|8.5804|53.5364|255.6|511|22|0|Not available|true|114856
2024-08-09 00:12:24|1|211555420|3|Restricted manoeuverability|undefined|0|true|8.5777|53.5183|2.2|339|23|0|Not available|false|33605
2024-08-09 00:12:24|1|218709000|0|Under way using engine|undefined|0|true|8.5828|53.5382|349.4|53|19|0|Not available|false|49255
2024-08-09 00:12:25|1|211536810|0|Under way using engine|undefined|0|true|8.578|53.5366|51.9|230|24|0|Not available|false|2232
2024-08-09 00:12:27|1|211233660|15|Not defined|undefined|0|false|8.5778|53.5366|235.9|228|24|0|Not available|false|2230
2024-08-09 00:12:29|1|211228220|0|Under way using engine|undefined|0|true|8.578|53.525|344.6|344|28|0|Not available|false|49290
2024-08-09 00:12:30|18|211300110|0.1|false|8.5872|53.5348|156.1|511|28|false|458755
2024-08-09 00:12:32|1|211599340|0|Under way using engine|nan|0|true|8.5804|53.5364|256.6|511|31|0|Not available|true|66704
2024-08-09 00:12:34|1|211536810|0|Under way using engine|undefined|0|true|8.578|53.5366|51.9|230|33|0|Not available|false|49267
2024-08-09 00:12:36|1|218709000|0|Under way using engine|undefined|0|true|8.5828|53.5382|353.5|53|31|0|Not available|false|2239
2024-08-09 00:12:36|1|211540110|0|Under way using engine|undefined|0|true|8.5774|53.5365|347.3|235|35|0|Not available|false|49265
2024-08-09 00:12:36|3|253743000|1|At anchor|undefined|0|true|8.5545|53.5179|7.4|240|34|0|Not available|true|84794
2024-08-09 00:12:38|5|211235180|0|DBAC|HERMANN RUDOLF MEYER|51|Search and Rescue vessel|11|12|3|3|1|01-01T00:00Z|undefined|1|1|0|0|1.6||0
2024-08-09 00:12:39|1|211595610|0|Under way using engine|nan|0|true|8.5802|53.5365|274.6|511|38|0|Not available|true|34199
2024-08-09 00:12:42|3|211235180|5|Moored|nan|0.1|false|8.5782|53.5368|175.8|511|39|0|Not available|false|0
2024-08-09 00:12:42|1|211599340|0|Under way using engine|nan|0|true|8.5804|53.5364|259.6|511|41|0|Not available|true|67081
2024-08-09 00:12:43|1|211555420|3|Restricted manoeuverability|undefined|0|true|8.5777|53.5183|2.2|339|42|0|Not available|false|82078
2024-08-09 00:12:43|1|211536810|0|Under way using engine|undefined|0|true|8.578|53.5366|51.9|230|42|0|Not available|false|67105
2024-08-09 00:12:44|1|218709000|0|Under way using engine|undefined|0|true|8.5828|53.5382|342.8|53|39|0|Not available|false|2255
2024-08-09 00:12:47|1|211540110|0|Under way using engine|undefined|0|true|8.5774|53.5365|328.2|235|46|0|Not available|false|2215
2024-08-09 00:12:49|1|211595610|0|Under way using engine|nan|0|true|8.5802|53.5365|275.6|511|48|0|Not available|true|2253
2024-08-09 00:12:52|3|211599340|0|Under way using engine|nan|0|true|8.5804|53.5364|261.7|511|51|0|Not available|true|22259
2024-08-09 00:12:54|1|218709000|0|Under way using engine|undefined|0|true|8.5828|53.5382|340.5|53|49|0|Not available|false|27696
2024-08-09 00:12:57|1|211540110|0|Under way using engine|undefined|0|true|8.5774|53.5365|11.8|235|56|0|Not available|false|2260
2024-08-09 00:12:58|1|211233660|15|Not defined|undefined|0|false|8.5778|53.5366|235.9|228|56|0|Not available|false|27696
2024-08-09 00:13:05|1|211536810|0|Under way using engine|undefined|0|true|8.578|53.5366|51.9|230|4|0|Not available|false|82035
2024-08-09 00:13:06|1|211253400|15|Not defined|nan|0|false|8.5734|53.5453|0|511|1|0|Not available|false|65704
2024-08-09 00:13:08|1|211228220|0|Under way using engine|undefined|0|true|8.578|53.525|344.6|344|7|0|Not available|false|65803
2024-08-09 00:13:09|1|211595610|0|Under way using engine|nan|0|true|8.5802|53.5365|271.2|511|8|0|Not available|true|27700
2024-08-09 00:13:12|5|218709000|9502233|DBJC|ALTE WESER|55|Law Enforcement|9|24|3|3|1|08-06T15:00Z|undefined|8|6|15|0|1.8|PATROL|0
2024-08-09 00:13:14|5|218709000|9502233|DBJC|ALTE WESER|55|Law Enforcement|9|24|3|3|1|08-06T15:00Z|undefined|8|6|15|0|1.8|PATROL|0
2024-08-09 00:13:16|5|210525000|9466233|5BCL6|HILDA B|70|Cargo - all ships of this type|75|13|4|9|1|04-25T08:00Z|undefined|4|25|8|0|4|DEBRE|0
2024-08-09 00:13:16|3|211718100|5|Moored|nan|0|true|8.5765|53.5306|360|511|14|0|Not available|true|107200
2024-08-09 00:13:17|1|211540110|0|Under way using engine|undefined|0|true|8.5774|53.5365|320.4|234|16|0|Not available|false|49265
2024-08-09 00:13:19|1|211595610|0|Under way using engine|nan|0|false|8.5802|53.5365|269.3|511|18|0|Not available|true|27700
2024-08-09 00:13:19|3|244305000|0|Under way using engine|undefined|0.1|true|8.5618|53.5522|351.5|157|15|0|Not available|false|28227
2024-08-09 00:13:20|3|211718100|5|Moored|nan|0|true|8.5765|53.5306|360|511|18|0|Not available|true|82602
2024-08-09 00:13:23|24|211300110|A|A|TENDER TO ARIS
2024-08-09 00:13:23|24|211300110|B|B|37|Pleasure Craft|DD6026|null|AMC   B|8|133152|6|0|0|3
2024-08-09 00:13:24|1|218709000|0|Under way using engine|undefined|0|true|8.5828|53.5382|356.1|53|20|0|Not available|false|33627
2024-08-09 00:13:26|5|211225940|9031208|DBMN|TIDE|55|Law Enforcement|8|23|6|1|1|00-00T24:60Z|undefined|0|0|24|60|2.3|BRV|0
2024-08-09 00:13:27|1|211233660|15|Not defined|undefined|0|false|8.5778|53.5366|235.9|228|24|0|Not available|false|114794
2024-08-09 00:13:29|1|211228220|0|Under way using engine|undefined|0|true|8.578|53.525|344.6|344|28|0|Not available|false|33792
2024-08-09 00:13:29|5|211599340|0|DC4779|NORDENHAM|60|Passenger - all ships of this type|30|30|7|7|0|01-05T00:00Z|undefined|1|5|0|0|2.5|BREMERHAVEN-NORDENAM|0
2024-08-09 00:13:30|1|211595610|0|Under way using engine|nan|0|false|8.5802|53.5365|266.2|511|29|0|Not available|true|82094
2024-08-09 00:13:34|5|211706840|0|DA3095|TAUCHER BREMENPORTS|34|Diving ops|12|6|3|3|1|07-26T10:00Z|undefined|7|26|10|0|1.4|BREMERHAVEN|0
2024-08-09 00:13:34|3|314543000|1|At anchor|nan|0|false|8.564|53.5237|311.4|231|32|0|Not available|false|85786
2024-08-09 00:13:35|1|218709000|0|Under way using engine|undefined|0|true|8.5828|53.5382|0.7|53|31|0|Not available|false|49255
2024-08-09 00:13:36|1|211540110|0|Under way using engine|undefined|0|true|8.5774|53.5365|342.4|233|35|0|Not available|false|34075
2024-08-09 00:13:39|1|211233660|15|Not defined|undefined|0|false|8.5778|53.5366|235.9|228|36|0|Not available|false|27700
2024-08-09 00:13:39|1|211595610|0|Under way using engine|nan|0|true|8.5803|53.5365|266.3|511|38|0|Not available|true|27700
2024-08-09 00:13:42|1|211599340|0|Under way using engine|nan|0|true|8.5804|53.5364|265.9|511|41|0|Not available|true|49319
2024-08-09 00:13:43|3|211386490|5|Moored|undefined|0|false|8.5819|53.5377|42|237|42|0|Not available|false|87962
2024-08-09 00:13:43|3|211555420|3|Restricted manoeuverability|undefined|0|true|8.5777|53.5183|2.2|338|42|0|Not available|false|25635
2024-08-09 00:13:43|3|211220910|5|Moored|nan|0|true|8.5788|53.5283|360|511|41|0|Not available|true|84442
2024-08-09 00:13:44|1|218709000|0|Under way using engine|undefined|0|true|8.5828|53.5382|349.3|53|40|0|Not available|false|99911
2024-08-09 00:13:52|1|211599340|0|Under way using engine|nan|0|true|8.5804|53.5364|266.3|511|51|0|Not available|true|2283
2024-08-09 00:13:53|1|211555420|3|Restricted manoeuverability|undefined|0|true|8.5777|53.5183|2.2|338|52|0|Not available|false|2272
2024-08-09 00:13:54|1|218709000|0|Under way using engine|undefined|0|true|8.5828|53.5382|350|53|49|0|Not available|false|2273
2024-08-09 00:13:54|3|211172030|5|Moored|undefined|0|true|8.5768|53.534|62.3|249|52|0|Not available|false|84202
2024-08-09 00:13:55|1|211536810|0|Under way using engine|undefined|0|true|8.5779|53.5366|51.9|230|54|0|Not available|false|82036
2024-08-09 00:13:57|1|211540110|0|Under way using engine|undefined|0|true|8.5774|53.5365|340|233|56|0|Not available|false|82033
2024-08-09 00:13:58|1|211233660|15|Not defined|undefined|0|false|8.5778|53.5366|235.9|228|56|0|Not available|false|2226
2024-08-09 00:14:00|1|211595610|0|Under way using engine|nan|0|false|8.5803|53.5365|265.6|511|59|0|Not available|true|67728
2024-08-09 00:14:03|1|211555420|3|Restricted manoeuverability|undefined|0|true|8.5777|53.5183|2.2|338|2|0|Not available|false|49311
2024-08-09 00:14:07|1|211540110|0|Under way using engine|undefined|0|true|8.5774|53.5365|332.1|234|5|0|Not available|false|2234
2024-08-09 00:14:07|1|211233660|15|Not defined|undefined|0|false|8.5778|53.5366|235.9|228|5|0|Not available|false|65761
2024-08-09 00:14:08|1|211228220|0|Under way using engine|undefined|0|true|8.578|53.525|344.6|344|7|0|Not available|false|49289
2024-08-09 00:14:09|1|211595610|0|Under way using engine|nan|0|false|8.5803|53.5365|266.3|511|8|0|Not available|true|2288
2024-08-09 00:14:14|3|253736000|5|Moored|undefined|0|false|8.5774|53.5266|202.5|343|11|0|Not available|false|84586
2024-08-09 00:14:23|1|211599340|0|Under way using engine|nan|0|false|8.5804|53.5364|268.6|511|22|0|Not available|true|82087
2024-08-09 00:14:24|1|218709000|0|Under way using engine|undefined|0|true|8.5828|53.5382|334.8|53|19|0|Not available|false|27704
2024-08-09 00:14:26|1|211290740|0|Under way using engine|undefined|0|false|8.5674|53.5458|0|333|25|0|Not available|false|99243
2024-08-09 00:14:27|1|211233660|15|Not defined|undefined|0|false|8.5777|53.5366|235.9|228|24|0|Not available|false|99255
2024-08-09 00:14:29|1|211228220|0|Under way using engine|undefined|0|true|8.578|53.525|344.6|344|28|0|Not available|false|27704
2024-08-09 00:14:29|3|211225920|5|Moored|undefined|0|true|8.5814|53.5375|338.6|232|26|0|Not available|false|0
2024-08-09 00:14:30|1|211595610|0|Under way using engine|nan|0|false|8.5803|53.5365|262.5|511|29|0|Not available|true|66596
2024-08-09 00:14:30|1|211523490|0|Under way using engine|nan|0|true|8.5759|53.5173|360|511|28|0|Not available|true|66628
2024-08-09 00:14:32|1|211599340|0|Under way using engine|nan|0|false|8.5804|53.5365|269.2|511|31|0|Not available|true|33936
2024-08-09 00:14:36|1|211540110|0|Under way using engine|undefined|0|true|8.5774|53.5365|226.2|234|35|0|Not available|false|27704
2024-08-09 00:14:39|1|211233660|15|Not defined|undefined|0|false|8.5777|53.5366|235.9|228|36|0|Not available|false|2208
2024-08-09 00:14:43|1|211599340|0|Under way using engine|nan|0|false|8.5804|53.5365|270.1|511|41|0|Not available|true|34313
2024-08-09 00:14:44|1|218709000|0|Under way using engine|undefined|0|true|8.5828|53.5382|349.2|53|39|0|Not available|false|82024
2024-08-09 00:14:46|1|211540110|0|Under way using engine|undefined|0|true|8.5774|53.5365|338.2|234|45|0|Not available|false|99982
2024-08-09 00:14:47|1|211253400|15|Not defined|nan|0|false|8.5734|53.5453|0|511|42|0|Not available|false|34466
2024-08-09 00:14:50|1|211595610|0|Under way using engine|nan|0|false|8.5803|53.5368|266.6|511|49|0|Not available|true|67345
2024-08-09 00:14:51|3|211411980|5|Moored|undefined|0|true|8.5823|53.5379|321.2|231|46|0|Not available|false|84794
2024-08-09 00:14:53|1|211599340|0|Under way using engine|nan|0|false|8.5804|53.5366|271.5|511|52|0|Not available|true|100244
2024-08-09 00:14:57|1|211290740|0|Under way using engine|undefined|0|false|8.5674|53.5459|0|332|56|0|Not available|false|100402
2024-08-09 00:14:57|1|211540110|0|Under way using engine|undefined|0|true|8.5774|53.5365|336.1|234|56|0|Not available|false|67641
2024-08-09 00:14:58|1|211233660|15|Not defined|undefined|0|false|8.5777|53.5367|235.9|228|55|0|Not available|false|49253
2024-08-09 00:15:00|1|211595610|0|Under way using engine|nan|0|false|8.5803|53.5368|269.1|511|59|0|Not available|true|49326
2024-08-09 00:15:02|1|211599340|0|Under way using engine|nan|0|false|8.5804|53.5366|272.4|511|1|0|Not available|true|114855
2024-08-09 00:15:06|1|218709000|0|Under way using engine|undefined|0|true|8.5828|53.5382|340|53|1|0|Not available|false|114793
2024-08-09 00:15:06|1|211253400|15|Not defined|nan|0|false|8.5734|53.5453|0|511|1|0|Not available|false|32936
2024-08-09 00:15:06|1|211540110|0|Under way using engine|undefined|0|true|8.5774|53.5365|1.4|235|5|0|Not available|false|49265
2024-08-09 00:15:07|1|211233660|15|Not defined|undefined|0|false|8.5777|53.5367|235.9|228|5|0|Not available|false|49257
2024-08-09 00:15:10|1|211523490|0|Under way using engine|nan|0|true|8.5759|53.5172|360|511|8|0|Not available|true|114865
2024-08-09 00:15:12|1|211599340|0|Under way using engine|nan|0|true|8.5804|53.5365|275.1|511|11|0|Not available|true|82087
2024-08-09 00:15:17|1|211540110|0|Under way using engine|undefined|0|true|8.5774|53.5365|15.5|234|16|0|Not available|false|27708
2024-08-09 00:15:20|1|211595610|0|Under way using engine|nan|0|true|8.5802|53.5365|276.2|511|19|0|Not available|true|49326
2024-08-09 00:15:23|1|211555420|3|Restricted manoeuverability|undefined|0.1|true|8.5777|53.5183|351.9|338|22|0|Not available|false|82079
2024-08-09 00:15:23|1|211599340|0|Under way using engine|nan|0|false|8.5803|53.5365|277.6|511|22|0|Not available|true|66363
2024-08-09 00:15:24|1|218709000|0|Under way using engine|undefined|0|true|8.5828|53.5382|341.3|53|20|0|Not available|false|2271
2024-08-09 00:15:25|1|211253400|15|Not defined|nan|0|false|8.5734|53.5453|0|511|20|0|Not available|false|33658
2024-08-09 00:15:27|1|211233660|15|Not defined|undefined|0|false|8.5777|53.5366|235.9|228|24|0|Not available|false|82030
2024-08-09 00:15:34|24|211729870|A|A|BRIGANT
2024-08-09 00:15:34|1|211536810|0|Under way using engine|undefined|0|true|8.5779|53.5366|51.9|229|33|0|Not available|false|2254
2024-08-09 00:15:35|1|218709000|0|Under way using engine|undefined|0|true|8.5828|53.5382|342.9|53|31|0|Not available|false|27708
2024-08-09 00:15:37|1|211253400|15|Not defined|nan|0|false|8.5734|53.5453|0|511|32|0|Not available|false|2231
2024-08-09 00:15:37|5|211536810|0|DBLI|FRYA|50|Pilot Vessel1|15|4|2|3|0|03-31T08:15Z|undefined|3|31|8|15|1.8|BREMERHAVEN PILOT|0
2024-08-09 00:15:37|1|211290740|0|Under way using engine|undefined|0|false|8.5674|53.5458|0|330|36|0|Not available|false|99637
2024-08-09 00:15:37|3|253743000|1|At anchor|undefined|0|true|8.5545|53.5179|324.7|241|35|0|Not available|true|84842
2024-08-09 00:15:39|1|211595610|0|Under way using engine|nan|0|true|8.5802|53.5365|273.4|511|38|0|Not available|true|66950
2024-08-09 00:15:39|5|211386490|8779229|DBHN|NADIR|90|Other Type - all ships of this type|11|5|2|2|1|01-22T16:00Z|undefined|1|22|16|0|1.1|SURVEY OPERATION|0
2024-08-09 00:15:43|1|211599340|0|Under way using engine|nan|0|false|8.5803|53.5366|277.4|511|41|0|Not available|true|27708
2024-08-09 00:15:43|1|211555420|3|Restricted manoeuverability|undefined|0.1|true|8.5777|53.5183|355.8|338|42|0|Not available|false|34322
2024-08-09 00:15:43|3|211235180|5|Moored|nan|0.1|false|8.5782|53.5368|190.9|511|40|0|Not available|false|0
2024-08-09 00:15:44|1|218709000|0|Under way using engine|undefined|0|true|8.5828|53.5382|347.3|53|39|0|Not available|false|67143
2024-08-09 00:15:46|1|211540110|0|Under way using engine|undefined|0|true|8.5774|53.5365|328.9|234|45|0|Not available|false|82033
2024-08-09 00:15:47|1|211253400|15|Not defined|nan|0|false|8.5734|53.5453|0|511|42|0|Not available|false|27708
2024-08-09 00:15:49|1|211228220|0|Under way using engine|undefined|0|true|8.5781|53.525|344.6|344|48|0|Not available|false|2212
2024-08-09 00:15:50|1|211595610|0|Under way using engine|nan|0|true|8.5802|53.5365|272.5|511|49|0|Not available|true|49327
2024-08-09 00:15:55|1|211536810|0|Under way using engine|undefined|0|true|8.5779|53.5366|51.9|230|54|0|Not available|false|49269
2024-08-09 00:15:55|1|218709000|0|Under way using engine|undefined|0|true|8.5828|53.5382|334.7|53|50|0|Not available|false|49258
2024-08-09 00:15:55|1|211253400|15|Not defined|nan|0|false|8.5734|53.5453|0|511|50|0|Not available|false|49249
2024-08-09 00:16:00|1|211595610|0|Under way using engine|nan|0|false|8.5802|53.5365|271.8|511|59|0|Not available|true|34960
2024-08-09 00:16:07|1|211233660|15|Not defined|undefined|0|false|8.5777|53.5366|235.9|228|5|0|Not available|false|32993
2024-08-09 00:16:10|1|211523490|0|Under way using engine|nan|0|true|8.5759|53.5172|360|511|8|0|Not available|true|98624
2024-08-09 00:16:10|1|211595610|0|Under way using engine|nan|0|false|8.5802|53.5365|272.4|511|9|0|Not available|true|82095
2024-08-09 00:16:13|1|211555420|3|Restricted manoeuverability|undefined|0|true|8.5777|53.5183|3.3|338|12|0|Not available|false|33191
2024-08-09 00:16:13|1|211536810|0|Under way using engine|undefined|0|true|8.578|53.5366|51.9|230|12|0|Not available|false|27712
2024-08-09 00:16:15|3|211718100|5|Moored|nan|0|true|8.5765|53.5306|360|511|13|0|Not available|true|85786
2024-08-09 00:16:16|5|211630370|7725453|DHVE2|LEV TORNADO|99|Other Type - no additional information|24|24|5|4|1|01-15T09:00Z|undefined|1|15|9|0|3.5|BREMERHAVEN|0
2024-08-09 00:16:17|1|211540110|0|Under way using engine|undefined|0|true|8.5775|53.5365|352.6|234|16|0|Not available|false|2265
2024-08-09 00:16:18|5|211718100|0|DK8884|GREENPORTS 1|79|Cargo - No additional information|56|15|5|6|0|09-16T23:00Z|undefined|9|16|23|0|2|BREMERHAVEN|0
2024-08-09 00:16:20|1|211595610|0|Under way using engine|nan|0|false|8.5802|53.5365|273.4|511|19|0|Not available|true|33465
2024-08-09 00:16:24|1|211536810|0|Under way using engine|undefined|0|true|8.578|53.5366|51.9|230|23|0|Not available|false|66397
2024-08-09 00:16:25|1|218709000|0|Under way using engine|undefined|0|true|8.5828|53.5382|343.7|53|20|0|Not available|false|99184
2024-08-09 00:16:27|1|211233660|15|Not defined|undefined|0|false|8.5777|53.5366|235.9|228|24|0|Not available|false|66487
2024-08-09 00:16:30|1|211228220|0|Under way using engine|undefined|0|true|8.578|53.525|344.6|344|29|0|Not available|false|49289
2024-08-09 00:16:31|1|211523490|0|Under way using engine|nan|0|true|8.5759|53.5172|360|511|28|0|Not available|true|33860
2024-08-09 00:16:33|1|211599340|0|Under way using engine|nan|0|false|8.5803|53.5365|286.2|511|31|0|Not available|true|2264
2024-08-09 00:16:33|3|211225940|5|Moored|undefined|0|false|8.5799|53.537|203.2|237|31|0|Not available|false|84554
2024-08-09 00:16:34|1|211555420|3|Restricted manoeuverability|undefined|0.1|true|8.5777|53.5183|358.5|338|33|0|Not available|false|49312
2024-08-09 00:16:35|3|314543000|1|At anchor|nan|0.1|false|8.5639|53.5237|297.4|228|32|0|Not available|false|85226
2024-08-09 00:16:35|1|218709000|0|Under way using engine|undefined|0|true|8.5828|53.5382|348.2|53|30|0|Not available|false|2218
2024-08-09 00:16:36|1|211540110|0|Under way using engine|undefined|0|true|8.5774|53.5365|338.3|234|35|0|Not available|false|82033
2024-08-09 00:16:38|1|211233660|15|Not defined|undefined|0|false|8.5777|53.5366|235.9|228|35|0|Not available|false|34124
2024-08-09 00:16:39|1|211595610|0|Under way using engine|nan|0|true|8.5802|53.5365|275.3|511|38|0|Not available|true|49328
2024-08-09 00:16:43|1|211536810|0|Under way using engine|undefined|0|true|8.578|53.5366|51.9|230|42|0|Not available|false|2276
2024-08-09 00:16:48|1|211233660|15|Not defined|undefined|0|false|8.5777|53.5366|235.9|228|45|0|Not available|false|2223
2024-08-09 00:16:49|3|211386490|5|Moored|undefined|0|false|8.5819|53.5378|42|238|48|0|Not available|false|85098
2024-08-09 00:16:50|1|211595610|0|Under way using engine|nan|0|true|8.5802|53.5365|273.8|511|49|0|Not available|true|34577
2024-08-09 00:16:53|3|211172030|5|Moored|undefined|0|true|8.5769|53.534|157.3|249|51|0|Not available|false|84810
2024-08-09 00:16:53|1|211599340|0|Under way using engine|nan|0|true|8.5804|53.5364|281.7|511|52|0|Not available|true|67476
2024-08-09 00:16:54|18|211816240|0.1|true|8.5827|53.534|360|511|52|true|303989
2024-08-09 00:16:55|1|211536810|0|Under way using engine|undefined|0|true|8.578|53.5366|51.9|230|54|0|Not available|false|34770
2024-08-09 00:16:55|1|218709000|0|Under way using engine|undefined|0|true|8.5828|53.5382|353.4|53|50|0|Not available|false|34773
2024-08-09 00:16:58|1|211233660|15|Not defined|undefined|0|false|8.5777|53.5366|235.9|228|55|0|Not available|false|27712
2024-08-09 00:17:00|1|211595610|0|Under way using engine|nan|0|false|8.5803|53.5365|272.3|511|59|0|Not available|true|27712
2024-08-09 00:17:04|1|211253400|15|Not defined|nan|0|false|8.5734|53.5453|0|511|1|0|Not available|false|2248
2024-08-09 00:17:07|1|211290740|0|Under way using engine|undefined|0|false|8.5674|53.5458|0|329|7|0|Not available|false|27716
2024-08-09 00:17:08|3|211595610|0|Under way using engine|nan|0|false|8.5803|53.5365|274.2|511|9|0|Not available|true|22019
2024-08-09 00:17:11|1|211536810|0|Under way using engine|undefined|0|true|8.578|53.5366|51.9|230|12|0|Not available|false|2280
2024-08-09 00:17:13|3|211630370|5|Moored|6.6934727907118585|0|false|8.5742|53.5231|248.5|180|14|0|Not available|false|84330
2024-08-09 00:17:16|3|211540110|0|Under way using engine|undefined|0|true|8.5774|53.5365|343.7|234|17|0|Not available|false|20227
2024-08-09 00:17:18|1|211595610|0|Under way using engine|nan|0|true|8.5802|53.5365|274.3|511|19|0|Not available|true|27716
2024-08-09 00:17:22|1|211599340|0|Under way using engine|nan|0|true|8.5803|53.5363|274.9|511|22|0|Not available|true|33595
2024-08-09 00:17:25|1|211233660|15|Not defined|undefined|0|false|8.5777|53.5366|235.9|228|24|0|Not available|false|49262
2024-08-09 00:17:26|1|211540110|0|Under way using engine|undefined|0|true|8.5774|53.5365|356.8|234|26|0|Not available|false|66515
2024-08-09 00:17:27|3|211225920|5|Moored|undefined|0|true|8.5814|53.5374|338.6|232|25|0|Not available|false|0
2024-08-09 00:17:28|1|211595610|0|Under way using engine|nan|0|false|8.5802|53.5366|273.2|511|29|0|Not available|true|27716
2024-08-09 00:17:31|1|211599340|0|Under way using engine|nan|0|true|8.5804|53.5364|274.6|511|32|0|Not available|true|66718
2024-08-09 00:17:36|1|211233660|15|Not defined|undefined|0|false|8.5777|53.5366|235.9|228|35|0|Not available|false|27716
2024-08-09 00:17:37|1|211595610|0|Under way using engine|nan|0|false|8.5803|53.5366|271.9|511|38|0|Not available|true|34182
2024-08-09 00:17:41|1|211555420|3|Restricted manoeuverability|undefined|0.1|true|8.5777|53.5183|356.4|338|42|0|Not available|false|2258
2024-08-09 00:17:42|5|211658290|0|DBFF|ALBATROS|52|Tug|3|13|4|2|1|10-30T14:00Z|undefined|10|30|14|0|2|BREMERHAVEN|0
2024-08-09 00:17:42|1|211599340|0|Under way using engine|nan|0|true|8.5804|53.5364|272.8|511|43|0|Not available|true|67130
2024-08-09 00:17:42|1|211536810|0|Under way using engine|undefined|0|true|8.5779|53.5366|51.9|230|43|0|Not available|false|82037
2024-08-09 00:17:42|1|218709000|0|Under way using engine|undefined|0|true|8.5828|53.5382|323.1|53|39|0|Not available|false|34375
2024-08-09 00:17:50|5|211540110|0|DBLS|BURKANA|50|Pilot Vessel1|14|5|3|3|1|07-12T06:30Z|undefined|7|12|6|30|1.9|BREMERHAVEN|0
2024-08-09 00:17:51|5|255801580|9190157|CQQG|AUTOPRESTIGE|79|Cargo - No additional information|100|28|13|5|3|08-12T07:30Z|undefined|8|12|7|30|5|OSLO-BEKKELAGET|0
2024-08-09 00:17:51|1|211599340|0|Under way using engine|nan|0|true|8.5804|53.5364|271.7|511|52|0|Not available|true|49318
2024-08-09 00:17:53|1|218709000|0|Under way using engine|undefined|0|true|8.5828|53.5382|143.1|53|50|0|Not available|false|27716
2024-08-09 00:17:57|3|211658290|5|Moored|undefined|0|false|8.5784|53.5291|175.4|167|58|0|Not available|false|84314
2024-08-09 00:18:00|1|211599340|0|Under way using engine|nan|0|true|8.5804|53.5364|270.5|511|1|0|Not available|true|65561
2024-08-09 00:18:03|1|211536810|0|Under way using engine|undefined|0|true|8.5779|53.5366|51.9|230|4|0|Not available|false|2234
2024-08-09 00:18:04|1|218709000|0|Under way using engine|undefined|0|true|8.5828|53.5382|36.3|53|0|0|Not available|false|65696
2024-08-09 00:18:08|1|211523490|0|Under way using engine|nan|0|true|8.5759|53.5173|360|511|8|0|Not available|true|65856
2024-08-09 00:18:09|1|211595610|0|Under way using engine|nan|0|false|8.5802|53.5365|270.2|511|9|0|Not available|true|49329
2024-08-09 00:18:11|1|211599340|0|Under way using engine|nan|0|true|8.5804|53.5364|269.5|511|11|0|Not available|true|33186
2024-08-09 00:18:12|1|211536810|0|Under way using engine|undefined|0|true|8.5779|53.5366|51.9|230|13|0|Not available|false|49269
2024-08-09 00:18:16|1|211540110|0|Under way using engine|undefined|0|true|8.5774|53.5365|203.6|234|17|0|Not available|false|33386
2024-08-09 00:18:18|1|211595610|0|Under way using engine|nan|0|false|8.5802|53.5365|270.8|511|19|0|Not available|true|2205
2024-08-09 00:18:21|3|211634880|5|Moored|nan|0|false|8.572|53.545|192.4|511|22|0|Not available|false|87050
2024-08-09 00:18:22|1|211599340|0|Under way using engine|nan|0|true|8.5804|53.5364|269.5|511|22|0|Not available|true|27720
2024-08-09 00:18:22|5|211172020|0|DF4368|VISURA|55|Law Enforcement|10|6|3|2|1|01-01T00:00Z|undefined|1|1|0|0|1.4|PATROL WESER|0
2024-08-09 00:18:23|1|218709000|0|Under way using engine|undefined|0|true|8.5828|53.5382|20.3|53|20|0|Not available|false|66416
2024-08-09 00:18:25|1|211253400|15|Not defined|nan|0|false|8.5734|53.5453|0|511|22|0|Not available|false|99246
2024-08-09 00:18:25|1|211233660|15|Not defined|undefined|0|false|8.5777|53.5366|235.9|228|24|0|Not available|false|33719
2024-08-09 00:18:25|3|211172020|5|Moored|undefined|0|true|8.577|53.5338|165.1|250|25|0|Not available|false|84522
2024-08-09 00:18:26|1|211540110|0|Under way using engine|undefined|0|true|8.5774|53.5365|296.8|233|26|0|Not available|false|49266
2024-08-09 00:18:26|5|211253400|8862662|DFDR|WAL|0|Not available|11|39|7|5|1|00-00T24:60Z|undefined|0|0|24|60|0||0
2024-08-09 00:18:29|1|211228220|0|Under way using engine|undefined|0|true|8.5781|53.525|344.6|345|29|0|Not available|false|27720
2024-08-09 00:18:29|18|211300110|0.1|false|8.5873|53.5348|9.8|511|29|false|458755
2024-08-09 00:18:31|1|211599340|0|Under way using engine|nan|0|true|8.5804|53.5364|268.8|511|32|0|Not available|true|49318
2024-08-09 00:18:33|1|218709000|0|Under way using engine|undefined|0|true|8.5828|53.5382|143.1|53|30|0|Not available|false|66781
2024-08-09 00:18:34|3|253743000|1|At anchor|undefined|0|true|8.5544|53.5179|272.2|244|34|0|Not available|true|85354
2024-08-09 00:18:36|1|211233660|15|Not defined|undefined|0|false|8.5778|53.5366|235.9|228|35|0|Not available|false|2288
2024-08-09 00:18:37|1|211595610|0|Under way using engine|nan|0|false|8.5802|53.5365|272|511|38|0|Not available|true|27720
2024-08-09 00:18:41|1|211555420|3|Restricted manoeuverability|undefined|0.2|true|8.5777|53.5183|0.1|339|42|0|Not available|false|114848
2024-08-09 00:18:42|3|211599340|0|Under way using engine|nan|0|false|8.5804|53.5364|267.1|511|43|0|Not available|true|27443
2024-08-09 00:18:42|1|211536810|0|Under way using engine|undefined|0|true|8.5779|53.5366|51.9|230|43|0|Not available|false|67131
2024-08-09 00:18:43|1|218709000|0|Under way using engine|undefined|0|true|8.5828|53.5382|26.4|53|41|0|Not available|false|27720
2024-08-09 00:18:45|1|211233660|15|Not defined|undefined|0|false|8.5778|53.5366|235.9|228|44|0|Not available|false|67249
2024-08-09 00:18:48|1|211595610|0|Under way using engine|nan|0|false|8.5803|53.5365|270|511|49|0|Not available|true|2246
2024-08-09 00:18:51|1|211599340|0|Under way using engine|nan|0|true|8.5804|53.5364|263.9|511|52|0|Not available|true|34708
2024-08-09 00:18:53|1|218709000|0|Under way using engine|undefined|0|true|8.5828|53.5382|29.9|53|51|0|Not available|false|2274
2024-08-09 00:18:56|1|211540110|0|Under way using engine|undefined|0|true|8.5774|53.5365|357.8|234|56|0|Not available|false|2208
2024-08-09 00:18:57|1|211595610|0|Under way using engine|nan|0|false|8.5803|53.5365|267.4|511|58|0|Not available|true|82097
2024-08-09 00:19:00|3|211599340|0|Under way using engine|nan|0|true|8.5804|53.5364|263.1|511|1|0|Not available|true|18257
2024-08-09 00:19:03|1|211536810|0|Under way using engine|undefined|0|true|8.5779|53.5366|51.9|230|3|0|Not available|false|114805
2024-08-09 00:19:06|1|211540110|0|Under way using engine|undefined|0|true|8.5774|53.5365|227.5|234|6|0|Not available|false|82033
2024-08-09 00:19:07|1|211233660|15|Not defined|undefined|0|false|8.5778|53.5366|235.9|228|6|0|Not available|false|65798
2024-08-09 00:19:11|5|253743000|9507362|LXVY|VERTOM ISA|79|Cargo - No additional information|74|14|6|6|1|08-08T15:54Z|undefined|8|8|15|54|3|DEBRE|0
2024-08-09 00:19:11|1|211599340|0|Under way using engine|nan|0|false|8.5803|53.5364|261|511|11|0|Not available|true|27724
2024-08-09 00:19:11|1|211555420|3|Restricted manoeuverability|undefined|0.2|true|8.5777|53.5183|358.1|339|12|0|Not available|false|65961
2024-08-09 00:19:12|1|211536810|0|Under way using engine|undefined|0|true|8.5779|53.5366|51.9|230|13|0|Not available|false|33240
2024-08-09 00:19:12|5|218709000|9502233|DBJC|ALTE WESER|55|Law Enforcement|9|24|3|3|1|08-06T15:00Z|undefined|8|6|15|0|1.8|PATROL|0
2024-08-09 00:19:13|1|218709000|0|Under way using engine|undefined|0|true|8.5828|53.5382|36|53|10|0|Not available|false|49257
2024-08-09 00:19:14|3|211718100|5|Moored|nan|0|true|8.5765|53.5306|360|511|14|0|Not available|true|85882
2024-08-09 00:19:17|1|211595610|0|Under way using engine|nan|0|false|8.5803|53.5365|266|511|18|0|Not available|true|66188
2024-08-09 00:19:21|24|211300110|A|A|TENDER TO ARIS
2024-08-09 00:19:21|24|211300110|B|B|37|Pleasure Craft|DD6026|null|AMC   B|8|133152|6|0|0|3
2024-08-09 00:19:22|1|211599340|0|Under way using engine|nan|0|true|8.5804|53.5364|259.8|511|22|0|Not available|true|2247
2024-08-09 00:19:23|1|218709000|0|Under way using engine|undefined|0|true|8.5828|53.5382|32.6|53|21|0|Not available|false|49257
2024-08-09 00:19:24|5|211225940|9031208|DBMN|TIDE|55|Law Enforcement|8|23|6|1|1|00-00T24:60Z|undefined|0|0|24|60|2.3|BRV|0
2024-08-09 00:19:25|1|211253400|15|Not defined|nan|0|false|8.5734|53.5453|0|511|21|0|Not available|false|82011
2024-08-09 00:19:25|1|211233660|15|Not defined|undefined|0|false|8.5778|53.5366|235.9|228|24|0|Not available|false|27724
2024-08-09 00:19:29|1|211228220|0|Under way using engine|undefined|0|true|8.578|53.525|344.6|345|29|0|Not available|false|2203
2024-08-09 00:19:33|1|211536810|0|Under way using engine|undefined|0|true|8.578|53.5366|51.9|231|33|0|Not available|false|2207
2024-08-09 00:19:33|1|218709000|0|Under way using engine|undefined|0|true|8.5828|53.5382|39.6|53|30|0|Not available|false|49257
2024-08-09 00:19:34|3|314543000|1|At anchor|nan|0.1|false|8.5637|53.5238|315.2|226|34|0|Not available|false|84490
2024-08-09 00:19:35|1|211540110|0|Under way using engine|undefined|0|true|8.5775|53.5364|185.8|233|35|0|Not available|false|34080
2024-08-09 00:19:37|1|211233660|15|Not defined|undefined|0|false|8.5777|53.5366|235.9|228|36|0|Not available|false|99698
2024-08-09 00:19:37|1|211595610|0|Under way using engine|nan|0|true|8.5802|53.5365|263.6|511|38|0|Not available|true|2257
2024-08-09 00:19:42|1|211599340|0|Under way using engine|nan|0|false|8.5804|53.5364|258.8|511|43|0|Not available|true|34362
2024-08-09 00:19:43|1|211536810|0|Under way using engine|undefined|0|true|8.5779|53.5366|51.9|231|44|0|Not available|false|114803
2024-08-09 00:19:45|1|211233660|15|Not defined|undefined|0|false|8.5778|53.5366|235.9|228|44|0|Not available|false|49247
2024-08-09 00:19:46|3|211386490|5|Moored|undefined|0|false|8.5819|53.5377|42|237|47|0|Not available|false|84970
2024-08-09 00:19:47|1|211228220|0|Under way using engine|undefined|0|true|8.578|53.525|344.6|344|47|0|Not available|false|67294
2024-08-09 00:19:51|1|211599340|0|Under way using engine|nan|0|false|8.5804|53.5364|262.1|511|52|0|Not available|true|27724
2024-08-09 00:19:52|3|211172030|5|Moored|undefined|0|true|8.5769|53.534|248.8|249|51|0|Not available|false|85082
2024-08-09 00:19:52|1|211625860|3|Restricted manoeuverability|undefined|0|false|8.5523|53.572|193.1|289|52|0|Not available|false|27724
2024-08-09 00:19:52|1|211626110|3|Restricted manoeuverability|undefined|0|false|8.5529|53.5236|25.4|235|52|0|Not available|false|34743
2024-08-09 00:19:55|1|211540110|0|Under way using engine|undefined|0|true|8.5775|53.5365|129.3|234|55|0|Not available|false|114801
2024-08-09 00:19:56|1|211233660|15|Not defined|undefined|0|false|8.5777|53.5366|235.9|228|54|0|Not available|false|67632
2024-08-09 00:20:00|18|211232240|0|true|8.5841|53.5339|360|511|59|true|305445
2024-08-09 00:20:00|1|211599340|0|Under way using engine|nan|0|false|8.5804|53.5364|264.5|511|1|0|Not available|true|32793
2024-08-09 00:20:04|1|218709000|0|Under way using engine|undefined|0|true|8.5828|53.5382|32.9|53|2|0|Not available|false|32928
2024-08-09 00:20:04|1|211253400|15|Not defined|nan|0|false|8.5734|53.5453|0|511|1|0|Not available|false|65702
2024-08-09 00:20:06|1|211540110|0|Under way using engine|undefined|0|true|8.5774|53.5365|355.2|235|6|0|Not available|false|65766
2024-08-09 00:20:08|1|211228220|0|Under way using engine|undefined|0|true|8.5781|53.525|344.6|344|8|0|Not available|false|49289
2024-08-09 00:20:09|1|211595610|0|Under way using engine|nan|0|true|8.5803|53.5365|262.6|511|9|0|Not available|true|27728
2024-08-09 00:20:11|1|211599340|0|Under way using engine|nan|0|false|8.5804|53.5364|263.4|511|11|0|Not available|true|2296
2024-08-09 00:20:11|1|211555420|3|Restricted manoeuverability|undefined|0|false|8.5777|53.5183|2.7|339|12|0|Not available|false|49312
2024-08-09 00:20:12|1|211536810|0|Under way using engine|undefined|0|true|8.578|53.5366|51.9|230|13|0|Not available|false|27728
2024-08-09 00:20:12|3|211630370|5|Moored|nan|0|false|8.5742|53.5231|248.5|180|13|0|Not available|false|85194
2024-08-09 00:20:13|1|218709000|0|Under way using engine|undefined|0|true|8.5828|53.5382|36.1|53|11|0|Not available|false|33255
2024-08-09 00:20:17|18|211729870|0.1|true|8.5733|53.5443|360|511|16|true|458755
2024-08-09 00:20:17|1|211595610|0|Under way using engine|nan|0|true|8.5803|53.5365|262.4|511|18|0|Not available|true|49327
2024-08-09 00:20:20|24|211816240|A|A|LOTHLORIEN
2024-08-09 00:20:21|1|211555420|3|Restricted manoeuverability|undefined|0|false|8.5777|53.5183|2.7|339|22|0|Not available|false|2304
2024-08-09 00:20:22|1|211599340|0|Under way using engine|nan|0|false|8.5804|53.5364|263.2|511|22|0|Not available|true|99128
2024-08-09 00:20:23|1|218709000|0|Under way using engine|undefined|0|true|8.5828|53.5382|41.1|53|21|0|Not available|false|33648
2024-08-09 00:20:25|1|211253400|15|Not defined|nan|0|false|8.5734|53.5453|0|511|22|0|Not available|false|66478
2024-08-09 00:20:25|1|211233660|15|Not defined|undefined|0|false|8.5777|53.5366|235.9|228|24|0|Not available|false|2260
2024-08-09 00:20:27|1|211228220|0|Under way using engine|undefined|0|true|8.578|53.525|344.6|345|28|0|Not available|false|49289
2024-08-09 00:20:28|1|211595610|0|Under way using engine|nan|0|false|8.5803|53.5365|262.7|511|29|0|Not available|true|49327
2024-08-09 00:20:31|1|211599340|0|Under way using engine|nan|0|false|8.5804|53.5365|261.7|511|32|0|Not available|true|27728
2024-08-09 00:20:31|3|211706840|5|Moored|undefined|0|false|8.5769|53.5312|323.3|93|32|0|Not available|false|83866
2024-08-09 00:20:31|1|211536810|0|Under way using engine|undefined|0|true|8.578|53.5366|51.9|230|32|0|Not available|false|66724
2024-08-09 00:20:33|1|218709000|0|Under way using engine|undefined|0|true|8.5828|53.5382|51.9|53|31|0|Not available|false|34013
2024-08-09 00:20:35|1|211540110|0|Under way using engine|undefined|0|true|8.5774|53.5365|1.2|234|35|0|Not available|false|27728
2024-08-09 00:20:42|1|211599340|0|Under way using engine|nan|0|false|8.5804|53.5365|261.4|511|43|0|Not available|true|27728
2024-08-09 00:20:43|1|211536810|0|Under way using engine|undefined|0|true|8.578|53.5366|51.9|230|44|0|Not available|false|99935
2024-08-09 00:20:44|1|218709000|0|Under way using engine|undefined|0|true|8.5828|53.5382|51.4|53|42|0|Not available|false|99960
2024-08-09 00:20:45|1|211233660|15|Not defined|undefined|0|false|8.5777|53.5366|235.9|228|44|0|Not available|false|34481
2024-08-09 00:20:48|1|211595610|0|Under way using engine|nan|0|false|8.5803|53.5365|264.3|511|48|0|Not available|true|67341
2024-08-09 00:20:48|1|211523490|0|Under way using engine|nan|0|true|8.5759|53.5172|360|511|48|0|Not available|true|82096
2024-08-09 00:20:49|3|211411980|5|Moored|undefined|0|true|8.5823|53.5379|321.1|231|46|0|Not available|false|85082
2024-08-09 00:20:51|1|211599340|0|Under way using engine|nan|0|false|8.5804|53.5365|260.5|511|52|0|Not available|true|2272
2024-08-09 00:20:52|3|255801580|5|Moored|undefined|0|true|8.5671|53.5655|306.7|194|52|0|Not available|false|85290
2024-08-09 00:20:54|1|218709000|0|Under way using engine|undefined|0|true|8.5828|53.5382|47.6|53|51|0|Not available|false|49256
2024-08-09 00:20:55|1|211540110|0|Under way using engine|undefined|0|true|8.5774|53.5365|222.7|235|55|0|Not available|false|100367
2024-08-09 00:20:56|1|211233660|15|Not defined|undefined|0|false|8.5777|53.5366|235.9|228|54|0|Not available|false|49247
2024-08-09 00:20:57|1|211595610|0|Under way using engine|nan|0|false|8.5803|53.5365|263.6|511|58|0|Not available|true|49327
2024-08-09 00:21:03|3|211536810|0|Under way using engine|undefined|0|true|8.5779|53.5366|51.9|231|3|0|Not available|false|19027
2024-08-09 00:21:04|1|218709000|0|Under way using engine|undefined|0|true|8.5828|53.5382|53.6|53|2|0|Not available|false|27732
2024-08-09 00:21:08|3|211228220|0|Under way using engine|undefined|0|true|8.578|53.525|344.6|344|8|0|Not available|false|11393
2024-08-09 00:21:11|1|211625860|3|Restricted manoeuverability|undefined|0|false|8.5523|53.5719|193.1|290|11|0|Not available|false|49389
2024-08-09 00:21:14|3|256800000|5|Moored|undefined|0|true|8.5408|53.5725|206.3|151|12|0|Not available|false|85098
2024-08-09 00:21:22|1|211599340|0|Under way using engine|nan|0|true|8.5804|53.5365|258.3|511|22|0|Not available|true|82084
2024-08-09 00:21:23|1|218709000|0|Under way using engine|undefined|0|true|8.5828|53.5382|45.3|53|21|0|Not available|false|27732
2024-08-09 00:21:25|1|211253400|15|Not defined|nan|0|false|8.5734|53.5453|0|511|22|0|Not available|false|49254
2024-08-09 00:21:25|3|211112160|5|Moored|nan|0|true|8.5842|53.5221|360|511|25|0|Not available|true|85162
2024-08-09 00:21:25|1|211233660|15|Not defined|undefined|0|false|8.5777|53.5366|235.9|228|24|0|Not available|false|66497
2024-08-09 00:21:26|3|211112160|5|Moored|nan|0|true|8.5842|53.5221|360|511|25|0|Not available|true|85914
2024-08-09 00:21:26|3|211172020|5|Moored|undefined|0.1|true|8.577|53.5339|4.9|250|25|0|Not available|false|84170
2024-08-09 00:21:27|5|211228220|0|DFPE|CORA|80|Tanker - all ships of this type|0|0|0|0|0|10-18T14:21Z|undefined|10|18|14|21|2.1|IMMER FLEISSIG|0
2024-08-09 00:21:28|1|211595610|0|Under way using engine|nan|0|false|8.5803|53.5365|264.5|511|29|0|Not available|true|33843
2024-08-09 00:21:29|1|211523490|0|Under way using engine|nan|0|true|8.5759|53.5172|360|511|28|0|Not available|true|27732
2024-08-09 00:21:30|18|211300110|0.3|false|8.5872|53.5348|7.6|511|29|false|458755
2024-08-09 00:21:31|1|211625860|3|Restricted manoeuverability|undefined|0|false|8.5523|53.5719|193.1|290|31|0|Not available|false|66703
2024-08-09 00:21:31|1|211536810|0|Under way using engine|undefined|0|true|8.5779|53.5366|51.9|231|32|0|Not available|false|49268
2024-08-09 00:21:33|1|211555420|3|Restricted manoeuverability|undefined|0|false|8.5777|53.5183|359.8|339|33|0|Not available|false|66764
2024-08-09 00:21:33|24|211729870|A|A|BRIGANT
2024-08-09 00:21:33|1|218709000|0|Under way using engine|undefined|0|true|8.5828|53.5382|43.8|53|30|0|Not available|false|27732
2024-08-09 00:21:36|3|253743000|1|At anchor|undefined|0.2|true|8.5543|53.518|310.7|242|35|0|Not available|true|84394
2024-08-09 00:21:42|1|211599340|0|Under way using engine|nan|0|true|8.5804|53.5364|257.6|511|43|0|Not available|true|2233
2024-08-09 00:21:43|1|211626110|3|Restricted manoeuverability|undefined|0|false|8.5528|53.5237|25.4|235|43|0|Not available|false|34385
2024-08-09 00:21:44|24|211729870|B|B|37|Pleasure Craft|DK9093|null|SRTD-8A|1|175638|10|1|2|1
2024-08-09 00:21:44|1|218709000|0|Under way using engine|undefined|0|true|8.5828|53.5382|36.4|53|42|0|Not available|false|82026
2024-08-09 00:21:45|1|211233660|15|Not defined|undefined|0|false|8.5777|53.5366|235.9|228|44|0|Not available|false|27732
2024-08-09 00:21:47|1|211228220|0|Under way using engine|undefined|0|true|8.578|53.525|344.6|344|47|0|Not available|false|34526
2024-08-09 00:21:52|1|211626110|3|Restricted manoeuverability|undefined|0|false|8.5528|53.5237|25.4|236|52|0|Not available|false|2266
2024-08-09 00:21:55|3|218042130|5|Moored|undefined|0|true|8.5837|53.5086|357.9|260|52|0|Not available|false|85322
2024-08-09 00:21:56|1|211233660|15|Not defined|undefined|0|false|8.5777|53.5366|235.9|228|54|0|Not available|false|34864
2024-08-09 00:21:57|1|211595610|0|Under way using engine|nan|0|true|8.5803|53.5365|267.8|511|58|0|Not available|true|34927
2024-08-09 00:22:06|1|211540110|0|Under way using engine|undefined|0|true|8.5775|53.5365|352.7|234|6|0|Not available|false|32998
2024-08-09 00:22:08|1|211228220|0|Under way using engine|undefined|0|true|8.578|53.525|344.6|344|8|0|Not available|false|27736
2024-08-09 00:22:08|1|211523490|0|Under way using engine|nan|0|true|8.5759|53.5172|360|511|8|0|Not available|true|2239
2024-08-09 00:22:10|3|249010000|5|Moored|undefined|0|true|8.5416|53.5716|42.2|331|9|0|Not available|false|84298
2024-08-09 00:22:15|5|211718100|0|DK8884|GREENPORTS 1|79|Cargo - No additional information|56|15|5|6|0|09-16T23:00Z|undefined|9|16|23|0|2|BREMERHAVEN|0
2024-08-09 00:22:15|1|211540110|0|Under way using engine|undefined|0|true|8.5775|53.5365|12.4|234|15|0|Not available|false|98870
2024-08-09 00:22:20|5|211233660|9154804|DBLF|WESERLOTSE|50|Pilot Vessel1|16|13|4|4|1|01-01T00:00Z|undefined|1|1|0|0|3||0
2024-08-09 00:22:22|1|211599340|0|Under way using engine|nan|0|true|8.5804|53.5364|252.2|511|22|0|Not available|true|66360
2024-08-09 00:22:23|1|211536810|0|Under way using engine|undefined|0|true|8.5779|53.5366|51.9|230|23|0|Not available|false|49269
2024-08-09 00:22:25|1|211253400|15|Not defined|nan|0|false|8.5734|53.5453|0|511|22|0|Not available|false|33710
2024-08-09 00:22:25|1|211233660|15|Not defined|undefined|0|false|8.5777|53.5366|235.9|228|24|0|Not available|false|49262
2024-08-09 00:22:26|1|211540110|0|Under way using engine|undefined|0|false|8.5775|53.5365|40.8|234|26|0|Not available|false|49266
2024-08-09 00:22:28|1|211595610|0|Under way using engine|nan|0|true|8.5802|53.5365|265.1|511|29|0|Not available|true|27736
2024-08-09 00:22:29|18|211237120|0|true|8.5834|53.5337|13.4|511|28|true|458755
2024-08-09 00:22:31|3|211225940|5|Moored|undefined|0|false|8.58|53.537|203.2|237|30|0|Not available|false|84746
2024-08-09 00:22:32|1|211599340|0|Under way using engine|nan|0|true|8.5804|53.5364|250.2|511|32|0|Not available|true|114852
2024-08-09 00:22:33|1|218709000|0|Under way using engine|undefined|0|true|8.5828|53.5382|50.8|53|31|0|Not available|false|2229
2024-08-09 00:22:33|3|314543000|1|At anchor|nan|0.1|false|8.5636|53.5239|330.2|223|33|0|Not available|false|85194
2024-08-09 00:22:34|24|211598800|A|A|LIST - SUNRISE
2024-08-09 00:22:36|1|211540110|0|Under way using engine|undefined|0|false|8.5775|53.5365|358.7|233|36|0|Not available|false|99658
2024-08-09 00:22:38|1|211595610|0|Under way using engine|nan|0|false|8.5803|53.5365|266.2|511|38|0|Not available|true|34189
2024-08-09 00:22:45|1|211233660|15|Not defined|undefined|0|false|8.5778|53.5366|235.9|228|44|0|Not available|false|2282
2024-08-09 00:22:47|1|211228220|0|Under way using engine|undefined|0|true|8.5781|53.525|344.6|344|47|0|Not available|false|27736
2024-08-09 00:22:48|1|211595610|0|Under way using engine|nan|0|false|8.5803|53.5365|269.3|511|48|0|Not available|true|34573
2024-08-09 00:22:52|3|210525000|5|Moored|undefined|0|false|8.576|53.5231|278.5|182|52|0|Not available|false|0
2024-08-09 00:22:54|1|218709000|0|Under way using engine|undefined|0|true|8.5828|53.5382|50.5|53|51|0|Not available|false|27736
2024-08-09 00:22:57|3|211595610|0|Under way using engine|nan|0|false|8.5803|53.5365|268|511|58|0|Not available|true|30659
2024-08-09 00:23:03|1|218709000|0|Under way using engine|undefined|0|true|8.5828|53.5382|36|53|0|0|Not available|false|65656
2024-08-09 00:23:07|1|211233660|15|Not defined|undefined|0|false|8.5777|53.5366|235.9|228|5|0|Not available|false|2226
2024-08-09 00:23:09|1|211595610|0|Under way using engine|nan|0|false|8.5803|53.5365|267.9|511|9|0|Not available|true|49327
2024-08-09 00:23:14|1|218709000|0|Under way using engine|undefined|0|true|8.5828|53.5382|37.5|53|11|0|Not available|false|98825
2024-08-09 00:23:15|1|211540110|0|Under way using engine|undefined|0|false|8.5774|53.5365|26|234|15|0|Not available|false|82034
2024-08-09 00:23:17|1|211595610|0|Under way using engine|nan|0|true|8.5803|53.5365|265|511|18|0|Not available|true|2292
2024-08-09 00:23:18|18|211729870|0|true|8.5733|53.5443|360|511|17|true|458755
2024-08-09 00:23:23|1|218709000|0|Under way using engine|undefined|0|true|8.5828|53.5382|35.5|53|21|0|Not available|false|82024
2024-08-09 00:23:26|3|211225920|5|Moored|undefined|0|true|8.5814|53.5375|338.6|233|25|0|Not available|false|0
2024-08-09 00:23:29|1|211595610|0|Under way using engine|nan|0|true|8.5803|53.5365|263.4|511|29|0|Not available|true|2256
2024-08-09 00:23:32|1|211599340|0|Under way using engine|nan|0|true|8.5804|53.5364|247.7|511|32|0|Not available|true|99507
2024-08-09 00:23:32|1|218709000|0|Under way using engine|undefined|0|true|8.5828|53.5382|32.5|53|30|0|Not available|false|49255
2024-08-09 00:23:37|1|211233660|15|Not defined|undefined|0|false|8.5778|53.5366|235.9|228|36|0|Not available|false|34162
2024-08-09 00:23:37|5|211225920|0|DBLO|FRANZIUSPLATE|0|Not available|0|0|0|0|1|01-25T14:30Z|undefined|1|25|14|30|1.2|BREMERHAVEN|0
2024-08-09 00:23:38|1|211595610|0|Under way using engine|nan|0|true|8.5802|53.5365|265.7|511|38|0|Not available|true|27740
2024-08-09 00:23:42|1|211599340|0|Under way using engine|nan|0|true|8.5804|53.5364|251.5|511|42|0|Not available|true|67113
2024-08-09 00:23:48|1|211595610|0|Under way using engine|nan|0|false|8.5803|53.5365|266.6|511|48|0|Not available|true|27740
2024-08-09 00:23:48|1|211523490|0|Under way using engine|nan|0|true|8.5759|53.5172|360|511|48|0|Not available|true|34579
2024-08-09 00:23:50|3|255801580|5|Moored|undefined|0|true|8.5671|53.5655|355.2|194|50|0|Not available|false|94602
2024-08-09 00:23:54|3|211658290|5|Moored|undefined|0|false|8.5784|53.5291|175.4|167|54|0|Not available|false|85914
2024-08-09 00:23:54|1|218709000|0|Under way using engine|undefined|0|true|8.5828|53.5382|46.4|53|52|0|Not available|false|2242
2024-08-09 00:23:55|1|211540110|0|Under way using engine|undefined|0|false|8.5775|53.5365|193.1|234|55|0|Not available|false|49266
2024-08-09 00:23:57|1|211595610|0|Under way using engine|nan|0|false|8.5803|53.5365|265.2|511|58|0|Not available|true|2298
2024-08-09 00:23:59|5|211634880|0|DG6623|GEESTEMUENDE|99|Other Type - no additional information|11|20|3|4|1|08-02T15:30Z|undefined|8|2|15|30|1.3|NEUER HAFEN|0
2024-08-09 00:24:02|1|211599340|0|Under way using engine|nan|0|true|8.5804|53.5364|250.5|511|3|0|Not available|true|82084
2024-08-09 00:24:03|1|218709000|0|Under way using engine|undefined|0|true|8.5828|53.5382|39.8|53|1|0|Not available|false|49256
2024-08-09 00:24:06|1|211233660|15|Not defined|undefined|0|false|8.5778|53.5366|235.9|228|5|0|Not available|false|49252
2024-08-09 00:24:09|1|211595610|0|Under way using engine|nan|0|false|8.5803|53.5365|265.1|511|9|0|Not available|true|33112
2024-08-09 00:24:12|1|211599340|0|Under way using engine|nan|0|true|8.5804|53.5364|250|511|13|0|Not available|true|66000
2024-08-09 00:24:14|1|218709000|0|Under way using engine|undefined|0|true|8.5828|53.5382|41.4|53|11|0|Not available|false|82024
2024-08-09 00:24:15|1|211540110|0|Under way using engine|undefined|0|false|8.5775|53.5365|141.7|234|15|0|Not available|false|66102
2024-08-09 00:24:18|1|211595610|0|Under way using engine|nan|0|false|8.5803|53.5365|265.8|511|19|0|Not available|true|66230
2024-08-09 00:24:19|5|211172030|0|DF4369|LESMONA|55|Law Enforcement|11|5|3|2|1|07-09T21:00Z|undefined|7|9|21|0|1.4|DEBRV|0
2024-08-09 00:24:20|3|211634880|5|Moored|nan|0|false|8.572|53.545|124.8|511|20|0|Not available|false|88154
2024-08-09 00:24:22|1|211599340|0|Under way using engine|nan|0|true|8.5804|53.5364|252.1|511|22|0|Not available|true|33592
2024-08-09 00:24:22|5|211172020|0|DF4368|VISURA|55|Law Enforcement|10|6|3|2|1|01-01T00:00Z|undefined|1|1|0|0|1.4|PATROL WESER|0
2024-08-09 00:24:23|1|218709000|0|Under way using engine|undefined|0|true|8.5828|53.5382|36.5|53|21|0|Not available|false|66420
2024-08-09 00:24:26|1|211540110|0|Under way using engine|undefined|0|false|8.5775|53.5364|15.9|234|26|0|Not available|false|27744
2024-08-09 00:24:29|1|211595610|0|Under way using engine|nan|0|false|8.5803|53.5365|267.8|511|29|0|Not available|true|66617
2024-08-09 00:24:29|18|211300110|0.1|false|8.5872|53.5348|21|511|29|false|458755
2024-08-09 00:24:29|1|211523490|0|Under way using engine|nan|0|true|8.5759|53.5172|360|511|29|0|Not available|true|82103
2024-08-09 00:24:33|1|218709000|0|Under way using engine|undefined|0|true|8.5828|53.5382|39.4|53|30|0|Not available|false|33992
2024-08-09 00:24:35|3|253743000|1|At anchor|undefined|0.1|true|8.5541|53.518|294.2|240|34|0|Not available|true|84778
2024-08-09 00:24:36|1|211540110|0|Under way using engine|undefined|0|false|8.5775|53.5364|359|235|36|0|Not available|false|66890
2024-08-09 00:24:38|1|211595610|0|Under way using engine|nan|0|false|8.5803|53.5365|266.9|511|38|0|Not available|true|2288
2024-08-09 00:24:38|5|211235180|0|DBAC|HERMANN RUDOLF MEYER|51|Search and Rescue vessel|11|12|3|3|1|01-01T00:00Z|undefined|1|1|0|0|1.6||0
2024-08-09 00:24:41|5|211411980|9313187|DBHX|ZENIT|90|Other Type - all ships of this type|18|12|2|4|1|08-08T14:00Z|undefined|8|8|14|0|2.1|SURVEY OPS WESER|0
2024-08-09 00:24:42|1|211555420|3|Restricted manoeuverability|undefined|0|false|8.5777|53.5183|359.8|338|42|0|Not available|false|27744
2024-08-09 00:24:42|3|211235180|5|Moored|nan|0.1|false|8.5782|53.5368|184.2|511|40|0|Not available|false|0
2024-08-09 00:24:42|1|211599340|0|Under way using engine|nan|0|true|8.5804|53.5364|253.9|511|42|0|Not available|true|49316
2024-08-09 00:24:44|1|218709000|0|Under way using engine|undefined|0|true|8.5828|53.5382|36.4|53|41|0|Not available|false|34424
2024-08-09 00:24:47|1|211228220|0|Under way using engine|undefined|0|true|8.578|53.525|344.6|344|48|0|Not available|false|67317
2024-08-09 00:24:48|1|211595610|0|Under way using engine|nan|0|false|8.5803|53.5365|268.2|511|48|0|Not available|true|2257
2024-08-09 00:24:52|3|211599340|0|Under way using engine|nan|0|true|8.5804|53.5364|255.2|511|53|0|Not available|true|23059
2024-08-09 00:24:54|1|218709000|0|Under way using engine|undefined|0|true|8.5828|53.5382|39.2|53|51|0|Not available|false|67557
2024-08-09 00:24:55|1|211540110|0|Under way using engine|undefined|0|false|8.5775|53.5364|30.3|234|55|0|Not available|false|34831
2024-08-09 00:24:56|1|211233660|15|Not defined|undefined|0|false|8.5778|53.5366|235.9|228|54|0|Not available|false|114781
2024-08-09 00:24:59|1|211595610|0|Under way using engine|nan|0|false|8.5803|53.5365|269.9|511|59|0|Not available|true|82096
2024-08-09 00:25:03|1|218709000|0|Under way using engine|undefined|0|true|8.5828|53.5382|33.3|53|1|0|Not available|false|32888
2024-08-09 00:25:05|1|211593560|0|Under way using engine|nan|0|false|8.5658|53.5516|304.3|511|5|0|Not available|false|2306
2024-08-09 00:25:10|5|218709000|9502233|DBJC|ALTE WESER|55|Law Enforcement|9|24|3|3|1|08-06T15:00Z|undefined|8|6|15|0|1.8|PATROL|0
2024-08-09 00:25:12|1|211555420|3|Restricted manoeuverability|undefined|0|false|8.5777|53.5183|359.8|338|13|0|Not available|false|49312
2024-08-09 00:25:14|5|218709000|9502233|DBJC|ALTE WESER|55|Law Enforcement|9|24|3|3|1|08-06T15:00Z|undefined|8|6|15|0|1.8|PATROL|0
2024-08-09 00:25:15|1|211540110|0|Under way using engine|undefined|0|false|8.5774|53.5364|169.1|234|15|0|Not available|false|49266
2024-08-09 00:25:18|1|211595610|0|Under way using engine|nan|0|false|8.5802|53.5364|266.3|511|19|0|Not available|true|49329
2024-08-09 00:25:21|24|211300110|A|A|TENDER TO ARIS
2024-08-09 00:25:22|24|211300110|B|B|37|Pleasure Craft|DD6026|null|AMC   B|8|133152|6|0|0|3
2024-08-09 00:25:23|1|218709000|0|Under way using engine|undefined|0|true|8.5828|53.5382|54.6|53|21|0|Not available|false|49263
2024-08-09 00:25:25|5|211225940|9031208|DBMN|TIDE|55|Law Enforcement|8|23|6|1|1|00-00T24:60Z|undefined|0|0|24|60|2.3|BRV|0
2024-08-09 00:25:25|1|211233660|15|Not defined|undefined|0|false|8.5778|53.5366|235.9|228|24|0|Not available|false|2292
2024-08-09 00:25:26|1|211540110|0|Under way using engine|undefined|0|false|8.5775|53.5364|353.7|234|26|0|Not available|false|2215
2024-08-09 00:25:27|1|211228220|0|Under way using engine|undefined|0|true|8.5781|53.525|344.6|344|27|0|Not available|false|82057
2024-08-09 00:25:31|3|211225940|5|Moored|undefined|0|false|8.5799|53.537|203.2|237|31|0|Not available|false|84618
2024-08-09 00:25:32|1|211536810|0|Under way using engine|undefined|0|true|8.5779|53.5366|51.9|231|32|0|Not available|false|99500
2024-08-09 00:25:32|1|211599340|0|Under way using engine|nan|0|true|8.5804|53.5364|254.2|511|32|0|Not available|true|66739
2024-08-09 00:25:32|5|211706840|0|DA3095|TAUCHER BREMENPORTS|34|Diving ops|12|6|3|3|1|07-26T10:00Z|undefined|7|26|10|0|1.4|BREMERHAVEN|0
2024-08-09 00:25:33|1|218709000|0|Under way using engine|undefined|0|true|8.5828|53.5382|59|53|30|0|Not available|false|27748
2024-08-09 00:25:39|1|211595610|0|Under way using engine|nan|0|false|8.5801|53.5364|264.7|511|39|0|Not available|true|66995
2024-08-09 00:25:42|3|211555420|3|Restricted manoeuverability|undefined|0.1|false|8.5777|53.5183|124.1|338|42|0|Not available|false|26803
2024-08-09 00:25:42|3|211220910|5|Moored|nan|0|true|8.5788|53.5282|360|511|41|0|Not available|true|85034
2024-08-09 00:25:42|1|211599340|0|Under way using engine|nan|0|true|8.5804|53.5364|253.5|511|42|0|Not available|true|34345
2024-08-09 00:25:44|1|218709000|0|Under way using engine|undefined|0|true|8.5828|53.5382|51.6|53|42|0|Not available|false|27748
2024-08-09 00:25:45|1|211540110|0|Under way using engine|undefined|0|false|8.5775|53.5364|158|234|46|0|Not available|false|27748
2024-08-09 00:25:46|3|211386490|5|Moored|undefined|0|false|8.5819|53.5377|42|236|47|0|Not available|false|85898
2024-08-09 00:25:47|1|211228220|0|Under way using engine|undefined|0|true|8.578|53.525|344.6|344|48|0|Not available|false|49289
2024-08-09 00:25:48|1|211595610|0|Under way using engine|nan|0|false|8.5801|53.5364|262.7|511|49|0|Not available|true|114865
2024-08-09 00:25:51|3|210525000|5|Moored|undefined|0|false|8.576|53.5232|278.5|182|50|0|Not available|false|0
2024-08-09 00:25:52|3|211172030|5|Moored|undefined|0|true|8.5768|53.534|24.4|250|51|0|Not available|false|85178
2024-08-09 00:25:52|1|211599340|0|Under way using engine|nan|0|true|8.5804|53.5364|251.9|511|53|0|Not available|true|67498
2024-08-09 00:25:52|18|211816240|0|true|8.5828|53.5339|360|511|52|true|304269
2024-08-09 00:25:54|1|218709000|0|Under way using engine|undefined|0|true|8.5828|53.5382|51.7|53|51|0|Not available|false|49263
2024-08-09 00:25:55|1|211540110|0|Under way using engine|undefined|0|false|8.5775|53.5364|180.1|233|55|0|Not available|false|27748
2024-08-09 00:25:57|1|211228220|0|Under way using engine|undefined|0|true|8.578|53.525|344.6|344|58|0|Not available|false|49289
2024-08-09 00:25:59|1|211595610|0|Under way using engine|nan|0|false|8.5803|53.5365|261.9|511|59|0|Not available|true|67743
2024-08-09 00:26:02|1|211599340|0|Under way using engine|nan|0|true|8.5804|53.5364|251.8|511|3|0|Not available|true|49317
2024-08-09 00:26:03|1|211536810|0|Under way using engine|undefined|0|true|8.578|53.5366|51.9|231|3|0|Not available|false|2252
2024-08-09 00:26:03|1|218709000|0|Under way using engine|undefined|0|true|8.5828|53.5382|44.9|53|1|0|Not available|false|27752
2024-08-09 00:26:07|1|211228220|0|Under way using engine|undefined|0|true|8.578|53.525|344.6|344|8|0|Not available|false|33046
2024-08-09 00:26:08|1|211523490|0|Under way using engine|nan|0|true|8.5759|53.5172|360|511|7|0|Not available|true|33077
2024-08-09 00:26:09|1|211595610|0|Under way using engine|nan|0|false|8.5803|53.5365|260.7|511|9|0|Not available|true|2214
2024-08-09 00:26:12|1|211599340|0|Under way using engine|nan|0|false|8.5805|53.5364|253.1|511|13|0|Not available|true|33232
2024-08-09 00:26:13|1|211555420|3|Restricted manoeuverability|undefined|0.1|true|8.5777|53.5183|357.8|338|13|0|Not available|false|33240
2024-08-09 00:26:14|1|218709000|0|Under way using engine|undefined|0|true|8.5828|53.5382|55.4|53|11|0|Not available|false|49260
2024-08-09 00:26:15|1|211540110|0|Under way using engine|undefined|0|false|8.5775|53.5364|31.5|233|15|0|Not available|false|33334
2024-08-09 00:26:15|1|211253400|15|Not defined|nan|0|false|8.5734|53.5453|0|511|13|0|Not available|false|2218
2024-08-09 00:26:18|1|211595610|0|Under way using engine|nan|0|false|8.5803|53.5365|261.2|511|19|0|Not available|true|33462
2024-08-09 00:26:22|1|211599340|0|Under way using engine|nan|0|true|8.5804|53.5364|251.6|511|22|0|Not available|true|2240
2024-08-09 00:26:22|1|211536810|0|Under way using engine|undefined|0|true|8.578|53.5366|51.9|231|23|0|Not available|false|99149
2024-08-09 00:26:23|1|218709000|0|Under way using engine|undefined|0|true|8.5828|53.5382|55.1|53|21|0|Not available|false|33652
2024-08-09 00:26:25|1|211540110|0|Under way using engine|undefined|0|false|8.5775|53.5364|0.9|233|25|0|Not available|false|49266
2024-08-09 00:26:27|1|211233660|15|Not defined|undefined|0|false|8.5778|53.5365|235.9|228|25|0|Not available|false|114798
2024-08-09 00:26:30|3|211706840|5|Moored|undefined|0|false|8.5769|53.5313|179.6|92|30|0|Not available|false|86090
2024-08-09 00:26:33|1|218709000|0|Under way using engine|undefined|0|true|8.5828|53.5382|56.7|53|30|0|Not available|false|2248
2024-08-09 00:26:36|1|211540110|0|Under way using engine|undefined|0|false|8.5775|53.5364|15.1|233|36|0|Not available|false|34122
2024-08-09 00:26:39|1|211595610|0|Under way using engine|nan|0|false|8.5803|53.5366|261|511|39|0|Not available|true|49330
2024-08-09 00:26:42|1|211555420|3|Restricted manoeuverability|undefined|0.1|true|8.5777|53.5183|356.9|338|42|0|Not available|false|82080
2024-08-09 00:26:43|1|211536810|0|Under way using engine|undefined|0|true|8.578|53.5366|51.9|231|44|0|Not available|false|2224
2024-08-09 00:26:45|1|211540110|0|Under way using engine|undefined|0|false|8.5775|53.5364|353.9|233|46|0|Not available|false|2285
2024-08-09 00:26:46|1|211233660|15|Not defined|undefined|0|false|8.5778|53.5365|235.9|228|45|0|Not available|false|2252
2024-08-09 00:26:47|1|211228220|0|Under way using engine|undefined|0|true|8.5781|53.525|344.6|344|48|0|Not available|false|34549
2024-08-09 00:26:52|1|211555420|3|Restricted manoeuverability|undefined|0.1|true|8.5777|53.5183|353.7|338|52|0|Not available|false|114848
2024-08-09 00:26:55|1|211540110|0|Under way using engine|undefined|0|true|8.5775|53.5364|34.2|233|55|0|Not available|false|2284
2024-08-09 00:26:56|1|211233660|15|Not defined|undefined|0|false|8.5778|53.5365|235.9|228|54|0|Not available|false|82019
2024-08-09 00:26:57|3|211228220|0|Under way using engine|undefined|0|true|8.578|53.5249|344.6|344|58|0|Not available|false|19793
2024-08-09 00:26:59|1|211595610|0|Under way using engine|nan|0|true|8.5802|53.5365|260.9|511|59|0|Not available|true|49330
2024-08-09 00:27:02|1|211599340|0|Under way using engine|nan|0|true|8.5804|53.5363|248.4|511|3|0|Not available|true|32852
2024-08-09 00:27:03|1|211536810|0|Under way using engine|undefined|0|true|8.5779|53.5366|51.9|231|3|0|Not available|false|114806
2024-08-09 00:27:03|1|218709000|0|Under way using engine|undefined|0|true|8.5828|53.5382|43.1|53|1|0|Not available|false|2255
2024-08-09 00:27:06|1|211540110|0|Under way using engine|undefined|0|true|8.5775|53.5364|132|234|7|0|Not available|false|82034
2024-08-09 00:27:07|1|211228220|0|Under way using engine|undefined|0|true|8.578|53.525|344.6|344|8|0|Not available|false|27756
2024-08-09 00:27:08|1|211523490|0|Under way using engine|nan|0|true|8.5759|53.5172|360|511|7|0|Not available|true|27756
2024-08-09 00:27:12|1|211536810|0|Under way using engine|undefined|0|true|8.5779|53.5366|51.9|231|12|0|Not available|false|65985
2024-08-09 00:27:12|1|211599340|0|Under way using engine|nan|0|true|8.5804|53.5363|250.7|511|13|0|Not available|true|27756
2024-08-09 00:27:14|1|218709000|0|Under way using engine|undefined|0|true|8.5828|53.5382|39.5|53|12|0|Not available|false|33289
2024-08-09 00:27:15|1|211540110|0|Under way using engine|undefined|0|true|8.5775|53.5364|311|234|15|0|Not available|false|27756
2024-08-09 00:27:18|1|211595610|0|Under way using engine|nan|0|false|8.5802|53.5365|261.1|511|19|0|Not available|true|27756
2024-08-09 00:27:20|1|244305000|0|Under way using engine|undefined|0|true|8.5618|53.5523|3.7|150|17|0|Not available|false|2185
2024-08-09 00:27:22|1|211599340|0|Under way using engine|nan|0|false|8.5804|53.5363|249.4|511|22|0|Not available|true|66350
2024-08-09 00:27:22|1|211536810|0|Under way using engine|undefined|0|true|8.5779|53.5366|51.9|231|23|0|Not available|false|82038
2024-08-09 00:27:23|1|218709000|0|Under way using engine|undefined|0|true|8.5828|53.5382|43.1|53|21|0|Not available|false|27756
2024-08-09 00:27:24|1|211253400|15|Not defined|nan|0|false|8.5734|53.5453|0|511|21|0|Not available|false|82027
2024-08-09 00:27:25|3|211172020|5|Moored|undefined|0|true|8.577|53.5339|169.7|250|24|0|Not available|false|85146
2024-08-09 00:27:25|1|211540110|0|Under way using engine|undefined|0|true|8.5775|53.5364|238.7|234|25|0|Not available|false|33704
2024-08-09 00:27:27|1|211233660|15|Not defined|undefined|0|false|8.5778|53.5365|235.9|228|25|0|Not available|false|99307
2024-08-09 00:27:27|1|211228220|0|Under way using engine|undefined|0|true|8.578|53.525|344.6|344|27|0|Not available|false|49289
2024-08-09 00:27:27|3|211112160|5|Moored|nan|0|true|8.5842|53.5222|360|511|27|0|Not available|true|83786
2024-08-09 00:27:29|1|211595610|0|Under way using engine|nan|0|false|8.5802|53.5365|257.8|511|29|0|Not available|true|27756
2024-08-09 00:27:32|1|211536810|0|Under way using engine|undefined|0|true|8.5779|53.5366|51.9|231|32|0|Not available|false|66732
2024-08-09 00:27:32|1|211599340|0|Under way using engine|nan|0|false|8.5805|53.5363|248.2|511|32|0|Not available|true|33971
2024-08-09 00:27:33|24|211729870|A|A|BRIGANT
2024-08-09 00:27:35|3|253743000|1|At anchor|undefined|0.1|true|8.5539|53.5181|299.2|236|34|0|Not available|true|85770
2024-08-09 00:27:36|1|211540110|0|Under way using engine|undefined|0|true|8.5775|53.5364|8.7|235|36|0|Not available|false|27756
2024-08-09 00:27:37|5|211536810|0|DBLI|FRYA|50|Pilot Vessel1|15|4|2|3|0|03-31T08:15Z|undefined|3|31|8|15|1.8|BREMERHAVEN PILOT|0
2024-08-09 00:27:39|1|211595610|0|Under way using engine|nan|0|false|8.5803|53.5365|257.5|511|39|0|Not available|true|34227
2024-08-09 00:27:39|1|244305000|0|Under way using engine|undefined|0.1|true|8.5618|53.5523|358.8|151|36|0|Not available|false|67000
2024-08-09 00:27:42|5|636092313|9267742|D5AH2|KOGA REVOLUTION|79|Cargo - No additional information|122|13|7|15|1|07-29T06:00Z|undefined|7|29|6|0|6|BREMERHAVEN|0
2024-08-09 00:27:43|1|211536810|0|Under way using engine|undefined|0|true|8.5779|53.5366|51.9|231|43|0|Not available|false|82038
2024-08-09 00:27:43|1|218709000|0|Under way using engine|undefined|0|true|8.5828|53.5382|42.8|53|41|0|Not available|false|49262
2024-08-09 00:27:47|3|211233660|15|Not defined|undefined|0|false|8.5777|53.5365|235.9|228|45|0|Not available|false|19331
2024-08-09 00:27:48|1|211595610|0|Under way using engine|nan|0|false|8.5803|53.5365|260.9|511|49|0|Not available|true|82098
2024-08-09 00:27:52|1|211555420|3|Restricted manoeuverability|undefined|0.1|true|8.5777|53.5183|353.3|339|52|0|Not available|false|100238
2024-08-09 00:27:56|1|211540110|0|Under way using engine|undefined|0|true|8.5775|53.5364|8.6|235|56|0|Not available|false|100401
2024-08-09 00:27:59|1|211595610|0|Under way using engine|nan|0|false|8.5803|53.5365|266.1|511|59|0|Not available|true|34975
2024-08-09 00:28:03|1|211536810|0|Under way using engine|undefined|0|true|8.5779|53.5366|51.9|231|3|0|Not available|false|98415
2024-08-09 00:28:03|1|218709000|0|Under way using engine|undefined|0|true|8.5828|53.5382|37.9|53|0|0|Not available|false|49262
2024-08-09 00:28:07|1|211228220|0|Under way using engine|undefined|0|true|8.578|53.525|344.6|344|8|0|Not available|false|2244
2024-08-09 00:28:14|1|218709000|0|Under way using engine|undefined|0|true|8.5828|53.5382|34.1|53|11|0|Not available|false|27760
2024-08-09 00:28:14|5|211630370|7725453|DHVE2|LEV TORNADO|99|Other Type - no additional information|24|24|5|4|1|01-15T09:00Z|undefined|1|15|9|0|3.5|BREMERHAVEN|0
2024-08-09 00:28:17|3|211885430|5|Moored|undefined|0|false|8.5836|53.5086|355.1|172|14|0|Not available|false|84122
2024-08-09 00:28:17|5|211718100|0|DK8884|GREENPORTS 1|79|Cargo - No additional information|56|15|5|6|0|09-16T23:00Z|undefined|9|16|23|0|2|BREMERHAVEN|0
2024-08-09 00:28:19|5|211233660|9154804|DBLF|WESERLOTSE|50|Pilot Vessel1|16|13|4|4|1|01-01T00:00Z|undefined|1|1|0|0|3||0
2024-08-09 00:28:24|1|218709000|0|Under way using engine|undefined|0|true|8.5828|53.5382|39.8|53|21|0|Not available|false|2247
2024-08-09 00:28:24|1|211253400|15|Not defined|nan|0|false|8.5734|53.5453|0|511|21|0|Not available|false|66442
2024-08-09 00:28:25|1|211540110|0|Under way using engine|undefined|0|false|8.5775|53.5364|321.3|235|25|0|Not available|false|27760
2024-08-09 00:28:27|1|211233660|15|Not defined|undefined|0|false|8.5777|53.5365|235.9|228|25|0|Not available|false|82029
2024-08-09 00:28:29|1|211595610|0|Under way using engine|nan|0|true|8.5802|53.5364|270.7|511|29|0|Not available|true|2216
2024-08-09 00:28:31|3|211225940|5|Moored|undefined|0|false|8.58|53.537|203.2|237|30|0|Not available|false|85498
2024-08-09 00:28:31|1|211555420|3|Restricted manoeuverability|undefined|0.1|true|8.5777|53.5183|354.3|339|32|0|Not available|false|82081
2024-08-09 00:28:32|1|211536810|0|Under way using engine|undefined|0|true|8.5779|53.5366|51.9|231|32|0|Not available|false|49270
2024-08-09 00:28:32|1|211599340|0|Under way using engine|nan|0|false|8.5804|53.5363|258.8|511|32|0|Not available|true|27760
2024-08-09 00:28:33|1|218709000|0|Under way using engine|undefined|0|true|8.5828|53.5382|28.2|53|30|0|Not available|false|49262
2024-08-09 00:28:34|3|314543000|1|At anchor|nan|0.2|false|8.5633|53.5241|309.8|206|33|0|Not available|false|84346
2024-08-09 00:28:36|1|211233660|15|Not defined|undefined|0|false|8.5777|53.5365|235.9|228|34|0|Not available|false|34114
2024-08-09 00:28:36|1|211540110|0|Under way using engine|undefined|0|false|8.5775|53.5364|170.2|235|36|0|Not available|false|2243
2024-08-09 00:28:36|24|211598800|A|A|LIST - SUNRISE
2024-08-09 00:28:37|24|211598800|B|B|37|Pleasure Craft|DFWC|null||0|0|0|0|0|0
2024-08-09 00:28:39|1|211595610|0|Under way using engine|nan|0|true|8.5802|53.5365|268.7|511|39|0|Not available|true|27760
2024-08-09 00:28:42|1|211555420|3|Restricted manoeuverability|undefined|0.1|true|8.5777|53.5183|354.6|339|42|0|Not available|false|49313
2024-08-09 00:28:42|1|211599340|0|Under way using engine|nan|0|false|8.5804|53.5363|262.2|511|42|0|Not available|true|99881
2024-08-09 00:28:46|1|211540110|0|Under way using engine|undefined|0|false|8.5775|53.5364|35.9|234|47|0|Not available|false|49266
2024-08-09 00:28:48|1|211595610|0|Under way using engine|nan|0|true|8.5802|53.5365|269.1|511|49|0|Not available|true|67348
2024-08-09 00:28:52|3|210525000|5|Moored|undefined|0|false|8.576|53.5231|278.5|182|52|0|Not available|false|0
2024-08-09 00:28:52|3|211172030|5|Moored|undefined|0|true|8.5769|53.534|256.1|249|51|0|Not available|false|84842
2024-08-09 00:28:53|18|211816240|0|true|8.5828|53.534|360|511|52|true|304141
2024-08-09 00:28:53|1|211536810|0|Under way using engine|undefined|0|true|8.5779|53.5366|51.9|231|54|0|Not available|false|27760
2024-08-09 00:28:54|1|218709000|0|Under way using engine|undefined|0|true|8.5828|53.5382|46.3|53|52|0|Not available|false|2258
2024-08-09 00:28:56|1|211233660|15|Not defined|undefined|0|false|8.5778|53.5365|235.9|228|54|0|Not available|false|49252
2024-08-09 00:28:59|1|211595610|0|Under way using engine|nan|0|false|8.5803|53.5365|270.3|511|59|0|Not available|true|27760
2024-08-09 00:29:03|1|218709000|0|Under way using engine|undefined|0|true|8.5828|53.5382|49.7|53|1|0|Not available|false|32893
2024-08-09 00:29:07|1|211228220|0|Under way using engine|undefined|0|true|8.578|53.525|344.6|344|8|0|Not available|false|49288
2024-08-09 00:29:08|3|211595610|0|Under way using engine|nan|0|true|8.5802|53.5365|269.8|511|9|0|Not available|true|23267
2024-08-09 00:29:14|3|211630370|5|Moored|6.6934727907118585|0|false|8.5742|53.5232|248.5|180|14|0|Not available|false|84762
2024-08-09 00:29:14|1|218709000|0|Under way using engine|undefined|0|true|8.5828|53.5382|43.8|53|11|0|Not available|false|2246
2024-08-09 00:29:16|3|211540110|0|Under way using engine|undefined|0|false|8.5775|53.5364|129.5|233|16|0|Not available|false|20787
2024-08-09 00:29:18|1|211595610|0|Under way using engine|nan|0|true|8.5802|53.5365|268.6|511|18|0|Not available|true|98963
2024-08-09 00:29:18|1|211228220|0|Under way using engine|undefined|0|true|8.578|53.525|344.6|344|18|0|Not available|false|66198
2024-08-09 00:29:22|1|211599340|0|Under way using engine|nan|0|false|8.5804|53.5363|267.5|511|22|0|Not available|true|33582
2024-08-09 00:29:23|1|218709000|0|Under way using engine|undefined|0|true|8.5828|53.5382|28.2|53|21|0|Not available|false|114795
2024-08-09 00:29:24|1|211253400|15|Not defined|nan|0|false|8.5734|53.5453|0|511|20|0|Not available|false|49257
2024-08-09 00:29:25|1|211540110|0|Under way using engine|undefined|0|false|8.5775|53.5365|10.4|233|25|0|Not available|false|2308
2024-08-09 00:29:27|3|636092313|5|Moored|undefined|0|false|8.5831|53.5107|280|350|26|0|Not available|false|131072
2024-08-09 00:29:27|1|211233660|15|Not defined|undefined|0|false|8.5778|53.5365|235.9|228|25|0|Not available|false|66539
2024-08-09 00:29:31|1|211555420|3|Restricted manoeuverability|undefined|0.1|true|8.5777|53.5183|356.3|339|32|0|Not available|false|66707
2024-08-09 00:29:32|1|211599340|0|Under way using engine|nan|0|false|8.5804|53.5363|267.3|511|32|0|Not available|true|2263
2024-08-09 00:29:36|1|211233660|15|Not defined|undefined|0|false|8.5778|53.5365|235.9|228|34|0|Not available|false|27764
2024-08-09 00:29:36|1|211540110|0|Under way using engine|undefined|0|false|8.5774|53.5365|172.8|234|36|0|Not available|false|114802
2024-08-09 00:29:39|1|211595610|0|Under way using engine|nan|0|false|8.5802|53.5365|266.8|511|39|0|Not available|true|2227
2024-08-09 00:29:42|1|211599340|0|Under way using engine|nan|0|false|8.5804|53.5363|267.1|511|42|0|Not available|true|82084
2024-08-09 00:29:43|1|218709000|0|Under way using engine|undefined|0|true|8.5828|53.5382|22.1|53|41|0|Not available|false|27764
2024-08-09 00:29:46|1|211540110|0|Under way using engine|undefined|0|false|8.5774|53.5365|169|235|47|0|Not available|false|34506
2024-08-09 00:29:47|1|211233660|15|Not defined|undefined|0|false|8.5777|53.5365|235.9|228|45|0|Not available|false|27764
2024-08-09 00:29:47|5|211595610|0|DC4782|BREMERHAVEN|60|Passenger - all ships of this type|30|30|7|7|0|12-31T23:20Z|undefined|12|31|23|20|2.7|BREMERHAFEN-BLEXEN|0
2024-08-09 00:29:48|1|211595610|0|Under way using engine|nan|0|false|8.5802|53.5365|267.2|511|49|0|Not available|true|49329
2024-08-09 00:29:48|1|211228220|0|Under way using engine|undefined|0|true|8.578|53.525|344.6|344|49|0|Not available|false|114823
2024-08-09 00:29:49|3|211411980|5|Moored|undefined|0|true|8.5823|53.5379|321.2|231|45|0|Not available|false|84842
2024-08-09 00:29:51|5|255801580|9190157|CQQG|AUTOPRESTIGE|79|Cargo - No additional information|100|28|13|5|3|08-12T07:30Z|undefined|8|12|7|30|5|OSLO-BEKKELAGET|0
2024-08-09 00:29:52|1|211599340|0|Under way using engine|nan|0|true|8.5804|53.5363|269.2|511|53|0|Not available|true|2246
2024-08-09 00:29:53|1|211536810|0|Under way using engine|undefined|0|true|8.5779|53.5366|51.9|229|54|0|Not available|false|2248
2024-08-09 00:29:54|1|218709000|0|Under way using engine|undefined|0|true|8.5828|53.5382|41.1|53|51|0|Not available|false|67565
2024-08-09 00:29:55|3|211658290|5|Moored|undefined|0|false|8.5784|53.5291|175.4|167|55|0|Not available|false|85978
2024-08-09 00:29:56|1|211540110|0|Under way using engine|undefined|0|false|8.5774|53.5365|94.3|235|56|0|Not available|false|67633
2024-08-09 00:29:59|1|211595610|0|Under way using engine|nan|0|false|8.5802|53.5364|267.1|511|59|0|Not available|true|2197
2024-08-09 00:30:02|1|211599340|0|Under way using engine|nan|0|true|8.5804|53.5364|269.1|511|2|0|Not available|true|82084
2024-08-09 00:30:02|1|211555420|3|Restricted manoeuverability|undefined|0|true|8.5777|53.5183|354|339|2|0|Not available|false|49313
2024-08-09 00:30:03|1|218709000|0|Under way using engine|undefined|0|true|8.5828|53.5382|39.1|53|0|0|Not available|false|27768
2024-08-09 00:30:06|3|255801580|5|Moored|undefined|0|true|8.5671|53.5655|315.1|195|6|0|Not available|false|81578
2024-08-09 00:30:06|1|211233660|15|Not defined|undefined|0|false|8.5777|53.5365|235.9|228|5|0|Not available|false|27768
2024-08-09 00:30:07|1|211228220|0|Under way using engine|undefined|0|true|8.578|53.525|344.6|344|8|0|Not available|false|33040
2024-08-09 00:30:08|5|314543000|9014705|8PAZ8|WILSON BILBAO|79|Cargo - No additional information|71|17|7|6|1|08-07T08:00Z|undefined|8|7|8|0|5|DENHA|0
2024-08-09 00:30:08|1|211595610|0|Under way using engine|nan|0|false|8.5801|53.5364|266|511|8|0|Not available|true|65844
2024-08-09 00:30:11|1|211599340|0|Under way using engine|nan|0|false|8.5804|53.5364|266.2|511|11|0|Not available|true|49316
2024-08-09 00:30:12|1|211536810|0|Under way using engine|undefined|0|true|8.5779|53.5366|51.9|230|12|0|Not available|false|27768
2024-08-09 00:30:16|1|211540110|0|Under way using engine|undefined|0|false|8.5775|53.5365|165.6|234|16|0|Not available|false|33358
2024-08-09 00:30:20|5|211172030|0|DF4369|LESMONA|55|Law Enforcement|11|5|3|2|1|07-09T21:00Z|undefined|7|9|21|0|1.4|DEBRV|0
2024-08-09 00:30:23|5|211172020|0|DF4368|VISURA|55|Law Enforcement|10|6|3|2|1|01-01T00:00Z|undefined|1|1|0|0|1.4|PATROL WESER|0
2024-08-09 00:30:26|3|211172020|5|Moored|undefined|0|true|8.577|53.5339|342.9|249|25|0|Not available|false|85210
2024-08-09 00:30:27|1|211233660|15|Not defined|undefined|0|false|8.5777|53.5365|235.9|228|25|0|Not available|false|49268
2024-08-09 00:30:27|1|211228220|0|Under way using engine|undefined|0|true|8.5781|53.525|344.6|344|27|0|Not available|false|2257
2024-08-09 00:30:28|1|211595610|0|Under way using engine|nan|0|false|8.5802|53.5365|262.7|511|28|0|Not available|true|33815
2024-08-09 00:30:31|1|211555420|3|Restricted manoeuverability|undefined|0|true|8.5777|53.5183|354|339|32|0|Not available|false|49312
2024-08-09 00:30:32|1|211599340|0|Under way using engine|nan|0|false|8.5804|53.5364|264.4|511|33|0|Not available|true|99520
2024-08-09 00:30:33|1|218709000|0|Under way using engine|undefined|0|true|8.5828|53.5382|323.2|53|30|0|Not available|false|27768
2024-08-09 00:30:35|3|253743000|1|At anchor|undefined|0.1|true|8.5537|53.5181|260.9|237|34|0|Not available|true|85386
2024-08-09 00:30:39|5|211235180|0|DBAC|HERMANN RUDOLF MEYER|51|Search and Rescue vessel|11|12|3|3|1|01-01T00:00Z|undefined|1|1|0|0|1.6||0
2024-08-09 00:30:41|3|211235180|5|Moored|nan|0.1|false|8.5781|53.5368|199.2|511|40|0|Not available|false|0
2024-08-09 00:30:43|1|218709000|0|Under way using engine|undefined|0|true|8.5828|53.5382|143.2|53|41|0|Not available|false|2280
2024-08-09 00:30:45|1|211593560|0|Under way using engine|nan|0|false|8.5658|53.5516|324.5|511|45|0|Not available|false|34454
2024-08-09 00:30:46|1|211540110|0|Under way using engine|undefined|0|false|8.5775|53.5365|6.8|235|47|0|Not available|false|27768
2024-08-09 00:30:48|1|211595610|0|Under way using engine|nan|0|false|8.5802|53.5365|262.7|511|49|0|Not available|true|34580
2024-08-09 00:30:49|1|211228220|0|Under way using engine|undefined|0|true|8.578|53.525|344.6|344|49|0|Not available|false|100123
2024-08-09 00:30:52|1|211599340|0|Under way using engine|nan|0|false|8.5805|53.5364|263.3|511|53|0|Not available|true|114852
2024-08-09 00:30:56|1|211540110|0|Under way using engine|undefined|0|false|8.5775|53.5365|38.1|235|56|0|Not available|false|49266
2024-08-09 00:30:57|1|211595610|0|Under way using engine|nan|0|false|8.5802|53.5365|264.9|511|58|0|Not available|true|114865
2024-08-09 00:30:58|3|211398780|5|Moored|nan|0|false|8.5727|53.5459|0|511|54|0|Not available|false|0
2024-08-09 00:30:58|1|211228220|0|Under way using engine|undefined|0|true|8.578|53.525|344.6|344|58|0|Not available|false|67703
2024-08-09 00:31:01|3|219029833|5|Moored|undefined|0|true|8.5601|53.5529|19.8|1|1|0|Not available|false|85306
2024-08-09 00:31:02|3|211599340|0|Under way using engine|nan|0|false|8.5805|53.5364|263.8|511|2|0|Not available|true|18449
2024-08-09 00:31:03|1|218709000|0|Under way using engine|undefined|0|true|8.5828|53.5382|323.2|53|1|0|Not available|false|2242
2024-08-09 00:31:05|1|211253400|15|Not defined|nan|0|false|8.5734|53.5453|0|511|1|0|Not available|false|65705
2024-08-09 00:31:07|1|211228220|0|Under way using engine|undefined|0|true|8.578|53.525|344.6|344|8|0|Not available|false|27772
2024-08-09 00:31:08|1|211595610|0|Under way using engine|nan|0|false|8.5802|53.5365|264|511|9|0|Not available|true|49329
2024-08-09 00:31:10|5|211885430|0|DJ4084|BHV HERCULES|90|Other Type - all ships of this type|4|36|21|2|1|06-20T21:00Z|undefined|6|20|21|0|2|BREMERHAVEN|0
2024-08-09 00:31:12|5|253743000|9507362|LXVY|VERTOM ISA|79|Cargo - No additional information|74|14|6|6|1|08-08T15:54Z|undefined|8|8|15|54|3|DEBRE|0
2024-08-09 00:31:15|1|211253400|15|Not defined|nan|0|false|8.5734|53.5453|0|511|12|0|Not available|false|49257
2024-08-09 00:31:15|5|210525000|9466233|5BCL6|HILDA B|70|Cargo - all ships of this type|75|13|4|9|1|04-25T08:00Z|undefined|4|25|8|0|4|DEBRE|0
2024-08-09 00:31:16|1|211540110|0|Under way using engine|undefined|0|false|8.5775|53.5365|174.5|235|16|0|Not available|false|27772
2024-08-09 00:31:16|5|218709000|9502233|DBJC|ALTE WESER|55|Law Enforcement|9|24|3|3|1|08-06T15:00Z|undefined|8|6|15|0|1.8|PATROL|0
2024-08-09 00:31:18|1|211595610|0|Under way using engine|nan|0|false|8.5802|53.5365|260.6|511|18|0|Not available|true|66195
2024-08-09 00:31:22|1|211599340|0|Under way using engine|nan|0|false|8.5805|53.5364|265.8|511|22|0|Not available|true|2223
2024-08-09 00:31:23|24|211300110|A|A|TENDER TO ARIS
2024-08-09 00:31:23|24|211300110|B|B|37|Pleasure Craft|DD6026|null|AMC   B|8|133152|6|0|0|3
2024-08-09 00:31:24|1|218709000|0|Under way using engine|undefined|0|true|8.5828|53.5382|143.2|53|21|0|Not available|false|82029
2024-08-09 00:31:24|1|211253400|15|Not defined|nan|0|false|8.5734|53.5453|0|511|21|0|Not available|false|27772
2024-08-09 00:31:27|5|211225940|9031208|DBMN|TIDE|55|Law Enforcement|8|23|6|1|1|00-00T24:60Z|undefined|0|0|24|60|2.3|BRV|0
2024-08-09 00:31:28|1|211595610|0|Under way using engine|nan|0|false|8.5802|53.5365|258.2|511|28|0|Not available|true|27772
2024-08-09 00:31:31|3|211225940|5|Moored|undefined|0|false|8.5799|53.537|203.2|237|30|0|Not available|false|85402
2024-08-09 00:31:32|1|211599340|0|Under way using engine|nan|0|false|8.5805|53.5364|267|511|33|0|Not available|true|82084
2024-08-09 00:31:33|1|218709000|0|Under way using engine|undefined|0|true|8.5828|53.5382|323.2|53|30|0|Not available|false|2261
2024-08-09 00:31:33|3|314543000|1|At anchor|nan|0.4|false|8.5629|53.5242|288.6|193|32|0|Not available|false|85450
2024-08-09 00:31:36|1|211540110|0|Under way using engine|undefined|0|false|8.5775|53.5365|220|234|36|0|Not available|false|82034
2024-08-09 00:31:37|1|211233660|15|Not defined|undefined|0|false|8.5778|53.5365|235.9|228|35|0|Not available|false|66905
2024-08-09 00:31:38|1|211595610|0|Under way using engine|nan|0|false|8.5803|53.5366|259.5|511|39|0|Not available|true|99740
2024-08-09 00:31:42|1|211555420|3|Restricted manoeuverability|undefined|0.1|true|8.5777|53.5183|0.7|338|42|0|Not available|false|2287
2024-08-09 00:31:44|1|218709000|0|Under way using engine|undefined|0|true|8.5828|53.5382|143.2|53|42|0|Not available|false|67195
2024-08-09 00:31:48|3|211386490|5|Moored|undefined|0|false|8.5819|53.5377|42|238|48|0|Not available|false|85818
2024-08-09 00:31:48|1|211595610|0|Under way using engine|nan|0|false|8.5803|53.5366|258.5|511|49|0|Not available|true|27772
2024-08-09 00:31:49|1|211228220|0|Under way using engine|undefined|0|true|8.5781|53.525|344.6|344|49|0|Not available|false|82055
2024-08-09 00:31:52|1|211599340|0|Under way using engine|nan|0|false|8.5805|53.5364|265.3|511|53|0|Not available|true|100262
2024-08-09 00:31:52|3|211172030|5|Moored|undefined|0|true|8.5769|53.534|157.6|249|52|0|Not available|false|85194
2024-08-09 00:31:55|1|211253400|15|Not defined|nan|0|false|8.5734|53.5453|0|511|51|0|Not available|false|2279
2024-08-09 00:31:57|1|211595610|0|Under way using engine|nan|0|false|8.5803|53.5366|258|511|58|0|Not available|true|100458
2024-08-09 00:32:02|1|211555420|3|Restricted manoeuverability|undefined|0.1|true|8.5777|53.5183|0.8|338|2|0|Not available|false|27776
2024-08-09 00:32:03|1|218709000|0|Under way using engine|undefined|0|true|8.5828|53.5382|323.2|53|1|0|Not available|false|49259
2024-08-09 00:32:05|1|211253400|15|Not defined|nan|0|false|8.5734|53.5453|0|511|1|0|Not available|false|49256
2024-08-09 00:32:06|1|211233660|15|Not defined|undefined|0|false|8.5778|53.5365|235.9|228|4|0|Not available|false|82027
2024-08-09 00:32:08|1|211595610|0|Under way using engine|nan|0|false|8.5803|53.5365|259.8|511|9|0|Not available|true|33076
2024-08-09 00:32:13|1|211536810|0|Under way using engine|undefined|0|true|8.5779|53.5366|51.9|230|13|0|Not available|false|114806
2024-08-09 00:32:13|1|211626110|3|Restricted manoeuverability|undefined|0|false|8.5528|53.5236|25.4|235|13|0|Not available|false|49282
2024-08-09 00:32:14|3|211630370|5|Moored|12.522340955268707|0|false|8.5742|53.5232|248.5|180|14|0|Not available|false|86026
2024-08-09 00:32:15|3|211718100|5|Moored|nan|0|true|8.5765|53.5306|360|511|15|0|Not available|true|83962
2024-08-09 00:32:18|1|211228220|0|Under way using engine|undefined|0|true|8.578|53.525|344.6|344|18|0|Not available|false|27776
2024-08-09 00:32:21|1|211599340|0|Under way using engine|nan|0|true|8.5804|53.5363|262.2|511|21|0|Not available|true|66323
2024-08-09 00:32:23|1|211536810|0|Under way using engine|undefined|0|true|8.5779|53.5366|51.9|230|23|0|Not available|false|2273
2024-08-09 00:32:24|1|218709000|0|Under way using engine|undefined|0|true|8.5828|53.5382|143.2|53|21|0|Not available|false|66417
2024-08-09 00:32:28|1|211595610|0|Under way using engine|nan|0|false|8.5802|53.5365|256.8|511|28|0|Not available|true|2297
2024-08-09 00:32:31|1|211555420|3|Restricted manoeuverability|undefined|0|true|8.5777|53.5183|0.8|339|32|0|Not available|false|27776
2024-08-09 00:32:32|3|211706840|5|Moored|undefined|0|false|8.577|53.5314|124.6|93|32|0|Not available|false|84682
2024-08-09 00:32:32|1|211599340|0|Under way using engine|nan|0|true|8.5804|53.5363|260.8|511|33|0|Not available|true|66752
2024-08-09 00:32:33|1|218709000|0|Under way using engine|undefined|0|true|8.5828|53.5382|143.2|53|30|0|Not available|false|99537
2024-08-09 00:32:36|1|211540110|0|Under way using engine|undefined|0|false|8.5775|53.5365|171.3|234|36|0|Not available|false|66883
2024-08-09 00:32:37|1|211233660|15|Not defined|undefined|0|false|8.5777|53.5366|235.9|228|35|0|Not available|false|49248
2024-08-09 00:32:42|1|211599340|0|Under way using engine|nan|0|true|8.5804|53.5364|260.4|511|42|0|Not available|true|34345
2024-08-09 00:32:44|1|218709000|0|Under way using engine|undefined|0|true|8.5828|53.5382|323.2|53|42|0|Not available|false|49260
2024-08-09 00:32:49|3|211228220|0|Under way using engine|undefined|0|true|8.578|53.525|344.6|344|49|0|Not available|false|22531
2024-08-09 00:32:54|1|218709000|0|Under way using engine|undefined|0|true|8.5828|53.5382|143.2|53|51|0|Not available|false|27776
2024-08-09 00:32:54|3|211658290|5|Moored|undefined|0|false|8.5784|53.5291|175.4|167|55|0|Not available|false|87882
2024-08-09 00:32:56|1|211233660|15|Not defined|undefined|0|false|8.5777|53.5366|235.9|228|54|0|Not available|false|67622
2024-08-09 00:32:56|1|211540110|0|Under way using engine|undefined|0|false|8.5775|53.5365|207.9|235|56|0|Not available|false|27776
2024-08-09 00:32:58|1|211595610|0|Under way using engine|nan|0|false|8.5802|53.5365|245.8|511|58|0|Not available|true|82098
2024-08-09 00:33:03|3|211536810|0|Under way using engine|undefined|0.1|true|8.5779|53.5366|51.9|231|3|0|Not available|false|20563
2024-08-09 00:33:03|1|218709000|0|Under way using engine|undefined|0|true|8.5828|53.5382|143.2|53|0|0|Not available|false|32885
2024-08-09 00:33:06|1|211233660|15|Not defined|undefined|0|false|8.5777|53.5366|235.9|228|4|0|Not available|false|65748
2024-08-09 00:33:07|18|211598800|0|false|8.5699|53.5474|360|511|6|false|458755
2024-08-09 00:33:09|1|244305000|0|Under way using engine|undefined|0|true|8.5619|53.5523|3.5|149|5|0|Not available|false|27780
2024-08-09 00:33:11|1|211599340|0|Under way using engine|nan|0|true|8.5804|53.5364|253.9|511|11|0|Not available|true|2248
2024-08-09 00:33:16|1|211540110|0|Under way using engine|undefined|0|false|8.5775|53.5365|195.8|234|17|0|Not available|false|82034
2024-08-09 00:33:17|24|211816240|B|B|37|Pleasure Craft|DK2021|null|SRTEK-|1|309385|9|2|2|1
2024-08-09 00:33:18|1|211595610|0|Under way using engine|nan|0|true|8.5802|53.5365|239.7|511|18|0|Not available|true|33427
2024-08-09 00:33:18|1|211228220|0|Under way using engine|undefined|0|true|8.578|53.525|344.6|344|18|0|Not available|false|2236
2024-08-09 00:33:21|1|211599340|0|Under way using engine|nan|0|true|8.5804|53.5364|251.5|511|21|0|Not available|true|49318
2024-08-09 00:33:23|1|211536810|0|Under way using engine|undefined|0|true|8.5779|53.5366|51.9|230|23|0|Not available|false|49269
2024-08-09 00:33:25|3|211172020|5|Moored|undefined|0.1|true|8.577|53.5339|320.6|249|24|0|Not available|false|84938
2024-08-09 00:33:26|5|211228220|0|DFPE|CORA|80|Tanker - all ships of this type|0|0|0|0|0|10-18T14:21Z|undefined|10|18|14|21|2.1|IMMER FLEISSIG|0
2024-08-09 00:33:26|3|211112160|5|Moored|nan|0|true|8.5842|53.5222|360|511|26|0|Not available|true|85578
2024-08-09 00:33:27|1|211540110|0|Under way using engine|undefined|0|false|8.5775|53.5365|223.8|235|27|0|Not available|false|49266
2024-08-09 00:33:27|1|211233660|15|Not defined|undefined|0|false|8.5778|53.5366|235.9|228|25|0|Not available|false|2269
2024-08-09 00:33:27|1|211228220|0|Under way using engine|undefined|0|true|8.578|53.525|344.6|344|28|0|Not available|false|82055
2024-08-09 00:33:29|1|211595610|0|Under way using engine|nan|0|true|8.5802|53.5365|239.7|511|29|0|Not available|true|114866
2024-08-09 00:33:30|18|211300110|0|false|8.5872|53.5348|360|511|30|false|458755
2024-08-09 00:33:31|1|211555420|3|Restricted manoeuverability|undefined|0|false|8.5777|53.5183|8.1|338|32|0|Not available|false|2269
2024-08-09 00:33:33|1|211599340|0|Under way using engine|nan|0|false|8.5804|53.5364|249.9|511|33|0|Not available|true|49320
2024-08-09 00:33:33|1|218709000|0|Under way using engine|undefined|0|true|8.5828|53.5382|143.2|53|31|0|Not available|false|82030
2024-08-09 00:33:36|3|253743000|1|At anchor|undefined|0|true|8.5536|53.5181|239.7|241|35|0|Not available|true|84234
2024-08-09 00:33:37|3|211233660|15|Not defined|undefined|0|false|8.5778|53.5366|235.9|228|35|0|Not available|false|26099
2024-08-09 00:33:38|5|211386490|8779229|DBHN|NADIR|90|Other Type - all ships of this type|11|5|2|2|1|01-22T16:00Z|undefined|1|22|16|0|1.1|SURVEY OPERATION|0
2024-08-09 00:33:38|3|538009734|0|Under way using engine|23.665|4.8|false|8.5475|53.5633|212.3|212|38|0|Not available|false|8768
2024-08-09 00:33:38|1|211595610|0|Under way using engine|nan|0|true|8.5802|53.5365|237.8|511|39|0|Not available|true|66972
2024-08-09 00:33:41|3|211235180|5|Moored|nan|0.1|false|8.5781|53.5368|181.2|511|39|0|Not available|false|0
2024-08-09 00:33:42|1|211536810|0|Under way using engine|undefined|0|true|8.578|53.5366|51.9|231|42|0|Not available|false|67111
2024-08-09 00:33:42|1|211599340|0|Under way using engine|nan|0|false|8.5804|53.5365|249.9|511|42|0|Not available|true|27780
2024-08-09 00:33:44|1|218709000|0|Under way using engine|undefined|0|true|8.5828|53.5382|143.2|53|42|0|Not available|false|34427
2024-08-09 00:33:45|1|211540110|0|Under way using engine|undefined|0|false|8.5775|53.5365|213.7|235|45|0|Not available|false|99996
2024-08-09 00:33:46|24|211729870|B|B|37|Pleasure Craft|DK9093|null|SRTD-8A|1|175638|10|1|2|1
2024-08-09 00:33:49|1|211595610|0|Under way using engine|nan|0|true|8.5802|53.5365|235.3|511|49|0|Not available|true|49330
2024-08-09 00:33:50|3|245548000|0|Under way using engine|fastright|4.4|true|8.5461|53.5629|239.4|269|50|0|Not available|false|8192
2024-08-09 00:33:50|1|211523490|0|Under way using engine|nan|0|true|8.5759|53.5173|360|511|49|0|Not available|true|27780
2024-08-09 00:33:54|1|218709000|0|Under way using engine|undefined|0|true|8.5828|53.5382|323.2|53|52|0|Not available|false|2204
2024-08-09 00:33:56|1|211233660|15|Not defined|undefined|0|false|8.5778|53.5366|235.9|228|54|0|Not available|false|49246
2024-08-09 00:33:56|3|211398780|5|Moored|nan|0|false|8.5727|53.5459|0|511|53|0|Not available|false|0
2024-08-09 00:33:56|1|211540110|0|Under way using engine|undefined|0|false|8.5775|53.5365|210|235|56|0|Not available|false|2209
2024-08-09 00:34:02|1|211555420|3|Restricted manoeuverability|undefined|0|false|8.5777|53.5183|8.1|338|2|0|Not available|false|114848
2024-08-09 00:34:02|1|211599340|0|Under way using engine|nan|0|true|8.5804|53.5365|250.2|511|2|0|Not available|true|27784
2024-08-09 00:34:05|1|211253400|15|Not defined|nan|0|false|8.5729|53.5455|0|511|1|0|Not available|false|27784
2024-08-09 00:34:05|1|211540110|0|Under way using engine|undefined|0|false|8.5775|53.5365|220.2|235|5|0|Not available|false|98495
2024-08-09 00:34:06|1|211233660|15|Not defined|undefined|0|false|8.5778|53.5365|235.9|228|4|0|Not available|false|49251
2024-08-09 00:34:08|1|211228220|0|Under way using engine|undefined|0|true|8.578|53.525|344.6|344|8|0|Not available|false|65823
2024-08-09 00:34:08|1|211523490|0|Under way using engine|nan|0|true|8.5759|53.5173|360|511|8|0|Not available|true|65849
2024-08-09 00:34:14|5|211630370|7725453|DHVE2|LEV TORNADO|99|Other Type - no additional information|24|24|5|4|1|01-15T09:00Z|undefined|1|15|9|0|3.5|BREMERHAVEN|0
2024-08-09 00:34:16|1|211540110|0|Under way using engine|undefined|0|false|8.5775|53.5365|221.3|235|17|0|Not available|false|66146
2024-08-09 00:34:18|1|211595610|0|Under way using engine|nan|0|true|8.5802|53.5365|234.7|511|18|0|Not available|true|27784
2024-08-09 00:34:20|5|211233660|9154804|DBLF|WESERLOTSE|50|Pilot Vessel1|16|13|4|4|1|01-01T00:00Z|undefined|1|1|0|0|3||0
2024-08-09 00:34:21|1|211599340|0|Under way using engine|nan|0|true|8.5804|53.5364|248.4|511|21|0|Not available|true|33555
2024-08-09 00:34:23|1|211536810|0|Under way using engine|undefined|0|true|8.5779|53.5366|51.9|231|23|0|Not available|false|33636
2024-08-09 00:34:24|1|218709000|0|Under way using engine|undefined|0|true|8.5828|53.5382|323.2|53|21|0|Not available|false|33649
2024-08-09 00:34:25|3|211480540|5|Moored|nan|0|true|8.5558|53.5251|222.4|511|24|1|No special maneuver|true|85114
2024-08-09 00:34:26|1|211253400|15|Not defined|nan|0|false|8.5729|53.5454|0|511|22|0|Not available|false|49261
2024-08-09 00:34:26|1|538009734|0|Under way using engine|27.597895318302808|3.5|false|8.5463|53.5628|247.2|250|26|0|Not available|false|82191
2024-08-09 00:34:27|1|211233660|15|Not defined|undefined|0|false|8.5778|53.5365|235.9|228|26|0|Not available|false|82032
2024-08-09 00:34:29|1|211595610|0|Under way using engine|nan|0|true|8.5802|53.5365|233.8|511|29|0|Not available|true|99398
2024-08-09 00:34:33|1|211599340|0|Under way using engine|nan|0|true|8.5804|53.5364|247.4|511|33|0|Not available|true|33984
2024-08-09 00:34:33|1|218709000|0|Under way using engine|undefined|0|true|8.5828|53.5382|323.2|53|30|0|Not available|false|66769
2024-08-09 00:34:33|3|314543000|1|At anchor|nan|0.8|false|8.562|53.5242|247|155|32|0|Not available|false|84906
2024-08-09 00:34:36|1|211540110|0|Under way using engine|undefined|0|false|8.5775|53.5365|238.7|234|36|0|Not available|false|34115
2024-08-09 00:34:38|1|211595610|0|Under way using engine|nan|0|true|8.5802|53.5365|232.4|511|39|0|Not available|true|49330
2024-08-09 00:34:42|1|211599340|0|Under way using engine|nan|0|true|8.5804|53.5364|247.3|511|42|0|Not available|true|2257
2024-08-09 00:34:44|1|218709000|0|Under way using engine|undefined|0|true|8.5828|53.5382|143.2|53|41|0|Not available|false|27784
2024-08-09 00:34:47|1|211233660|15|Not defined|undefined|0|false|8.5778|53.5365|235.9|228|46|0|Not available|false|2224
2024-08-09 00:34:48|3|211386490|5|Moored|undefined|0|false|8.5819|53.5377|42|238|48|0|Not available|false|84042
2024-08-09 00:34:51|18|211816240|0|true|8.5828|53.5339|360|511|51|true|305061
2024-08-09 00:34:51|1|211555420|3|Restricted manoeuverability|undefined|0|false|8.5777|53.5183|8.1|338|51|0|Not available|false|67455
2024-08-09 00:34:52|3|211172030|5|Moored|undefined|0|true|8.5769|53.534|170.6|249|51|0|Not available|false|84874
2024-08-09 00:34:52|1|211599340|0|Under way using engine|nan|0|true|8.5804|53.5364|246.1|511|53|0|Not available|true|49321
2024-08-09 00:34:53|1|218709000|0|Under way using engine|undefined|0|true|8.5828|53.5382|323.2|53|50|0|Not available|false|100287
2024-08-09 00:34:53|1|211536810|0|Under way using engine|undefined|0|true|8.578|53.5366|51.9|231|54|0|Not available|false|49268
2024-08-09 00:34:55|1|211540110|0|Under way using engine|undefined|0|false|8.5775|53.5365|206.7|234|55|0|Not available|false|100360
2024-08-09 00:35:02|1|211555420|3|Restricted manoeuverability|undefined|0|false|8.5777|53.5183|8.1|338|2|0|Not available|false|98367
2024-08-09 00:35:02|1|211599340|0|Under way using engine|nan|0|true|8.5804|53.5364|242.5|511|2|0|Not available|true|2253
2024-08-09 00:35:03|1|218709000|0|Under way using engine|undefined|0|true|8.5828|53.5382|323.2|53|0|0|Not available|false|2232
2024-08-09 00:35:05|3|211540110|0|Under way using engine|undefined|0|false|8.5775|53.5365|188.8|234|5|0|Not available|false|25571
2024-08-09 00:35:06|1|211233660|15|Not defined|undefined|0|false|8.5777|53.5365|235.9|228|4|0|Not available|false|32980
2024-08-09 00:35:08|1|211595610|0|Under way using engine|nan|0|true|8.5802|53.5365|227.3|511|8|0|Not available|true|114866
2024-08-09 00:35:09|3|211523490|0|Under way using engine|nan|0|true|8.576|53.5173|360|511|8|0|Not available|true|13075
2024-08-09 00:35:11|1|211599340|0|Under way using engine|nan|0|true|8.5804|53.5364|238.8|511|11|0|Not available|true|33166
2024-08-09 00:35:12|1|211555420|3|Restricted manoeuverability|undefined|0|false|8.5777|53.5183|8.1|338|12|0|Not available|false|98750
2024-08-09 00:35:12|3|211718100|5|Moored|nan|0|true|8.5765|53.5306|360|511|12|0|Not available|true|85994
2024-08-09 00:35:14|3|211630370|5|Moored|6.6934727907118585|0|false|8.5742|53.5231|248.5|180|14|0|Not available|false|84954
2024-08-09 00:35:16|1|211540110|0|Under way using engine|undefined|0|false|8.5775|53.5365|201.5|234|17|0|Not available|false|49266
2024-08-09 00:35:17|1|211228220|0|Under way using engine|undefined|0|true|8.578|53.525|344.6|344|18|0|Not available|false|98952
2024-08-09 00:35:18|1|211595610|0|Under way using engine|nan|0|true|8.5802|53.5365|225.8|511|18|0|Not available|true|2254
2024-08-09 00:35:21|1|211599340|0|Under way using engine|nan|0|true|8.5804|53.5364|237.2|511|21|0|Not available|true|27788
2024-08-09 00:35:24|1|215134000|0|Under way using engine|nan|1.1|true|8.5336|53.5779|295.1|321|21|0|Not available|false|27788
2024-08-09 00:35:26|3|211264470|5|Moored|nan|0|false|8.571|53.548|360|511|26|0|Not available|false|84746
2024-08-09 00:35:27|3|211225920|5|Moored|undefined|0|true|8.5814|53.5375|338.6|233|25|0|Not available|false|0
2024-08-09 00:35:28|1|211523490|0|Under way using engine|nan|0|true|8.576|53.5173|360|511|28|0|Not available|true|114873
2024-08-09 00:35:33|1|211599340|0|Under way using engine|nan|0|true|8.5804|53.5364|234.9|511|33|0|Not available|true|27788
2024-08-09 00:35:38|1|211595610|0|Under way using engine|nan|0|true|8.5802|53.5365|224.1|511|39|0|Not available|true|34204
2024-08-09 00:35:42|1|211536810|0|Under way using engine|undefined|0|true|8.578|53.5366|51.9|230|42|0|Not available|false|34343
2024-08-09 00:35:42|1|211599340|0|Under way using engine|nan|0|true|8.5804|53.5364|231.9|511|43|0|Not available|true|99888
2024-08-09 00:35:42|5|211658290|0|DBFF|ALBATROS|52|Tug|3|13|4|2|1|10-30T14:00Z|undefined|10|30|14|0|2|BREMERHAVEN|0
2024-08-09 00:35:44|1|211253400|15|Not defined|nan|0|false|8.5729|53.5454|0|511|40|0|Not available|false|67188
2024-08-09 00:35:44|1|218709000|0|Under way using engine|undefined|0|true|8.5828|53.5382|143.2|53|42|0|Not available|false|2209
2024-08-09 00:35:47|1|211233660|15|Not defined|undefined|0|false|8.5777|53.5366|235.9|228|45|0|Not available|false|100047
2024-08-09 00:35:49|1|211228220|0|Under way using engine|undefined|0|true|8.5781|53.525|344.6|344|49|0|Not available|false|27788
2024-08-09 00:35:49|1|211523490|0|Under way using engine|nan|0|true|8.576|53.5173|360|511|48|0|Not available|true|114873
2024-08-09 00:35:49|5|211595610|0|DC4782|BREMERHAVEN|60|Passenger - all ships of this type|30|30|7|7|0|12-31T23:20Z|undefined|12|31|23|20|2.7|BREMERHAFEN-BLEXEN|0
2024-08-09 00:35:49|1|211595610|0|Under way using engine|nan|0|true|8.5802|53.5365|222.4|511|49|0|Not available|true|27788
2024-08-09 00:35:52|5|255801580|9190157|CQQG|AUTOPRESTIGE|79|Cargo - No additional information|100|28|13|5|3|08-12T07:30Z|undefined|8|12|7|30|5|OSLO-BEKKELAGET|0
2024-08-09 00:35:52|1|211599340|0|Under way using engine|nan|0|true|8.5804|53.5364|231.4|511|53|0|Not available|true|34726
2024-08-09 00:35:53|1|218709000|0|Under way using engine|undefined|0|true|8.5828|53.5382|143.1|53|50|0|Not available|false|82029
2024-08-09 00:35:53|1|211536810|0|Under way using engine|undefined|0|true|8.578|53.5366|51.9|230|54|0|Not available|false|34767
2024-08-09 00:35:54|1|211626110|3|Restricted manoeuverability|undefined|0|false|8.5528|53.5236|25.4|236|53|0|Not available|false|67541
2024-08-09 00:35:55|1|211540110|0|Under way using engine|undefined|0|false|8.5775|53.5364|189|235|55|0|Not available|false|82035
2024-08-09 00:35:58|1|211595610|0|Under way using engine|nan|0|true|8.5802|53.5365|221.4|511|58|0|Not available|true|34922
2024-08-09 00:35:59|1|244305000|0|Under way using engine|undefined|0.1|true|8.5618|53.5523|88.3|151|55|0|Not available|false|67730
2024-08-09 00:35:59|5|211634880|0|DG6623|GEESTEMUENDE|99|Other Type - no additional information|11|20|3|4|1|08-02T15:30Z|undefined|8|2|15|30|1.3|NEUER HAFEN|0
2024-08-09 00:36:02|1|211599340|0|Under way using engine|nan|0|true|8.5804|53.5364|230.4|511|2|0|Not available|true|49321
2024-08-09 00:36:03|1|218709000|0|Under way using engine|undefined|0|true|8.5828|53.5382|143.1|53|0|0|Not available|false|49261
2024-08-09 00:36:06|1|211233660|15|Not defined|undefined|0|false|8.5777|53.5366|235.9|228|4|0|Not available|false|27792
2024-08-09 00:36:08|18|211598800|0|false|8.5699|53.5474|360|511|7|false|458755
2024-08-09 00:36:09|1|211523490|0|Under way using engine|nan|0|true|8.576|53.5173|360|511|8|0|Not available|true|33081
2024-08-09 00:36:11|1|211599340|0|Under way using engine|nan|0|true|8.5804|53.5364|228.8|511|11|0|Not available|true|27792
2024-08-09 00:36:12|1|211555420|3|Restricted manoeuverability|undefined|0|false|8.5777|53.5183|8.1|338|12|0|Not available|false|82081
2024-08-09 00:36:14|1|218709000|0|Under way using engine|undefined|0|true|8.5828|53.5382|323.2|53|11|0|Not available|false|49262
2024-08-09 00:36:16|1|211540110|0|Under way using engine|undefined|0|false|8.5774|53.5364|225.6|236|17|0|Not available|false|33378
2024-08-09 00:36:18|1|211595610|0|Under way using engine|nan|0|true|8.5802|53.5365|222.4|511|18|0|Not available|true|98967
2024-08-09 00:36:19|5|211172030|0|DF4369|LESMONA|55|Law Enforcement|11|5|3|2|1|07-09T21:00Z|undefined|7|9|21|0|1.4|DEBRV|0
2024-08-09 00:36:23|1|211536810|0|Under way using engine|undefined|0|true|8.578|53.5366|51.9|231|23|0|Not available|false|2256
2024-08-09 00:36:24|1|218709000|0|Under way using engine|undefined|0|true|8.5828|53.5382|143.1|53|21|0|Not available|false|2239
2024-08-09 00:36:24|5|211172020|0|DF4368|VISURA|55|Law Enforcement|10|6|3|2|1|01-01T00:00Z|undefined|1|1|0|0|1.4|PATROL WESER|0
2024-08-09 00:36:26|3|211172020|5|Moored|undefined|0|true|8.577|53.5339|355.8|250|25|0|Not available|false|83850
2024-08-09 00:36:27|1|211233660|15|Not defined|undefined|0|false|8.5777|53.5366|235.9|228|26|0|Not available|false|49263
2024-08-09 00:36:29|1|244305000|0|Under way using engine|undefined|0.1|true|8.5618|53.5523|79.6|150|26|0|Not available|false|49280
2024-08-09 00:36:33|1|211599340|0|Under way using engine|nan|0|true|8.5804|53.5364|227.9|511|33|0|Not available|true|2248
2024-08-09 00:36:33|1|218709000|0|Under way using engine|undefined|0|true|8.5828|53.5382|143.1|53|30|0|Not available|false|34001
2024-08-09 00:36:35|1|211253400|15|Not defined|nan|0|false|8.5729|53.5454|0|511|32|0|Not available|false|49249
2024-08-09 00:36:37|1|211233660|15|Not defined|undefined|0|false|8.5778|53.5366|235.9|228|35|0|Not available|false|49237
2024-08-09 00:36:39|1|211595610|0|Under way using engine|nan|0|true|8.5802|53.5365|222.8|511|39|0|Not available|true|27792
2024-08-09 00:36:41|5|211235180|0|DBAC|HERMANN RUDOLF MEYER|51|Search and Rescue vessel|11|12|3|3|1|01-01T00:00Z|undefined|1|1|0|0|1.6||0
2024-08-09 00:36:41|3|211235180|5|Moored|nan|0.1|false|8.5782|53.5368|179.8|511|39|0|Not available|false|0
2024-08-09 00:36:42|1|211536810|0|Under way using engine|undefined|0|true|8.578|53.5366|51.9|231|42|0|Not available|false|27792
2024-08-09 00:36:44|1|211253400|15|Not defined|nan|0|false|8.5729|53.5454|0|511|41|0|Not available|false|49250
2024-08-09 00:36:49|1|211228220|0|Under way using engine|undefined|0|true|8.578|53.525|344.6|344|49|0|Not available|false|2245
2024-08-09 00:36:52|3|211599340|0|Under way using engine|nan|0|true|8.5804|53.5364|226.6|511|53|0|Not available|true|22339
2024-08-09 00:36:56|1|211253400|15|Not defined|nan|0|false|8.5729|53.5454|0|511|52|0|Not available|false|34845
2024-08-09 00:36:56|1|211233660|15|Not defined|undefined|0|false|8.5778|53.5366|235.9|228|54|0|Not available|false|2295
2024-08-09 00:36:58|1|211595610|0|Under way using engine|nan|0|true|8.5802|53.5365|219.9|511|58|0|Not available|true|27792
2024-08-09 00:37:05|1|211253400|15|Not defined|nan|0|false|8.5729|53.5454|0|511|2|0|Not available|false|32967
2024-08-09 00:37:09|1|211523490|0|Under way using engine|nan|0|true|8.5759|53.5172|360|511|8|0|Not available|true|27796
2024-08-09 00:37:09|3|249010000|5|Moored|undefined|0|true|8.5416|53.5716|109.9|331|7|0|Not available|false|84714
2024-08-09 00:37:13|5|218709000|9502233|DBJC|ALTE WESER|55|Law Enforcement|9|24|3|3|1|08-06T15:00Z|undefined|8|6|15|0|1.8|PATROL|0
2024-08-09 00:37:13|5|253743000|9507362|LXVY|VERTOM ISA|79|Cargo - No additional information|74|14|6|6|1|08-08T15:54Z|undefined|8|8|15|54|3|DEBRE|0
2024-08-09 00:37:14|5|218709000|9502233|DBJC|ALTE WESER|55|Law Enforcement|9|24|3|3|1|08-06T15:00Z|undefined|8|6|15|0|1.8|PATROL|0
2024-08-09 00:37:16|1|211540110|0|Under way using engine|undefined|0|false|8.5775|53.5365|242.4|234|17|0|Not available|false|27796
2024-08-09 00:37:22|24|211300110|B|B|37|Pleasure Craft|DD6026|null|AMC   B|8|133152|6|0|0|3
2024-08-09 00:37:22|1|211599340|0|Under way using engine|nan|0|true|8.5804|53.5364|225.2|511|22|0|Not available|true|66359
2024-08-09 00:37:23|1|218709000|0|Under way using engine|undefined|0|true|8.5828|53.5382|323.2|53|21|0|Not available|false|99174
2024-08-09 00:37:24|3|211626110|3|Restricted manoeuverability|undefined|0|false|8.5529|53.5237|25.4|236|23|0|Not available|false|19123
2024-08-09 00:37:26|1|211253400|15|Not defined|nan|0|false|8.5729|53.5454|0|511|22|0|Not available|false|2200
2024-08-09 00:37:28|5|211225940|9031208|DBMN|TIDE|55|Law Enforcement|8|23|6|1|1|00-00T24:60Z|undefined|0|0|24|60|2.3|BRV|0
2024-08-09 00:37:29|1|211595610|0|Under way using engine|nan|0|true|8.5802|53.5365|219.1|511|29|0|Not available|true|49328
2024-08-09 00:37:32|3|211225940|5|Moored|undefined|0|false|8.58|53.537|203.2|237|31|0|Not available|false|84154
2024-08-09 00:37:33|1|211536810|0|Under way using engine|undefined|0|true|8.5779|53.5366|51.9|230|33|0|Not available|false|99519
2024-08-09 00:37:33|5|211706840|0|DA3095|TAUCHER BREMENPORTS|34|Diving ops|12|6|3|3|1|07-26T10:00Z|undefined|7|26|10|0|1.4|BREMERHAVEN|0
2024-08-09 00:37:34|3|314543000|1|At anchor|nan|0.7|false|8.5612|53.5237|204.3|114|33|0|Not available|false|84746
2024-08-09 00:37:35|1|211253400|15|Not defined|nan|0|false|8.5729|53.5454|0|511|31|0|Not available|false|34082
2024-08-09 00:37:36|1|211540110|0|Under way using engine|undefined|0|false|8.5775|53.5365|196.4|234|36|0|Not available|false|49267
2024-08-09 00:37:37|1|211233660|15|Not defined|undefined|0|false|8.5778|53.5366|235.9|228|35|0|Not available|false|34139
2024-08-09 00:37:42|1|211599340|0|Under way using engine|nan|0|true|8.5804|53.5364|227|511|43|0|Not available|true|67120
2024-08-09 00:37:43|3|211220910|5|Moored|nan|0|true|8.5788|53.5282|360|511|42|0|Not available|true|84810
2024-08-09 00:37:43|1|218709000|0|Under way using engine|undefined|0|true|8.5828|53.5382|143.2|53|41|0|Not available|false|34386
2024-08-09 00:37:44|1|211253400|15|Not defined|nan|0|false|8.5729|53.5454|0|511|40|0|Not available|false|34420
2024-08-09 00:37:45|1|211540110|0|Under way using engine|undefined|0|false|8.5775|53.5365|216.6|233|45|0|Not available|false|34460
2024-08-09 00:37:49|1|211228220|0|Under way using engine|undefined|0|true|8.578|53.525|344.6|344|49|0|Not available|false|82055
2024-08-09 00:37:49|1|211523490|0|Under way using engine|nan|0|true|8.5759|53.5173|360|511|48|0|Not available|true|82110
2024-08-09 00:37:50|3|211386490|5|Moored|undefined|0|false|8.5819|53.5377|42|237|50|0|Not available|false|84874
2024-08-09 00:37:51|3|210525000|5|Moored|undefined|0|false|8.576|53.5231|278.5|182|50|0|Not available|false|0
2024-08-09 00:37:52|1|211599340|0|Under way using engine|nan|0|true|8.5804|53.5364|227.2|511|53|0|Not available|true|2213
2024-08-09 00:37:54|1|211536810|0|Under way using engine|undefined|0|true|8.578|53.5366|51.9|231|54|0|Not available|false|2226
2024-08-09 00:37:57|1|211233660|15|Not defined|undefined|0|false|8.5778|53.5366|235.9|228|55|0|Not available|false|82013
2024-08-09 00:37:58|1|211595610|0|Under way using engine|nan|0|true|8.5802|53.5365|217.1|511|58|0|Not available|true|2304
2024-08-09 00:38:06|1|211253400|15|Not defined|nan|0|false|8.5729|53.5454|0|511|2|0|Not available|false|27800
2024-08-09 00:38:06|1|211233660|15|Not defined|undefined|0|false|8.5777|53.5366|235.9|228|5|0|Not available|false|82017
2024-08-09 00:38:08|1|211595610|0|Under way using engine|nan|0|true|8.5802|53.5365|216.9|511|8|0|Not available|true|65839
2024-08-09 00:38:10|3|245548000|0|Under way using engine|nan|0.8|true|8.5437|53.5644|62.2|308|10|0|Not available|false|7840
2024-08-09 00:38:11|1|211599340|0|Under way using engine|nan|0|false|8.5804|53.5364|226.5|511|11|0|Not available|true|49323
2024-08-09 00:38:12|1|211555420|3|Restricted manoeuverability|undefined|0|true|8.5777|53.5183|359.2|338|12|0|Not available|false|49314
2024-08-09 00:38:14|1|218709000|0|Under way using engine|undefined|0|true|8.5828|53.5382|143.2|53|11|0|Not available|false|27800
2024-08-09 00:38:16|3|211630370|5|Moored|nan|0|false|8.5742|53.5231|248.5|180|16|0|Not available|false|84746
2024-08-09 00:38:17|1|211540110|0|Under way using engine|undefined|0|false|8.5774|53.5365|208.7|235|17|0|Not available|false|2198
2024-08-09 00:38:18|1|211595610|0|Under way using engine|nan|0|true|8.5802|53.5365|216.5|511|18|0|Not available|true|66199
2024-08-09 00:38:18|18|211729870|0|true|8.5733|53.5443|360|511|17|true|458755
2024-08-09 00:38:20|24|211816240|A|A|LOTHLORIEN
2024-08-09 00:38:22|1|211599340|0|Under way using engine|nan|0|false|8.5804|53.5364|225.7|511|22|0|Not available|true|49324
2024-08-09 00:38:23|1|218709000|0|Under way using engine|undefined|0|true|8.5828|53.5382|323.2|53|20|0|Not available|false|82029
2024-08-09 00:38:24|1|211536810|0|Under way using engine|undefined|0|true|8.5779|53.5366|51.9|231|24|0|Not available|false|66410
2024-08-09 00:38:28|1|211233660|15|Not defined|undefined|0|false|8.5777|53.5366|235.9|228|26|0|Not available|false|27800
2024-08-09 00:38:29|1|211595610|0|Under way using engine|nan|0|true|8.5802|53.5365|215.8|511|29|0|Not available|true|33862
2024-08-09 00:38:33|1|211599340|0|Under way using engine|nan|0|true|8.5804|53.5364|225.4|511|33|0|Not available|true|49324
2024-08-09 00:38:33|1|218709000|0|Under way using engine|undefined|0|true|8.5828|53.5382|323.2|53|31|0|Not available|false|2283
2024-08-09 00:38:35|1|211253400|15|Not defined|nan|0|false|8.5729|53.5454|0|511|32|0|Not available|false|27800
2024-08-09 00:38:35|1|211290740|0|Under way using engine|undefined|0|false|8.5674|53.5459|0|334|35|0|Not available|false|34085
2024-08-09 00:38:37|1|211233660|15|Not defined|undefined|0|false|8.5778|53.5366|235.9|228|35|0|Not available|false|27800
2024-08-09 00:38:38|1|211595610|0|Under way using engine|nan|0|true|8.5802|53.5365|215|511|38|0|Not available|true|114863
2024-08-09 00:38:42|1|211536810|0|Under way using engine|undefined|0|true|8.5779|53.5366|51.9|230|42|0|Not available|false|67109
2024-08-09 00:38:43|1|211599340|0|Under way using engine|nan|0|true|8.5804|53.5364|225.6|511|43|0|Not available|true|49324
2024-08-09 00:38:43|1|218709000|0|Under way using engine|undefined|0|true|8.5828|53.5382|143.2|53|41|0|Not available|false|27800
2024-08-09 00:38:45|1|211540110|0|Under way using engine|undefined|0|false|8.5775|53.5365|191.3|235|45|0|Not available|false|27800
2024-08-09 00:38:47|1|211233660|15|Not defined|undefined|0|false|8.5778|53.5366|235.9|228|45|0|Not available|false|49241
2024-08-09 00:38:49|1|211523490|0|Under way using engine|nan|0|true|8.5759|53.5173|360|511|48|0|Not available|true|67358
2024-08-09 00:38:53|1|218709000|0|Under way using engine|undefined|0|true|8.5828|53.5382|143.2|53|51|0|Not available|false|34751
2024-08-09 00:38:54|1|211626110|3|Restricted manoeuverability|undefined|0|false|8.5528|53.5236|25.4|237|53|0|Not available|false|27800
2024-08-09 00:38:57|1|211233660|15|Not defined|undefined|0|false|8.5777|53.5366|235.9|228|55|0|Not available|false|67667
2024-08-09 00:38:59|1|211595610|0|Under way using engine|nan|0|true|8.5802|53.5365|215.6|511|59|0|Not available|true|100512
2024-08-09 00:39:02|3|255801580|5|Moored|undefined|0|true|8.5671|53.5655|157.9|195|1|0|Not available|false|78954
2024-08-09 00:39:02|1|211599340|0|Under way using engine|nan|0|true|8.5804|53.5364|226.4|511|2|0|Not available|true|2258
2024-08-09 00:39:03|1|218709000|0|Under way using engine|undefined|0|true|8.5828|53.5382|323.2|53|0|0|Not available|false|2285
2024-08-09 00:39:06|1|211233660|15|Not defined|undefined|0|false|8.5777|53.5366|235.9|228|5|0|Not available|false|65761
2024-08-09 00:39:08|1|211228220|0|Under way using engine|undefined|0|true|8.5781|53.525|344.6|344|8|0|Not available|false|65819
2024-08-09 00:39:08|1|211595610|0|Under way using engine|nan|0|true|8.5802|53.5365|216.1|511|8|0|Not available|true|49327
2024-08-09 00:39:10|1|211523490|0|Under way using engine|nan|0|true|8.5759|53.5173|360|511|9|0|Not available|true|98681
2024-08-09 00:39:11|1|211599340|0|Under way using engine|nan|0|true|8.5804|53.5364|228.3|511|11|0|Not available|true|33166
2024-08-09 00:39:14|1|218709000|0|Under way using engine|undefined|0|true|8.5828|53.5382|160.8|53|11|0|Not available|false|2266
2024-08-09 00:39:16|24|211816240|B|B|37|Pleasure Craft|DK2021|null|SRTEK-|1|309385|9|2|2|1
2024-08-09 00:39:24|1|211253400|15|Not defined|nan|0|false|8.5729|53.5454|0|511|20|0|Not available|false|66439
2024-08-09 00:39:25|3|211172020|5|Moored|undefined|0|true|8.577|53.5339|355.3|250|24|0|Not available|false|85066
2024-08-09 00:39:25|1|211290740|0|Under way using engine|undefined|0|false|8.5674|53.5458|0|334|26|0|Not available|false|99250
2024-08-09 00:39:28|1|211233660|15|Not defined|undefined|0|false|8.5777|53.5366|235.9|228|26|0|Not available|false|2195
2024-08-09 00:39:29|1|211523490|0|Under way using engine|nan|0|true|8.5759|53.5173|360|511|28|0|Not available|true|49339
2024-08-09 00:39:30|1|211595610|0|Under way using engine|nan|0|true|8.5802|53.5365|213.7|511|29|0|Not available|true|27804
2024-08-09 00:39:32|1|211555420|3|Restricted manoeuverability|undefined|0|true|8.5777|53.5183|359.2|338|32|0|Not available|false|2297
2024-08-09 00:39:33|1|211599340|0|Under way using engine|nan|0|true|8.5804|53.5365|227.3|511|33|0|Not available|true|33982
2024-08-09 00:39:34|1|218709000|0|Under way using engine|undefined|0|true|8.5828|53.5382|184.1|53|31|0|Not available|false|99570
2024-08-09 00:39:35|3|253743000|1|At anchor|undefined|0|true|8.5536|53.5181|119.9|243|34|0|Not available|true|85066
2024-08-09 00:39:36|1|211540110|0|Under way using engine|undefined|0|false|8.5775|53.5364|209|235|36|0|Not available|false|27804
2024-08-09 00:39:37|5|211536810|0|DBLI|FRYA|50|Pilot Vessel1|15|4|2|3|0|03-31T08:15Z|undefined|3|31|8|15|1.8|BREMERHAVEN PILOT|0
2024-08-09 00:39:38|1|211595610|0|Under way using engine|nan|0|true|8.5802|53.5365|213.4|511|38|0|Not available|true|99707
2024-08-09 00:39:38|5|211386490|8779229|DBHN|NADIR|90|Other Type - all ships of this type|11|5|2|2|1|01-22T16:00Z|undefined|1|22|16|0|1.1|SURVEY OPERATION|0
2024-08-09 00:39:44|1|211253400|15|Not defined|nan|0|false|8.5729|53.5454|0|511|41|0|Not available|false|2257
2024-08-09 00:39:47|3|211233660|15|Not defined|undefined|0|false|8.5777|53.5365|235.9|228|45|0|Not available|false|19491
2024-08-09 00:39:48|1|211595610|0|Under way using engine|nan|0|true|8.5802|53.5365|213.7|511|48|0|Not available|true|49327
2024-08-09 00:39:49|1|211523490|0|Under way using engine|nan|0|true|8.5759|53.5173|360|511|48|0|Not available|true|49340
2024-08-09 00:39:52|1|211599340|0|Under way using engine|nan|0|true|8.5804|53.5364|226.8|511|52|0|Not available|true|49325
2024-08-09 00:39:53|3|211536810|0|Under way using engine|undefined|0|true|8.578|53.5366|51.9|230|53|0|Not available|false|11521
2024-08-09 00:39:53|1|218709000|0|Under way using engine|undefined|0|true|8.5828|53.5382|197.2|53|50|0|Not available|false|27804
2024-08-09 00:39:57|1|211290740|0|Under way using engine|undefined|0.5|false|8.5674|53.5458|0|334|57|0|Not available|false|2226
2024-08-09 00:39:59|1|211595610|0|Under way using engine|nan|0|true|8.5802|53.5365|214|511|59|0|Not available|true|82095
2024-08-09 00:40:02|1|211599340|0|Under way using engine|nan|0|true|8.5804|53.5364|226.3|511|2|0|Not available|true|82093
2024-08-09 00:40:03|1|211536810|0|Under way using engine|undefined|0|true|8.578|53.5366|51.9|230|3|0|Not available|false|2228
2024-08-09 00:40:06|1|211253400|15|Not defined|nan|0|false|8.5729|53.5454|0|511|2|0|Not available|false|98515
2024-08-09 00:40:06|1|211233660|15|Not defined|undefined|0|false|8.5778|53.5366|235.9|228|5|0|Not available|false|49248
2024-08-09 00:40:08|1|211228220|0|Under way using engine|undefined|0|true|8.578|53.525|344.6|344|8|0|Not available|false|49287
2024-08-09 00:40:08|1|211595610|0|Under way using engine|nan|0|true|8.5802|53.5365|214.2|511|8|0|Not available|true|33071
2024-08-09 00:40:11|1|211599340|0|Under way using engine|nan|0|true|8.5804|53.5364|227|511|11|0|Not available|true|27808
2024-08-09 00:40:15|5|211630370|7725453|DHVE2|LEV TORNADO|99|Other Type - no additional information|24|24|5|4|1|01-15T09:00Z|undefined|1|15|9|0|3.5|BREMERHAVEN|0
2024-08-09 00:40:15|1|211540110|0|Under way using engine|undefined|0|false|8.5775|53.5365|219|234|15|0|Not available|false|98862
2024-08-09 00:40:16|3|211537690|0|Under way using engine|nan|2.4|false|8.5432|53.5647|330.9|321|16|0|Not available|false|4736
2024-08-09 00:40:19|3|211885430|5|Moored|undefined|0|false|8.5836|53.5086|355.1|172|16|0|Not available|false|84586
2024-08-09 00:40:19|5|211233660|9154804|DBLF|WESERLOTSE|50|Pilot Vessel1|16|13|4|4|1|01-01T00:00Z|undefined|1|1|0|0|3||0
2024-08-09 00:40:22|1|211599340|0|Under way using engine|nan|0|true|8.5804|53.5364|228.1|511|22|0|Not available|true|27808
2024-08-09 00:40:24|1|218709000|0|Under way using engine|undefined|0|true|8.5828|53.5382|196.3|53|21|0|Not available|false|49262
2024-08-09 00:40:24|1|211253400|15|Not defined|nan|0|false|8.5729|53.5454|0|511|21|0|Not available|false|49266
2024-08-09 00:40:29|1|211523490|0|Under way using engine|nan|0|true|8.5759|53.5173|360|511|28|0|Not available|true|33830
2024-08-09 00:40:30|1|211595610|0|Under way using engine|nan|0|true|8.5802|53.5365|215.9|511|29|0|Not available|true|2224
2024-08-09 00:40:30|3|211225940|5|Moored|undefined|0|false|8.5799|53.537|203.2|237|29|0|Not available|false|85530
2024-08-09 00:40:30|18|211237120|0.2|true|8.5834|53.5338|13.4|511|29|true|458755
2024-08-09 00:40:33|5|338145000|9375264|WDM6793|ARC DEFENDER|70|Cargo - all ships of this type|38|162|10|22|1|08-07T18:00Z|undefined|8|7|18|0|9|BEANR>DEBRV|0
2024-08-09 00:40:33|3|314543000|1|At anchor|nan|0.4|false|8.5611|53.5233|161.8|95|32|0|Not available|false|84986
2024-08-09 00:40:38|1|211595610|0|Under way using engine|nan|0|true|8.5802|53.5365|215.8|511|38|0|Not available|true|82095
2024-08-09 00:40:42|1|211536810|0|Under way using engine|undefined|0|true|8.578|53.5366|51.9|231|42|0|Not available|false|34341
2024-08-09 00:40:45|1|218709000|0|Under way using engine|undefined|0|true|8.5828|53.5382|198.5|53|42|0|Not available|false|99968
2024-08-09 00:40:46|3|211386490|5|Moored|undefined|0|false|8.5819|53.5377|42|238|46|0|Not available|false|85018
2024-08-09 00:40:48|1|211595610|0|Under way using engine|nan|0|true|8.5802|53.5365|215.5|511|48|0|Not available|true|34552
2024-08-09 00:40:49|1|211228220|0|Under way using engine|undefined|0|true|8.578|53.525|344.6|344|49|0|Not available|false|34582
2024-08-09 00:40:52|3|210525000|5|Moored|undefined|0|false|8.576|53.5231|278.5|182|51|0|Not available|false|0
2024-08-09 00:40:53|1|218709000|0|Under way using engine|undefined|0|true|8.5828|53.5382|201.2|53|50|0|Not available|false|2255
2024-08-09 00:40:56|1|211290740|0|Under way using engine|undefined|0|false|8.5674|53.5459|0|333|56|0|Not available|false|67628
2024-08-09 00:40:57|1|211233660|15|Not defined|undefined|0|false|8.5778|53.5366|235.9|228|55|0|Not available|false|34899
2024-08-09 00:40:59|1|211595610|0|Under way using engine|nan|0|true|8.5802|53.5365|215.4|511|59|0|Not available|true|67744
2024-08-09 00:41:02|1|211599340|0|Under way using engine|nan|0|true|8.5804|53.5365|225|511|2|0|Not available|true|65613
2024-08-09 00:41:03|1|211536810|0|Under way using engine|undefined|0|true|8.578|53.5366|51.9|230|3|0|Not available|false|49266
2024-08-09 00:41:04|1|218709000|0|Under way using engine|undefined|0|true|8.5828|53.5382|200.1|53|1|0|Not available|false|98438
2024-08-09 00:41:04|1|211626110|3|Restricted manoeuverability|undefined|0|false|8.5528|53.5237|25.4|237|3|0|Not available|false|49279
2024-08-09 00:41:06|1|211233660|15|Not defined|undefined|0|false|8.5778|53.5366|235.9|228|5|0|Not available|false|32993
2024-08-09 00:41:10|1|245586000|0|Under way using engine|fastright|1.6|true|8.5311|53.5783|126.1|189|7|0|Not available|false|65897
2024-08-09 00:41:12|1|211555420|3|Restricted manoeuverability|undefined|0|true|8.5777|53.5182|359.2|338|12|0|Not available|false|2273
2024-08-09 00:41:14|3|211630370|5|Moored|6.6934727907118585|0|false|8.5742|53.5231|248.5|180|14|0|Not available|false|84842
2024-08-09 00:41:15|1|218709000|0|Under way using engine|undefined|0|true|8.5828|53.5382|201.3|53|12|0|Not available|false|33308
2024-08-09 00:41:22|1|211599340|0|Under way using engine|nan|0|true|8.5804|53.5365|223.8|511|22|0|Not available|true|2256
2024-08-09 00:41:24|1|211253400|15|Not defined|nan|0|false|8.5729|53.5454|0|511|21|0|Not available|false|33671
2024-08-09 00:41:26|3|211264470|5|Moored|nan|0|false|8.571|53.548|360|511|25|0|Not available|false|84650
2024-08-09 00:41:26|1|211233660|15|Not defined|undefined|0|false|8.5778|53.5366|235.9|228|24|0|Not available|false|66503
2024-08-09 00:41:28|3|211225920|5|Moored|undefined|0|true|8.5814|53.5374|338.6|233|26|0|Not available|false|0
2024-08-09 00:41:29|1|211523490|0|Under way using engine|nan|0|true|8.5759|53.5173|360|511|28|0|Not available|true|27812
2024-08-09 00:41:33|1|211599340|0|Under way using engine|nan|0|true|8.5804|53.5365|222.7|511|33|0|Not available|true|2194
2024-08-09 00:41:33|1|211536810|0|Under way using engine|undefined|0|true|8.578|53.5366|51.9|230|33|0|Not available|false|33983
2024-08-09 00:41:34|1|218709000|0|Under way using engine|undefined|0|true|8.5828|53.5382|201.5|53|31|0|Not available|false|66802
2024-08-09 00:41:36|1|211540110|0|Under way using engine|undefined|0|false|8.5774|53.5364|194.3|236|36|0|Not available|false|49266
2024-08-09 00:41:36|1|211233660|15|Not defined|undefined|0|false|8.5778|53.5366|235.9|228|34|0|Not available|false|82012
2024-08-09 00:41:38|1|211595610|0|Under way using engine|nan|0|true|8.5802|53.5365|214.2|511|38|0|Not available|true|66939
2024-08-09 00:41:40|5|211225920|0|DBLO|FRANZIUSPLATE|0|Not available|0|0|0|0|1|01-25T14:30Z|undefined|1|25|14|30|1.2|BREMERHAVEN|0
2024-08-09 00:41:42|1|211536810|0|Under way using engine|undefined|0|true|8.578|53.5366|51.9|230|42|0|Not available|false|27812
2024-08-09 00:41:43|5|211658290|0|DBFF|ALBATROS|52|Tug|3|13|4|2|1|10-30T14:00Z|undefined|10|30|14|0|2|BREMERHAVEN|0
2024-08-09 00:41:43|1|211599340|0|Under way using engine|nan|0|true|8.5804|53.5364|221.4|511|43|0|Not available|true|2260
2024-08-09 00:41:45|1|218709000|0|Under way using engine|undefined|0|true|8.5828|53.5382|201.2|53|41|0|Not available|false|82029
2024-08-09 00:41:48|5|211540110|0|DBLS|BURKANA|50|Pilot Vessel1|14|5|3|3|1|07-12T06:30Z|undefined|7|12|6|30|1.9|BREMERHAVEN|0
2024-08-09 00:41:49|1|211523490|0|Under way using engine|nan|0|true|8.5759|53.5173|360|511|48|0|Not available|true|27812
2024-08-09 00:41:49|5|211595610|0|DC4782|BREMERHAVEN|60|Passenger - all ships of this type|30|30|7|7|0|12-31T23:20Z|undefined|12|31|23|20|2.7|BREMERHAFEN-BLEXEN|0
2024-08-09 00:41:51|3|255801580|5|Moored|undefined|0|true|8.5671|53.5655|215.8|195|50|0|Not available|false|89082
2024-08-09 00:41:52|1|211555420|3|Restricted manoeuverability|undefined|0|true|8.5777|53.5182|359.2|338|52|0|Not available|false|67484
2024-08-09 00:41:53|1|211536810|0|Under way using engine|undefined|0|true|8.578|53.5366|51.9|230|53|0|Not available|false|67511
2024-08-09 00:41:56|1|211540110|0|Under way using engine|undefined|0|false|8.5774|53.5364|209|235|56|0|Not available|false|114802
2024-08-09 00:41:57|3|211658290|5|Moored|undefined|0|false|8.5784|53.529|175.4|167|57|0|Not available|false|86410
2024-08-09 00:41:57|1|211233660|15|Not defined|undefined|0|false|8.5778|53.5365|235.9|228|55|0|Not available|false|27812
2024-08-09 00:41:59|1|211595610|0|Under way using engine|nan|0|true|8.5802|53.5365|213.7|511|59|0|Not available|true|49327
2024-08-09 00:42:04|1|218709000|0|Under way using engine|undefined|0|true|8.5828|53.5382|197.2|53|1|0|Not available|false|82029
2024-08-09 00:42:06|1|211253400|15|Not defined|nan|0|false|8.5729|53.5454|0|511|2|0|Not available|false|65747
2024-08-09 00:42:06|1|211233660|15|Not defined|undefined|0|false|8.5778|53.5366|235.9|228|5|0|Not available|false|27816
2024-08-09 00:42:08|1|211228220|0|Under way using engine|undefined|0|true|8.578|53.525|344.6|344|8|0|Not available|false|27816
2024-08-09 00:42:08|1|211595610|0|Under way using engine|nan|0|true|8.5802|53.5365|212.7|511|8|0|Not available|true|2256
2024-08-09 00:42:10|1|211523490|0|Under way using engine|nan|0|true|8.5759|53.5173|360|511|9|0|Not available|true|49344
2024-08-09 00:42:15|1|218709000|0|Under way using engine|undefined|0|true|8.5828|53.5382|195.6|53|12|0|Not available|false|27816
2024-08-09 00:42:22|5|211172030|0|DF4369|LESMONA|55|Law Enforcement|11|5|3|2|1|07-09T21:00Z|undefined|7|9|21|0|1.4|DEBRV|0
2024-08-09 00:42:24|1|218709000|0|Under way using engine|undefined|0|true|8.5828|53.5382|191.3|53|21|0|Not available|false|27816
2024-08-09 00:42:25|3|211172020|5|Moored|undefined|0|true|8.577|53.5339|308.6|250|23|0|Not available|false|85290
2024-08-09 00:42:26|1|211233660|15|Not defined|undefined|0|false|8.5778|53.5366|235.9|228|24|0|Not available|false|49258
2024-08-09 00:42:28|3|211634880|5|Moored|nan|0|false|8.5721|53.545|121.5|511|28|0|Not available|false|85610
2024-08-09 00:42:29|5|211253400|8862662|DFDR|WAL|0|Not available|11|39|7|5|1|00-00T24:60Z|undefined|0|0|24|60|0||0
2024-08-09 00:42:30|18|211300110|0|false|8.5872|53.5348|360|511|29|false|458755
2024-08-09 00:42:34|1|218709000|0|Under way using engine|undefined|0|true|8.5828|53.5382|202.2|53|31|0|Not available|false|49261
2024-08-09 00:42:36|1|211233660|15|Not defined|undefined|0|false|8.5778|53.5366|235.9|228|34|0|Not available|false|66864
2024-08-09 00:42:38|1|211595610|0|Under way using engine|nan|0|true|8.5803|53.5365|212.2|511|38|0|Not available|true|49328
2024-08-09 00:42:41|5|211235180|0|DBAC|HERMANN RUDOLF MEYER|51|Search and Rescue vessel|11|12|3|3|1|01-01T00:00Z|undefined|1|1|0|0|1.6||0
2024-08-09 00:42:41|3|211235180|5|Moored|nan|0.1|false|8.5781|53.5368|181.9|511|39|0|Not available|false|0
2024-08-09 00:42:43|3|211599340|0|Under way using engine|nan|0|false|8.5804|53.5364|215.9|511|43|0|Not available|true|28771
2024-08-09 00:42:44|5|211411980|9313187|DBHX|ZENIT|90|Other Type - all ships of this type|18|12|2|4|1|08-08T14:00Z|undefined|8|8|14|0|2.1|SURVEY OPS WESER|0
2024-08-09 00:42:45|1|218709000|0|Under way using engine|undefined|0|true|8.5828|53.5382|192.9|53|42|0|Not available|false|67200
2024-08-09 00:42:46|1|245548000|0|Under way using engine|undefined|0|true|8.5481|53.5662|10.7|187|46|0|Not available|false|82187
2024-08-09 00:42:47|1|211233660|15|Not defined|undefined|0|false|8.5778|53.5366|235.9|228|45|0|Not available|false|49243
2024-08-09 00:42:52|1|211599340|0|Under way using engine|nan|0|false|8.5803|53.5364|216.4|511|52|0|Not available|true|2232
2024-08-09 00:42:53|1|218709000|0|Under way using engine|undefined|0|true|8.5828|53.5382|194.5|53|50|0|Not available|false|49262
2024-08-09 00:42:56|1|211540110|0|Under way using engine|undefined|0|false|8.5775|53.5365|210.5|235|56|0|Not available|false|100403
2024-08-09 00:42:58|1|211228220|0|Under way using engine|undefined|0|true|8.578|53.525|344.6|344|58|0|Not available|false|67682
2024-08-09 00:42:59|1|211595610|0|Under way using engine|nan|0|true|8.5803|53.5365|212.7|511|59|0|Not available|true|34976
2024-08-09 00:43:02|3|211599340|0|Under way using engine|nan|0|false|8.5803|53.5364|216.3|511|2|0|Not available|true|18289
2024-08-09 00:43:03|1|211536810|0|Under way using engine|undefined|0|true|8.578|53.5366|51.9|231|3|0|Not available|false|27820
2024-08-09 00:43:04|1|218709000|0|Under way using engine|undefined|0|true|8.5828|53.5382|186.5|53|1|0|Not available|false|65670
2024-08-09 00:43:06|1|211233660|15|Not defined|undefined|0|false|8.5778|53.5366|235.9|228|5|0|Not available|false|2259
2024-08-09 00:43:08|1|211228220|0|Under way using engine|undefined|0|true|8.578|53.525|344.6|344|8|0|Not available|false|2270
2024-08-09 00:43:09|1|211595610|0|Under way using engine|nan|0|true|8.5803|53.5365|212.2|511|9|0|Not available|true|114864
2024-08-09 00:43:12|1|211599340|0|Under way using engine|nan|0|false|8.5803|53.5364|215.8|511|12|0|Not available|true|33189
2024-08-09 00:43:12|1|211536810|0|Under way using engine|undefined|0|true|8.578|53.5366|51.9|231|12|0|Not available|false|65981
2024-08-09 00:43:14|3|211718100|5|Moored|nan|0|true|8.5765|53.5306|360|511|13|0|Not available|true|107440
2024-08-09 00:43:14|5|218709000|9502233|DBJC|ALTE WESER|55|Law Enforcement|9|24|3|3|1|08-06T15:00Z|undefined|8|6|15|0|1.8|PATROL|0
2024-08-09 00:43:15|1|218709000|0|Under way using engine|undefined|0|true|8.5828|53.5382|187.1|53|11|0|Not available|false|2212
2024-08-09 00:43:15|1|211540110|0|Under way using engine|undefined|0|false|8.5775|53.5365|203.8|235|15|0|Not available|false|49266
2024-08-09 00:43:16|3|211718100|5|Moored|nan|0|true|8.5765|53.5306|360|511|15|0|Not available|true|84250
2024-08-09 00:43:23|1|211599340|0|Under way using engine|nan|0|false|8.5803|53.5364|214.9|511|22|0|Not available|true|33597
2024-08-09 00:43:23|24|211300110|A|A|TENDER TO ARIS
2024-08-09 00:43:23|24|211300110|B|B|37|Pleasure Craft|DD6026|null|AMC   B|8|133152|6|0|0|3
2024-08-09 00:43:24|1|211536810|0|Under way using engine|undefined|0|true|8.5779|53.5366|51.9|231|23|0|Not available|false|99169
2024-08-09 00:43:24|1|218709000|0|Under way using engine|undefined|0|true|8.5828|53.5382|187.2|53|20|0|Not available|false|2275
2024-08-09 00:43:26|1|211233660|15|Not defined|undefined|0|false|8.5778|53.5366|235.9|228|24|0|Not available|false|33735
2024-08-09 00:43:27|5|211264470|0|DDLH2|ALEXANDER GOGEL|90|Other Type - all ships of this type|13|12|3|3|0|08-06T12:00Z|undefined|8|6|12|0|1.4|BHV|0
2024-08-09 00:43:28|5|211225940|9031208|DBMN|TIDE|55|Law Enforcement|8|23|6|1|1|00-00T24:60Z|undefined|0|0|24|60|2.3|BRV|0
2024-08-09 00:43:29|1|211228220|0|Under way using engine|undefined|0|true|8.578|53.525|344.6|344|29|0|Not available|false|27820
2024-08-09 00:43:29|1|211595610|0|Under way using engine|nan|0|true|8.5803|53.5365|211.2|511|29|0|Not available|true|49328
2024-08-09 00:43:29|1|211523490|0|Under way using engine|nan|0|true|8.5759|53.5172|360|511|28|0|Not available|true|82113
2024-08-09 00:43:31|5|211599340|0|DC4779|NORDENHAM|60|Passenger - all ships of this type|30|30|7|7|0|01-05T00:00Z|undefined|1|5|0|0|2.5|BREMERHAVEN-NORDENAM|0
2024-08-09 00:43:31|1|211599340|0|Under way using engine|nan|0|false|8.5804|53.5364|214.7|511|31|0|Not available|true|66694
2024-08-09 00:43:34|3|314543000|1|At anchor|nan|0.3|false|8.5614|53.523|143.7|86|33|0|Not available|false|85402
2024-08-09 00:43:34|1|218709000|0|Under way using engine|undefined|0|true|8.5828|53.5382|181.4|53|32|0|Not available|false|34034
2024-08-09 00:43:36|1|211233660|15|Not defined|undefined|0|false|8.5778|53.5366|235.9|228|34|0|Not available|false|49241
2024-08-09 00:43:43|3|211220910|5|Moored|nan|0|true|8.5788|53.5282|360|511|42|0|Not available|true|84826
2024-08-09 00:43:43|1|211599340|0|Under way using engine|nan|0|false|8.5804|53.5364|215.5|511|43|0|Not available|true|99898
2024-08-09 00:43:43|1|211536810|0|Under way using engine|undefined|0|true|8.578|53.5366|51.9|231|43|0|Not available|false|99911
2024-08-09 00:43:45|1|211253400|15|Not defined|nan|0|false|8.5729|53.5454|0|511|41|0|Not available|false|2228
2024-08-09 00:43:47|1|211233660|15|Not defined|undefined|0|false|8.5778|53.5366|235.9|228|45|0|Not available|false|34527
2024-08-09 00:43:49|1|211595610|0|Under way using engine|nan|0|true|8.5803|53.5365|211.5|511|49|0|Not available|true|100122
2024-08-09 00:43:49|1|211228220|0|Under way using engine|undefined|0|true|8.578|53.525|344.6|344|49|0|Not available|false|67368
2024-08-09 00:43:51|1|211599340|0|Under way using engine|nan|0|false|8.5804|53.5364|216|511|51|0|Not available|true|67439
2024-08-09 00:43:52|3|210525000|5|Moored|undefined|0|false|8.576|53.5231|278.5|182|51|0|Not available|false|0
2024-08-09 00:43:55|5|211220910|0|DA2604|KS 6|70|Cargo - all ships of this type|52|8|5|5|0|00-00T24:60Z|undefined|0|0|24|60|1.2|BHV - RSS - BHV|0
2024-08-09 00:43:59|1|211595610|0|Under way using engine|nan|0|true|8.5803|53.5365|211.2|511|59|0|Not available|true|27820
2024-08-09 00:44:03|1|211599340|0|Under way using engine|nan|0|true|8.5804|53.5364|217|511|2|0|Not available|true|27824
2024-08-09 00:44:04|1|211626110|3|Restricted manoeuverability|undefined|0|false|8.5528|53.5236|25.4|235|3|0|Not available|false|2239
2024-08-09 00:44:12|1|211599340|0|Under way using engine|nan|0|true|8.5804|53.5364|216.8|511|12|0|Not available|true|27824
2024-08-09 00:44:12|1|211536810|0|Under way using engine|undefined|0|true|8.578|53.5366|51.9|230|12|0|Not available|false|49264
2024-08-09 00:44:13|1|211555420|3|Restricted manoeuverability|undefined|0|true|8.5777|53.5183|359.2|338|13|0|Not available|false|49313
2024-08-09 00:44:14|1|218709000|0|Under way using engine|undefined|0|true|8.5828|53.5382|203.8|53|11|0|Not available|false|49261
2024-08-09 00:44:17|1|211290740|0|Under way using engine|undefined|0|false|8.5674|53.5459|0|333|17|0|Not available|false|33402
2024-08-09 00:44:20|1|211595610|0|Under way using engine|nan|0|true|8.5802|53.5365|214|511|20|0|Not available|true|82097
2024-08-09 00:44:23|1|211599340|0|Under way using engine|nan|0|true|8.5804|53.5364|218.3|511|22|0|Not available|true|27824
2024-08-09 00:44:23|1|211536810|0|Under way using engine|undefined|0|true|8.578|53.5366|51.9|230|23|0|Not available|false|82032
2024-08-09 00:44:26|3|211225920|5|Moored|undefined|0|true|8.5814|53.5375|338.6|233|24|0|Not available|false|0
2024-08-09 00:44:26|1|211233660|15|Not defined|undefined|0|false|8.5778|53.5366|235.9|228|24|0|Not available|false|27824
2024-08-09 00:44:29|1|211228220|0|Under way using engine|undefined|0|true|8.578|53.525|344.6|344|29|0|Not available|false|2260
2024-08-09 00:44:29|1|211595610|0|Under way using engine|nan|0|true|8.5802|53.5365|214.3|511|29|0|Not available|true|33836
2024-08-09 00:44:31|1|211599340|0|Under way using engine|nan|0|true|8.5804|53.5364|218.3|511|31|0|Not available|true|49329
2024-08-09 00:44:36|1|211233660|15|Not defined|undefined|0|false|8.5778|53.5366|235.9|228|34|0|Not available|false|34096
2024-08-09 00:44:43|1|211599340|0|Under way using engine|nan|0|false|8.5804|53.5364|218.9|511|43|0|Not available|true|82097
2024-08-09 00:44:43|1|211536810|0|Under way using engine|undefined|0|true|8.578|53.5366|51.9|230|43|0|Not available|false|82032
2024-08-09 00:44:44|1|211253400|15|Not defined|nan|0|false|8.5729|53.5454|0|511|41|0|Not available|false|49248
2024-08-09 00:44:45|1|218709000|0|Under way using engine|undefined|0|true|8.5828|53.5382|201.8|53|42|0|Not available|false|34432
2024-08-09 00:44:47|1|211233660|15|Not defined|undefined|0|false|8.5778|53.5366|235.9|228|45|0|Not available|false|27824
2024-08-09 00:44:49|3|211411980|5|Moored|undefined|0|true|8.5823|53.5379|141.2|231|45|0|Not available|false|85146
2024-08-09 00:44:49|1|211595610|0|Under way using engine|nan|0|true|8.5802|53.5365|213.7|511|49|0|Not available|true|82097
2024-08-09 00:44:49|1|244305000|0|Under way using engine|undefined|0|true|8.5619|53.5522|72.1|156|46|0|Not available|false|49274
2024-08-09 00:44:56|1|211540110|0|Under way using engine|undefined|0|false|8.5775|53.5365|204.1|235|56|0|Not available|false|67635
2024-08-09 00:44:57|1|211233660|15|Not defined|undefined|0|false|8.5778|53.5366|235.9|228|55|0|Not available|false|67648
2024-08-09 00:44:58|3|211658290|5|Moored|undefined|0|false|8.5784|53.5291|175.4|168|58|0|Not available|false|84138
2024-08-09 00:44:59|1|211595610|0|Under way using engine|nan|0|true|8.5802|53.5365|213.3|511|59|0|Not available|true|2235
2024-08-09 00:45:04|1|218709000|0|Under way using engine|undefined|0|true|8.5828|53.5382|200.2|53|1|0|Not available|false|32902
2024-08-09 00:45:06|1|211253400|15|Not defined|nan|0|false|8.5729|53.5454|0|511|2|0|Not available|false|27828
2024-08-09 00:45:07|1|211540110|0|Under way using engine|undefined|0|false|8.5775|53.5365|208.4|235|6|0|Not available|false|27828
2024-08-09 00:45:07|1|211233660|15|Not defined|undefined|0|false|8.5778|53.5366|235.9|228|5|0|Not available|false|82021
2024-08-09 00:45:09|1|211595610|0|Under way using engine|nan|0|true|8.5802|53.5365|213.8|511|9|0|Not available|true|82097
2024-08-09 00:45:14|1|218709000|0|Under way using engine|undefined|0|true|8.5828|53.5382|194.1|53|10|0|Not available|false|33270
2024-08-09 00:45:14|1|211253400|15|Not defined|nan|0|false|8.5729|53.5454|0|511|11|0|Not available|false|2254
2024-08-09 00:45:17|24|211816240|B|B|37|Pleasure Craft|DK2021|null|SRTEK-|1|309385|9|2|2|1
2024-08-09 00:45:20|1|211595610|0|Under way using engine|nan|0|true|8.5802|53.5365|213.5|511|20|0|Not available|true|66259
2024-08-09 00:45:24|1|218709000|0|Under way using engine|undefined|0|true|8.5828|53.5382|195.5|53|22|0|Not available|false|33663
2024-08-09 00:45:26|3|211172020|5|Moored|undefined|0|true|8.577|53.5339|213.2|249|24|0|Not available|false|84490
2024-08-09 00:45:26|1|211233660|15|Not defined|undefined|0|false|8.5778|53.5366|235.9|228|24|0|Not available|false|2265
2024-08-09 00:45:29|1|211595610|0|Under way using engine|nan|0|true|8.5802|53.5365|212.4|511|29|0|Not available|true|27828
2024-08-09 00:45:32|1|211536810|0|Under way using engine|undefined|0|true|8.5779|53.5366|51.9|230|32|0|Not available|false|82032
2024-08-09 00:45:34|24|211729870|A|A|BRIGANT
2024-08-09 00:45:34|1|218709000|0|Under way using engine|undefined|0|true|8.5828|53.5382|197.3|54|31|0|Not available|false|2220
2024-08-09 00:45:36|3|253743000|1|At anchor|nan|0.5|true|8.5533|53.5183|311.2|217|34|0|Not available|true|85322
2024-08-09 00:45:36|3|211233660|15|Not defined|undefined|0|false|8.5778|53.5366|235.9|228|34|0|Not available|false|27667
2024-08-09 00:45:36|1|211540110|0|Under way using engine|undefined|0|false|8.5775|53.5365|209.7|235|36|0|Not available|false|114802
2024-08-09 00:45:38|1|211595610|0|Under way using engine|nan|0|true|8.5802|53.5365|212.5|511|38|0|Not available|true|2309
2024-08-09 00:45:38|5|211386490|8779229|DBHN|NADIR|90|Other Type - all ships of this type|11|5|2|2|1|01-22T16:00Z|undefined|1|22|16|0|1.1|SURVEY OPERATION|0
2024-08-09 00:45:42|3|211235180|5|Moored|nan|0.1|false|8.5782|53.5368|182.1|511|40|0|Not available|false|0
2024-08-09 00:45:43|1|211599340|0|Under way using engine|nan|0|true|8.5804|53.5365|220.3|511|43|0|Not available|true|67130
2024-08-09 00:45:43|1|211536810|0|Under way using engine|undefined|0|true|8.5779|53.5366|51.9|230|43|0|Not available|false|67143
2024-08-09 00:45:44|1|211253400|15|Not defined|nan|0|false|8.5729|53.5454|0|511|40|0|Not available|false|34405
2024-08-09 00:45:47|1|211233660|15|Not defined|undefined|0|false|8.5778|53.5366|235.9|228|45|0|Not available|false|2202
2024-08-09 00:45:49|1|211595610|0|Under way using engine|nan|0|true|8.5802|53.5365|212.3|511|49|0|Not available|true|67354
2024-08-09 00:45:51|1|211599340|0|Under way using engine|nan|0|true|8.5804|53.5365|218.9|511|51|0|Not available|true|34671
2024-08-09 00:45:53|1|218709000|0|Under way using engine|undefined|0|true|8.5828|53.5382|187.8|54|51|0|Not available|false|2243
2024-08-09 00:45:56|1|211540110|0|Under way using engine|undefined|0|false|8.5775|53.5365|187.3|235|56|0|Not available|false|49266
2024-08-09 00:45:57|1|211233660|15|Not defined|undefined|0|false|8.5778|53.5366|235.9|228|55|0|Not available|false|49250
2024-08-09 00:46:04|1|218709000|0|Under way using engine|undefined|0|true|8.5828|53.5382|193.6|54|1|0|Not available|false|27832
2024-08-09 00:46:06|1|211253400|15|Not defined|nan|0|false|8.5729|53.5454|0|511|2|0|Not available|false|2176
2024-08-09 00:46:09|1|211595610|0|Under way using engine|nan|0|true|8.5802|53.5365|210.8|511|9|0|Not available|true|65845
2024-08-09 00:46:13|3|211718100|5|Moored|nan|0|true|8.5765|53.5306|360|511|12|0|Not available|true|85674
2024-08-09 00:46:14|1|218709000|0|Under way using engine|undefined|0|true|8.5828|53.5382|189.1|54|11|0|Not available|false|27832
2024-08-09 00:46:15|1|211253400|15|Not defined|nan|0|false|8.5729|53.5454|0|511|11|0|Not available|false|82023
2024-08-09 00:46:16|5|211718100|0|DK8884|GREENPORTS 1|79|Cargo - No additional information|56|15|5|6|0|09-16T23:00Z|undefined|9|16|23|0|2|BREMERHAVEN|0
2024-08-09 00:46:20|1|211595610|0|Under way using engine|nan|0|true|8.5802|53.5365|211.3|511|20|0|Not available|true|49328
2024-08-09 00:46:22|5|211233660|9154804|DBLF|WESERLOTSE|50|Pilot Vessel1|16|13|4|4|1|01-01T00:00Z|undefined|1|1|0|0|3||0
2024-08-09 00:46:22|1|211599340|0|Under way using engine|nan|0|true|8.5804|53.5365|218.7|511|22|0|Not available|true|82094
2024-08-09 00:46:24|1|211536810|0|Under way using engine|undefined|0|true|8.578|53.5366|51.9|231|23|0|Not available|false|49264
2024-08-09 00:46:25|1|211253400|15|Not defined|nan|0|false|8.5729|53.5454|0|511|22|0|Not available|false|82020
2024-08-09 00:46:27|1|211233660|15|Not defined|undefined|0|false|8.5778|53.5366|235.9|228|25|0|Not available|false|82034
2024-08-09 00:46:29|18|211237120|0.1|true|8.5834|53.5337|13.4|511|28|true|458755
2024-08-09 00:46:31|1|211599340|0|Under way using engine|nan|0|true|8.5804|53.5365|219|511|31|0|Not available|true|27832
2024-08-09 00:46:33|1|218709000|0|Under way using engine|undefined|0|true|8.5828|53.5382|187.7|54|30|0|Not available|false|114799
2024-08-09 00:46:33|1|211555420|3|Restricted manoeuverability|undefined|0|true|8.5777|53.5183|359.2|338|33|0|Not available|false|27832
2024-08-09 00:46:34|3|314543000|1|At anchor|nan|0|false|8.5616|53.5229|159.3|77|32|0|Not available|false|84954
2024-08-09 00:46:36|1|211233660|15|Not defined|undefined|0|false|8.5778|53.5366|235.9|228|34|0|Not available|false|2300
2024-08-09 00:46:36|1|211540110|0|Under way using engine|undefined|0|false|8.5775|53.5365|215.8|235|36|0|Not available|false|99634
2024-08-09 00:46:44|1|211253400|15|Not defined|nan|0|false|8.5729|53.5454|0|511|40|0|Not available|false|27832
2024-08-09 00:46:45|1|218709000|0|Under way using engine|undefined|0|true|8.5828|53.5382|187.4|54|41|0|Not available|false|2219
2024-08-09 00:46:46|1|211233660|15|Not defined|undefined|0|false|8.5778|53.5366|235.9|228|44|0|Not available|false|100015
2024-08-09 00:46:46|1|211540110|0|Under way using engine|undefined|0|false|8.5775|53.5365|201|235|46|0|Not available|false|34484
2024-08-09 00:46:51|1|211599340|0|Under way using engine|nan|0|true|8.5804|53.5365|218|511|51|0|Not available|true|27832
2024-08-09 00:46:53|3|210525000|5|Moored|undefined|0|false|8.5759|53.5231|278.5|182|52|0|Not available|false|0
2024-08-09 00:46:53|1|218709000|0|Under way using engine|undefined|0|true|8.5828|53.5382|193.3|54|50|0|Not available|false|82031
2024-08-09 00:46:54|1|211536810|0|Under way using engine|undefined|0|true|8.578|53.5366|51.9|231|54|0|Not available|false|67533
2024-08-09 00:46:57|1|211540110|0|Under way using engine|undefined|0|false|8.5775|53.5365|197.6|235|56|0|Not available|false|34867
2024-08-09 00:46:59|3|211595610|0|Under way using engine|nan|0|true|8.5802|53.5365|211.1|511|59|0|Not available|true|29539
2024-08-09 00:47:02|1|211599340|0|Under way using engine|nan|0|true|8.5804|53.5365|217.6|511|2|0|Not available|true|32821
2024-08-09 00:47:04|1|218709000|0|Under way using engine|undefined|0|true|8.5828|53.5382|197.4|54|1|0|Not available|false|2225
2024-08-09 00:47:14|3|211630370|5|Moored|nan|0|false|8.5742|53.5231|248.5|180|14|0|Not available|false|86010
2024-08-09 00:47:14|1|218709000|0|Under way using engine|undefined|0|true|8.5828|53.5382|198.3|54|11|0|Not available|false|2252
2024-08-09 00:47:16|1|211540110|0|Under way using engine|undefined|0|false|8.5775|53.5365|196|235|16|0|Not available|false|49266
2024-08-09 00:47:18|1|211228220|0|Under way using engine|undefined|0|true|8.578|53.525|344.6|344|17|0|Not available|false|2294
2024-08-09 00:47:22|1|211599340|0|Under way using engine|nan|0|true|8.5805|53.5365|216.1|511|22|0|Not available|true|66352
2024-08-09 00:47:26|3|211264470|5|Moored|nan|0|false|8.571|53.5481|360|511|25|0|Not available|false|85274
2024-08-09 00:47:31|1|211599340|0|Under way using engine|nan|0|false|8.5805|53.5365|216.8|511|31|0|Not available|true|2280
2024-08-09 00:47:32|1|211536810|0|Under way using engine|undefined|0|true|8.578|53.5366|51.9|232|32|0|Not available|false|49264
2024-08-09 00:47:33|1|218709000|0|Under way using engine|undefined|0|true|8.5828|53.5382|199.4|54|30|0|Not available|false|99540
2024-08-09 00:47:37|1|211233660|15|Not defined|undefined|0|false|8.5778|53.5366|235.9|228|35|0|Not available|false|66914
2024-08-09 00:47:40|1|211595610|0|Under way using engine|nan|0|true|8.5802|53.5365|211.4|511|39|0|Not available|true|49327
2024-08-09 00:47:43|1|211536810|0|Under way using engine|undefined|0|true|8.5779|53.5366|51.9|231|43|0|Not available|false|34375
2024-08-09 00:47:44|1|218709000|0|Under way using engine|undefined|0|true|8.5828|53.5382|199.6|54|41|0|Not available|false|67169
2024-08-09 00:47:48|5|211595610|0|DC4782|BREMERHAVEN|60|Passenger - all ships of this type|30|30|7|7|0|12-31T23:20Z|undefined|12|31|23|20|2.7|BREMERHAFEN-BLEXEN|0
2024-08-09 00:47:49|1|211595610|0|Under way using engine|nan|0|false|8.5802|53.5364|211.3|511|49|0|Not available|true|34586
2024-08-09 00:47:49|1|211228220|0|Under way using engine|undefined|0|true|8.5781|53.525|344.6|344|49|0|Not available|false|2195
2024-08-09 00:47:51|1|211599340|0|Under way using engine|nan|0|false|8.5805|53.5366|217.5|511|51|0|Not available|true|2252
2024-08-09 00:47:52|1|211555420|3|Restricted manoeuverability|undefined|0|true|8.5777|53.5183|359.2|338|52|0|Not available|false|67467
2024-08-09 00:47:53|1|218709000|0|Under way using engine|undefined|0|true|8.5828|53.5382|194.5|54|50|0|Not available|false|67517
2024-08-09 00:47:54|1|211536810|0|Under way using engine|undefined|0|true|8.578|53.5366|51.9|231|54|0|Not available|false|49264
2024-08-09 00:47:57|1|211540110|0|Under way using engine|undefined|0|false|8.5775|53.5365|204.3|235|56|0|Not available|false|27836
2024-08-09 00:47:57|1|211233660|15|Not defined|undefined|0|false|8.5778|53.5366|235.9|228|55|0|Not available|false|27836
2024-08-09 00:48:03|1|218709000|0|Under way using engine|undefined|0|true|8.5828|53.5382|201.9|54|0|0|Not available|false|49262
2024-08-09 00:48:09|1|211595610|0|Under way using engine|nan|0|true|8.5802|53.5365|212.6|511|9|0|Not available|true|33077
2024-08-09 00:48:11|5|314543000|9014705|8PAZ8|WILSON BILBAO|79|Cargo - No additional information|71|17|7|6|1|08-07T08:00Z|undefined|8|7|8|0|5|DENHA|0
2024-08-09 00:48:13|1|211536810|0|Under way using engine|undefined|0|true|8.5779|53.5366|51.9|231|13|0|Not available|false|114798
2024-08-09 00:48:13|1|211599340|0|Under way using engine|nan|0|true|8.5805|53.5365|218|511|13|0|Not available|true|33233
2024-08-09 00:48:21|5|211172030|0|DF4369|LESMONA|55|Law Enforcement|11|5|3|2|1|07-09T21:00Z|undefined|7|9|21|0|1.4|DEBRV|0
2024-08-09 00:48:22|1|211555420|3|Restricted manoeuverability|undefined|0|true|8.5777|53.5183|359.2|339|22|0|Not available|false|66335
2024-08-09 00:48:22|1|211599340|0|Under way using engine|nan|0|true|8.5805|53.5365|219.1|511|22|0|Not available|true|49326
2024-08-09 00:48:24|1|218709000|0|Under way using engine|undefined|0|true|8.5828|53.5382|204.5|54|20|0|Not available|false|114799
2024-08-09 00:48:26|5|211172020|0|DF4368|VISURA|55|Law Enforcement|10|6|3|2|1|01-01T00:00Z|undefined|1|1|0|0|1.4|PATROL WESER|0
2024-08-09 00:48:29|18|211300110|0|false|8.5872|53.5348|360|511|28|false|458755
2024-08-09 00:48:32|1|211599340|0|Under way using engine|nan|0|false|8.5804|53.5365|220.2|511|32|0|Not available|true|99492
2024-08-09 00:48:33|1|211555420|3|Restricted manoeuverability|undefined|0|true|8.5777|53.5183|359.2|338|32|0|Not available|false|114848
2024-08-09 00:48:34|1|218709000|0|Under way using engine|undefined|0|true|8.5828|53.5382|206.3|54|30|0|Not available|false|82029
2024-08-09 00:48:36|1|211540110|0|Under way using engine|undefined|0|false|8.5775|53.5364|203|235|36|0|Not available|false|66866
2024-08-09 00:48:36|3|253743000|1|At anchor|nan|1|true|8.5522|53.5186|275.4|173|35|0|Not available|true|84394
2024-08-09 00:48:37|1|211233660|15|Not defined|undefined|0|false|8.5778|53.5366|235.9|228|35|0|Not available|false|49240
2024-08-09 00:48:40|1|211595610|0|Under way using engine|nan|0|true|8.5802|53.5365|213.6|511|39|0|Not available|true|34230
2024-08-09 00:48:42|5|211235180|0|DBAC|HERMANN RUDOLF MEYER|51|Search and Rescue vessel|11|12|3|3|1|01-01T00:00Z|undefined|1|1|0|0|1.6||0
2024-08-09 00:48:43|1|211599340|0|Under way using engine|nan|0|true|8.5804|53.5365|221|511|43|0|Not available|true|27840
2024-08-09 00:48:43|1|211536810|0|Under way using engine|undefined|0|true|8.5779|53.5366|51.9|231|43|0|Not available|false|27840
2024-08-09 00:48:44|1|211555420|3|Restricted manoeuverability|undefined|0|true|8.5777|53.5183|359.2|338|43|0|Not available|false|27840
2024-08-09 00:48:44|1|218709000|0|Under way using engine|undefined|0|true|8.5828|53.5382|200.3|54|41|0|Not available|false|49261
2024-08-09 00:48:45|1|211253400|15|Not defined|nan|0|false|8.5729|53.5454|0|511|41|0|Not available|false|67198
2024-08-09 00:48:46|1|211233660|15|Not defined|undefined|0|false|8.5778|53.5366|235.9|228|44|0|Not available|false|67247
2024-08-09 00:48:49|1|211595610|0|Under way using engine|nan|0|true|8.5802|53.5365|213.7|511|49|0|Not available|true|27840
2024-08-09 00:48:51|3|211599340|0|Under way using engine|nan|0|true|8.5804|53.5365|221.7|511|51|0|Not available|true|21971
2024-08-09 00:48:52|1|211555420|3|Restricted manoeuverability|undefined|0|true|8.5777|53.5183|359.2|339|52|0|Not available|false|49312
2024-08-09 00:48:53|1|218709000|0|Under way using engine|undefined|0|true|8.5828|53.5382|195.5|54|51|0|Not available|false|49262
2024-08-09 00:48:57|1|211540110|0|Under way using engine|undefined|0|false|8.5774|53.5364|205.1|236|56|0|Not available|false|2213
2024-08-09 00:48:57|1|211233660|15|Not defined|undefined|0|false|8.5778|53.5366|235.9|228|55|0|Not available|false|2223
2024-08-09 00:48:59|1|211595610|0|Under way using engine|nan|0|true|8.5802|53.5365|213.1|511|59|0|Not available|true|67729
2024-08-09 00:49:02|1|211599340|0|Under way using engine|nan|0|true|8.5805|53.5364|221.8|511|2|0|Not available|true|2264
2024-08-09 00:49:03|1|218709000|0|Under way using engine|undefined|0|true|8.5828|53.5382|198.7|54|1|0|Not available|false|32877
2024-08-09 00:49:04|1|211536810|0|Under way using engine|undefined|0|true|8.5779|53.5366|51.9|231|4|0|Not available|false|98430
2024-08-09 00:49:05|1|211540110|0|Under way using engine|undefined|0|false|8.5774|53.5364|211.7|236|5|0|Not available|false|27844
2024-08-09 00:49:07|1|211233660|15|Not defined|undefined|0|false|8.5778|53.5366|235.9|228|5|0|Not available|false|27844
2024-08-09 00:49:09|3|218768000|5|Moored|undefined|0|true|8.5716|53.5455|223.2|333|8|0|Not available|true|84954
2024-08-09 00:49:13|3|211599340|0|Under way using engine|nan|0|true|8.5804|53.5364|222.9|511|13|0|Not available|true|10609
2024-08-09 00:49:14|1|218709000|0|Under way using engine|undefined|0|true|8.5828|53.5382|199|54|11|0|Not available|false|33272
2024-08-09 00:49:15|1|211253400|15|Not defined|nan|0|false|8.5729|53.5454|0|511|10|0|Not available|false|33296
2024-08-09 00:49:15|3|211718100|5|Moored|nan|0|true|8.5765|53.5306|360|511|14|0|Not available|true|83978
2024-08-09 00:49:20|1|211595610|0|Under way using engine|nan|0|true|8.5802|53.5365|214|511|20|0|Not available|true|2223
2024-08-09 00:49:20|5|218709000|9502233|DBJC|ALTE WESER|55|Law Enforcement|9|24|3|3|1|08-06T15:00Z|undefined|8|6|15|0|1.8|PATROL|0
2024-08-09 00:49:23|24|211300110|A|A|TENDER TO ARIS
2024-08-09 00:49:23|24|211300110|B|B|37|Pleasure Craft|DD6026|null|AMC   B|8|133152|6|0|0|3
2024-08-09 00:49:24|1|218709000|0|Under way using engine|undefined|0|true|8.5828|53.5382|186.9|54|21|0|Not available|false|99172
2024-08-09 00:49:28|5|211225940|9031208|DBMN|TIDE|55|Law Enforcement|8|23|6|1|1|00-00T24:60Z|undefined|0|0|24|60|2.3|BRV|0
2024-08-09 00:49:28|1|245586000|0|Under way using engine|undefined|11|true|8.5439|53.5669|326.7|330|25|0|Not available|false|27844
2024-08-09 00:49:29|1|211595610|0|Under way using engine|nan|0|true|8.5802|53.5365|212.9|511|28|0|Not available|true|33822
2024-08-09 00:49:29|1|211228220|0|Under way using engine|undefined|0|true|8.5781|53.525|344.6|344|29|0|Not available|false|49285
2024-08-09 00:49:32|1|211599340|0|Under way using engine|nan|0|true|8.5804|53.5364|221.1|511|32|0|Not available|true|82094
2024-08-09 00:49:32|3|241906000|5|Moored|undefined|0|false|8.567|53.5517|265.5|351|32|0|Not available|false|85082
2024-08-09 00:49:32|1|211536810|0|Under way using engine|undefined|0|true|8.5779|53.5366|51.9|231|32|0|Not available|false|27844
2024-08-09 00:49:34|1|218709000|0|Under way using engine|undefined|0|true|8.5828|53.5382|185.3|54|30|0|Not available|false|66772
2024-08-09 00:49:35|3|314543000|1|At anchor|nan|0.1|false|8.5615|53.5228|246.8|72|33|0|Not available|false|84570
2024-08-09 00:49:36|1|211540110|0|Under way using engine|undefined|0|false|8.5775|53.5364|203.5|235|36|0|Not available|false|49266
2024-08-09 00:49:37|1|211233660|15|Not defined|undefined|0|false|8.5778|53.5366|235.9|228|35|0|Not available|false|34146
2024-08-09 00:49:39|1|211228220|0|Under way using engine|undefined|0|true|8.5781|53.525|344.6|344|39|0|Not available|false|27844
2024-08-09 00:49:43|3|211220910|5|Moored|nan|0|true|8.5788|53.5282|360|511|41|0|Not available|true|85082
2024-08-09 00:49:44|1|218709000|0|Under way using engine|undefined|0|true|8.5828|53.5382|181.7|54|41|0|Not available|false|34401
2024-08-09 00:49:46|1|211233660|15|Not defined|undefined|0|false|8.5778|53.5366|235.9|228|44|0|Not available|false|49245
2024-08-09 00:49:47|1|211540110|0|Under way using engine|undefined|0|false|8.5774|53.5364|215.5|235|46|0|Not available|false|49266
2024-08-09 00:49:49|1|211595610|0|Under way using engine|nan|0|true|8.5802|53.5365|211.9|511|49|0|Not available|true|2280
2024-08-09 00:49:50|3|211386490|5|Moored|undefined|0|false|8.5819|53.5377|42|237|50|0|Not available|false|84234
2024-08-09 00:49:51|1|211599340|0|Under way using engine|nan|0|true|8.5804|53.5364|221.8|511|51|0|Not available|true|100209
2024-08-09 00:49:52|3|211172030|5|Moored|undefined|0|true|8.5769|53.534|228.8|249|50|0|Not available|false|85418
2024-08-09 00:49:56|1|211233660|15|Not defined|undefined|0|false|8.5778|53.5366|235.9|228|54|0|Not available|false|100389
2024-08-09 00:50:07|1|211233660|15|Not defined|undefined|0|false|8.5778|53.5366|235.9|228|5|0|Not available|false|2279
2024-08-09 00:50:09|1|211595610|0|Under way using engine|nan|0|true|8.5802|53.5365|211.5|511|9|0|Not available|true|2263
2024-08-09 00:50:13|1|211599340|0|Under way using engine|nan|0|true|8.5804|53.5364|220.8|511|13|0|Not available|true|2195
2024-08-09 00:50:14|1|218709000|0|Under way using engine|undefined|0|true|8.5828|53.5382|184.3|54|10|0|Not available|false|27848
2024-08-09 00:50:17|1|211540110|0|Under way using engine|undefined|0|false|8.5774|53.5364|208.3|235|16|0|Not available|false|2270
2024-08-09 00:50:18|3|211630370|5|Moored|undefined|0|false|8.5742|53.5231|248.5|180|18|0|Not available|false|85898
2024-08-09 00:50:19|1|211595610|0|Under way using engine|nan|0|true|8.5802|53.5365|211.7|511|19|0|Not available|true|66232
2024-08-09 00:50:23|1|211536810|0|Under way using engine|undefined|0|true|8.578|53.5366|51.9|231|23|0|Not available|false|49262
2024-08-09 00:50:24|1|218709000|0|Under way using engine|undefined|0|true|8.5828|53.5382|185.3|54|21|0|Not available|false|82028
2024-08-09 00:50:25|1|211253400|15|Not defined|nan|0|false|8.5729|53.5454|0|511|21|0|Not available|false|27848
2024-08-09 00:50:27|1|211233660|15|Not defined|undefined|0|false|8.5777|53.5366|235.9|228|25|0|Not available|false|27848
2024-08-09 00:50:27|1|245548000|0|Under way using engine|undefined|0.1|true|8.5482|53.5663|221.7|186|27|0|Not available|false|49416
2024-08-09 00:50:28|5|211555420|8710766|DCZO|JAN|33|Dredging or underwater ops|37|7|7|6|1|03-17T12:00Z|undefined|3|17|12|0|1.2|-DREDGER|0
2024-08-09 00:50:37|1|211233660|15|Not defined|undefined|0|false|8.5777|53.5366|235.9|228|35|0|Not available|false|27848
2024-08-09 00:50:40|1|211595610|0|Under way using engine|nan|0|true|8.5802|53.5365|211.4|511|39|0|Not available|true|2262
2024-08-09 00:50:48|1|211228220|0|Under way using engine|undefined|0|true|8.578|53.525|344.6|344|48|0|Not available|false|82054
2024-08-09 00:50:49|1|211523490|0|Under way using engine|nan|0|true|8.5759|53.5173|360|511|48|0|Not available|true|49342
2024-08-09 00:50:50|1|211595610|0|Under way using engine|nan|0|true|8.5802|53.5365|211.1|511|50|0|Not available|true|49327
2024-08-09 00:50:52|1|211555420|3|Restricted manoeuverability|undefined|0|true|8.5777|53.5183|359.2|338|52|0|Not available|false|27848
2024-08-09 00:50:53|1|218709000|0|Under way using engine|undefined|0|true|8.5828|53.5382|181.4|54|50|0|Not available|false|27848
2024-08-09 00:51:04|1|218709000|0|Under way using engine|undefined|0|true|8.5828|53.5382|185.7|54|0|0|Not available|false|2268
2024-08-09 00:51:04|1|211536810|0|Under way using engine|undefined|0|true|8.578|53.5366|51.9|231|4|0|Not available|false|65662
2024-08-09 00:51:04|1|211253400|15|Not defined|nan|0|false|8.5729|53.5454|0|511|0|0|Not available|false|49247
2024-08-09 00:51:06|1|211290740|0|Under way using engine|undefined|0|false|8.5674|53.5458|0|334|6|0|Not available|false|27852
2024-08-09 00:51:06|1|211540110|0|Under way using engine|undefined|0|false|8.5774|53.5364|213.6|235|6|0|Not available|false|98510
2024-08-09 00:51:08|1|211233660|15|Not defined|undefined|0|false|8.5778|53.5366|235.9|228|6|0|Not available|false|98567
2024-08-09 00:51:08|1|211228220|0|Under way using engine|undefined|0|true|8.5781|53.525|344.6|344|7|0|Not available|false|33035
2024-08-09 00:51:09|1|211595610|0|Under way using engine|nan|0|false|8.5802|53.5366|210.1|511|9|0|Not available|true|98626
2024-08-09 00:51:11|18|211598800|0|false|8.5699|53.5473|360|511|10|false|458755
2024-08-09 00:51:12|1|211599340|0|Under way using engine|nan|0|true|8.5804|53.5364|221.3|511|11|0|Not available|true|65946
2024-08-09 00:51:14|1|218709000|0|Under way using engine|undefined|0|true|8.5828|53.5382|191.2|54|11|0|Not available|false|2223
2024-08-09 00:51:16|3|256800000|5|Moored|undefined|0|true|8.5408|53.5725|127.4|151|14|0|Not available|false|85162
2024-08-09 00:51:17|1|211540110|0|Under way using engine|undefined|0|false|8.5774|53.5364|197.7|235|17|0|Not available|false|66151
2024-08-09 00:51:19|1|211595610|0|Under way using engine|nan|0|false|8.5802|53.5366|210.1|511|19|0|Not available|true|49329
2024-08-09 00:51:24|1|218709000|0|Under way using engine|undefined|0|true|8.5828|53.5382|185.7|54|20|0|Not available|false|66404
2024-08-09 00:51:25|3|211172020|5|Moored|undefined|0|true|8.577|53.5338|21.4|249|24|0|Not available|false|85338
2024-08-09 00:51:25|1|211253400|15|Not defined|nan|0|false|8.5729|53.5454|0|511|22|0|Not available|false|2285
2024-08-09 00:51:26|1|211540110|0|Under way using engine|undefined|0|false|8.5775|53.5364|216.3|235|26|0|Not available|false|114802
2024-08-09 00:51:29|1|211523490|0|Under way using engine|nan|0|true|8.5759|53.5173|360|511|27|0|Not available|true|82107
2024-08-09 00:51:29|1|211228220|0|Under way using engine|undefined|0|true|8.5781|53.525|344.6|344|29|0|Not available|false|27852
2024-08-09 00:51:30|18|211300110|0.1|false|8.5872|53.5348|9.8|511|29|false|458755
2024-08-09 00:51:32|1|211599340|0|Under way using engine|nan|0|true|8.5804|53.5363|221.3|511|32|0|Not available|true|49326
2024-08-09 00:51:36|1|211540110|0|Under way using engine|undefined|0|false|8.5775|53.5364|215.7|235|36|0|Not available|false|27852
2024-08-09 00:51:37|1|211233660|15|Not defined|undefined|0|false|8.5777|53.5366|235.9|228|35|0|Not available|false|2260
2024-08-09 00:51:38|5|211386490|8779229|DBHN|NADIR|90|Other Type - all ships of this type|11|5|2|2|1|01-22T16:00Z|undefined|1|22|16|0|1.1|SURVEY OPERATION|0
2024-08-09 00:51:40|1|211595610|0|Under way using engine|nan|0|false|8.5802|53.5366|210.9|511|40|0|Not available|true|114866
2024-08-09 00:51:42|1|211599340|0|Under way using engine|nan|0|true|8.5804|53.5363|220.8|511|42|0|Not available|true|99854
2024-08-09 00:51:43|3|211235180|5|Moored|nan|0|false|8.5782|53.5368|170.8|511|40|0|Not available|false|0
2024-08-09 00:51:44|1|218709000|0|Under way using engine|undefined|0|true|8.5828|53.5382|183.5|54|41|0|Not available|false|2251
2024-08-09 00:51:45|1|211253400|15|Not defined|nan|0|false|8.5729|53.5454|0|511|41|0|Not available|false|27852
2024-08-09 00:51:48|1|211228220|0|Under way using engine|undefined|0|true|8.578|53.525|344.6|344|48|0|Not available|false|67313
2024-08-09 00:51:50|1|211595610|0|Under way using engine|nan|0|false|8.5802|53.5366|210.3|511|50|0|Not available|true|34616
2024-08-09 00:51:51|3|218042130|5|Moored|undefined|0|true|8.5837|53.5085|330.5|259|47|0|Not available|false|86266
2024-08-09 00:51:51|1|211599340|0|Under way using engine|nan|0|true|8.5804|53.5364|220.2|511|51|0|Not available|true|67441
2024-08-09 00:51:53|1|218709000|0|Under way using engine|undefined|0|true|8.5828|53.5382|181.9|54|50|0|Not available|false|2291
2024-08-09 00:51:59|1|211595610|0|Under way using engine|nan|0|false|8.5803|53.5366|210.8|511|59|0|Not available|true|27852
2024-08-09 00:52:04|1|218709000|0|Under way using engine|undefined|0|true|8.5828|53.5382|195.7|54|1|0|Not available|false|49263
2024-08-09 00:52:04|1|211626110|3|Restricted manoeuverability|undefined|0|false|8.5528|53.5236|25.4|236|3|0|Not available|false|49276
2024-08-09 00:52:08|1|211233660|15|Not defined|undefined|0|false|8.5777|53.5366|235.9|228|6|0|Not available|false|82021
2024-08-09 00:52:08|1|211228220|0|Under way using engine|undefined|0|true|8.578|53.525|344.6|344|7|0|Not available|false|27856
2024-08-09 00:52:12|1|211599340|0|Under way using engine|nan|0|true|8.5804|53.5364|219.8|511|11|0|Not available|true|49326
2024-08-09 00:52:14|3|211718100|5|Moored|nan|0|true|8.5765|53.5306|360|511|13|0|Not available|true|84282
2024-08-09 00:52:16|5|211630370|7725453|DHVE2|LEV TORNADO|99|Other Type - no additional information|24|24|5|4|1|01-15T09:00Z|undefined|1|15|9|0|3.5|BREMERHAVEN|0
2024-08-09 00:52:17|1|211290740|0|Under way using engine|undefined|0|false|8.5674|53.5458|0|334|17|0|Not available|false|98933
2024-08-09 00:52:17|1|218057450|0|Under way using engine|nan|5.8|true|8.5333|53.572|151|146|14|0|Not available|false|27856
2024-08-09 00:52:18|5|211718100|0|DK8884|GREENPORTS 1|79|Cargo - No additional information|56|15|5|6|0|09-16T23:00Z|undefined|9|16|23|0|2|BREMERHAVEN|0
2024-08-09 00:52:19|1|211228220|0|Under way using engine|undefined|0|true|8.578|53.525|344.6|344|18|0|Not available|false|2219
2024-08-09 00:52:19|1|211595610|0|Under way using engine|nan|0|false|8.5804|53.5366|211.8|511|19|0|Not available|true|33464
2024-08-09 00:52:22|1|211599340|0|Under way using engine|nan|0|true|8.5804|53.5364|219.9|511|21|0|Not available|true|82094
2024-08-09 00:52:23|1|211536810|0|Under way using engine|undefined|0|true|8.578|53.5366|51.9|232|23|0|Not available|false|27856
2024-08-09 00:52:24|1|218709000|0|Under way using engine|undefined|0|true|8.5828|53.5382|176.1|54|21|0|Not available|false|49262
2024-08-09 00:52:29|1|211595610|0|Under way using engine|nan|0|false|8.5803|53.5366|212.4|511|28|0|Not available|true|114865
2024-08-09 00:52:29|1|211228220|0|Under way using engine|undefined|0|true|8.578|53.525|344.6|344|29|0|Not available|false|2251
2024-08-09 00:52:32|3|211225940|5|Moored|undefined|0|false|8.58|53.537|203.2|237|31|0|Not available|false|84490
2024-08-09 00:52:34|3|241906000|5|Moored|undefined|0|false|8.567|53.5518|265.5|352|33|0|Not available|false|84218
2024-08-09 00:52:34|3|314543000|1|At anchor|12.522340955268707|0.1|false|8.5613|53.5228|244.4|75|32|0|Not available|false|84682
2024-08-09 00:52:40|1|211595610|0|Under way using engine|nan|0|true|8.5803|53.5365|212.1|511|40|0|Not available|true|99778
2024-08-09 00:52:43|1|211536810|0|Under way using engine|undefined|0|true|8.5779|53.5366|51.9|232|42|0|Not available|false|49263
2024-08-09 00:52:44|1|218709000|0|Under way using engine|undefined|0|true|8.5828|53.5382|212.7|54|41|0|Not available|false|82029
2024-08-09 00:52:45|1|211253400|15|Not defined|nan|0|false|8.5729|53.5454|0|511|41|0|Not available|false|2266
2024-08-09 00:52:47|3|211386490|5|Moored|undefined|0|false|8.5819|53.5377|42|237|47|0|Not available|false|84410
2024-08-09 00:52:48|1|211228220|0|Under way using engine|undefined|0|true|8.5781|53.525|344.6|344|48|0|Not available|false|49286
2024-08-09 00:52:49|1|211523490|0|Under way using engine|nan|0|true|8.5759|53.5173|360|511|48|0|Not available|true|27856
2024-08-09 00:52:50|1|211595610|0|Under way using engine|nan|0|true|8.5802|53.5365|210.2|511|50|0|Not available|true|27856
2024-08-09 00:52:50|18|211816240|0|true|8.5828|53.5339|360|511|49|true|304669
2024-08-09 00:52:51|1|211599340|0|Under way using engine|nan|0|true|8.5804|53.5364|222|511|51|0|Not available|true|49325
2024-08-09 00:52:52|3|210525000|5|Moored|undefined|0|false|8.576|53.5232|278.5|182|51|0|Not available|false|0
2024-08-09 00:52:56|1|211233660|15|Not defined|undefined|0|false|8.5777|53.5366|235.9|228|54|0|Not available|false|49251
2024-08-09 00:52:59|1|211595610|0|Under way using engine|nan|0|true|8.5802|53.5365|209.2|511|59|0|Not available|true|2275
2024-08-09 00:53:01|1|244305000|0|Under way using engine|undefined|0|true|8.5619|53.5523|69|154|57|0|Not available|false|27860
2024-08-09 00:53:04|1|218709000|0|Under way using engine|undefined|0|true|8.5828|53.5382|207.5|54|1|0|Not available|false|32895
2024-08-09 00:53:04|1|211626110|3|Restricted manoeuverability|undefined|0|false|8.5528|53.5236|25.4|235|3|0|Not available|false|32899
2024-08-09 00:53:04|1|211253400|15|Not defined|nan|0|false|8.5729|53.5454|0|511|1|0|Not available|false|27860
2024-08-09 00:53:06|1|211540110|0|Under way using engine|undefined|0|false|8.5774|53.5364|197|235|6|0|Not available|false|65742
2024-08-09 00:53:08|1|211228220|0|Under way using engine|undefined|0|true|8.5781|53.525|344.6|344|7|0|Not available|false|2296
2024-08-09 00:53:12|1|211599340|0|Under way using engine|nan|0|true|8.5804|53.5364|219.7|511|11|0|Not available|true|33178
2024-08-09 00:53:13|1|218709000|0|Under way using engine|undefined|0|true|8.5828|53.5382|210.6|54|10|0|Not available|false|98781
2024-08-09 00:53:14|1|211555420|3|Restricted manoeuverability|undefined|0|true|8.5777|53.5183|359.2|338|13|0|Not available|false|33250
2024-08-09 00:53:15|1|211253400|15|Not defined|nan|0|false|8.5729|53.5454|0|511|11|0|Not available|false|33314
2024-08-09 00:53:17|3|211540110|0|Under way using engine|undefined|0|false|8.5774|53.5364|217.4|234|17|0|Not available|false|18611
2024-08-09 00:53:18|18|211729870|0|true|8.5733|53.5443|360|511|16|true|458755
2024-08-09 00:53:22|1|211599340|0|Under way using engine|nan|0|true|8.5804|53.5364|220.2|511|21|0|Not available|true|66327
2024-08-09 00:53:26|1|211233660|15|Not defined|undefined|0|false|8.5778|53.5367|235.9|228|24|0|Not available|false|99258
2024-08-09 00:53:26|3|211264470|5|Moored|nan|0|false|8.571|53.548|360|511|25|0|Not available|false|83978
2024-08-09 00:53:27|3|211225920|5|Moored|undefined|0|true|8.5814|53.5374|338.6|232|25|0|Not available|false|0
2024-08-09 00:53:29|1|211595610|0|Under way using engine|nan|0|true|8.5802|53.5365|208.9|511|28|0|Not available|true|99354
2024-08-09 00:53:29|1|211523490|0|Under way using engine|nan|0|true|8.576|53.5173|360|511|27|0|Not available|true|49339
2024-08-09 00:53:32|1|211599340|0|Under way using engine|nan|0|true|8.5804|53.5364|219.5|511|32|0|Not available|true|27860
2024-08-09 00:53:34|1|218709000|0|Under way using engine|undefined|0|true|8.5828|53.5382|202|54|30|0|Not available|false|2236
2024-08-09 00:53:37|1|211540110|0|Under way using engine|undefined|0|false|8.5774|53.5365|210.5|235|36|0|Not available|false|66892
2024-08-09 00:53:38|1|211233660|15|Not defined|undefined|0|false|8.5778|53.5367|235.9|228|36|0|Not available|false|34156
2024-08-09 00:53:40|1|211595610|0|Under way using engine|nan|0|true|8.5802|53.5365|208.1|511|40|0|Not available|true|82098
2024-08-09 00:53:41|5|211225920|0|DBLO|FRANZIUSPLATE|0|Not available|0|0|0|0|1|01-25T14:30Z|undefined|1|25|14|30|1.2|BREMERHAVEN|0
2024-08-09 00:53:42|1|211599340|0|Under way using engine|nan|0|true|8.5804|53.5364|218.4|511|42|0|Not available|true|67086
2024-08-09 00:53:46|1|211253400|15|Not defined|nan|0|false|8.5729|53.5454|0|511|41|0|Not available|false|49254
2024-08-09 00:53:47|1|218057450|0|Under way using engine|undefined|5.7|true|8.5354|53.57|149.4|145|44|0|Not available|false|82216
2024-08-09 00:53:48|1|211233660|15|Not defined|undefined|0|false|8.5778|53.5367|235.9|228|46|0|Not available|false|67309
2024-08-09 00:53:48|5|211540110|0|DBLS|BURKANA|50|Pilot Vessel1|14|5|3|3|1|07-12T06:30Z|undefined|7|12|6|30|1.9|BREMERHAVEN|0
2024-08-09 00:53:49|1|211523490|0|Under way using engine|nan|0|true|8.576|53.5173|360|511|48|0|Not available|true|2242
2024-08-09 00:53:50|5|211595610|0|DC4782|BREMERHAVEN|60|Passenger - all ships of this type|30|30|7|7|0|12-31T23:20Z|undefined|12|31|23|20|2.7|BREMERHAFEN-BLEXEN|0
2024-08-09 00:53:50|1|245586000|0|Under way using engine|undefined|10.7|true|8.5326|53.5781|330.5|331|47|0|Not available|false|34626
2024-08-09 00:53:51|1|211599340|0|Under way using engine|nan|0|true|8.5804|53.5364|217.6|511|51|0|Not available|true|34673
2024-08-09 00:53:52|5|255801580|9190157|CQQG|AUTOPRESTIGE|79|Cargo - No additional information|100|28|13|5|3|08-12T07:30Z|undefined|8|12|7|30|5|OSLO-BEKKELAGET|0
2024-08-09 00:53:55|1|218709000|0|Under way using engine|undefined|0|true|8.5828|53.5382|206.9|54|52|0|Not available|false|67558
2024-08-09 00:53:56|1|211540110|0|Under way using engine|undefined|0|false|8.5774|53.5365|203.8|235|55|0|Not available|false|49266
2024-08-09 00:53:56|1|211233660|15|Not defined|undefined|0|false|8.5778|53.5367|235.9|228|54|0|Not available|false|34853
2024-08-09 00:53:58|3|255801580|5|Moored|undefined|0|true|8.5671|53.5655|352.8|195|56|0|Not available|false|83786
2024-08-09 00:54:00|1|211595610|0|Under way using engine|nan|0|false|8.5802|53.5365|207.9|511|59|0|Not available|true|100522
2024-08-09 00:54:04|1|211536810|0|Under way using engine|undefined|0|true|8.5779|53.5366|51.9|232|4|0|Not available|false|27864
2024-08-09 00:54:04|1|218709000|0|Under way using engine|undefined|0|true|8.5828|53.5382|205.9|54|1|0|Not available|false|27864
2024-08-09 00:54:08|1|211233660|15|Not defined|undefined|0|false|8.5778|53.5367|235.9|228|6|0|Not available|false|49253
2024-08-09 00:54:09|1|211595610|0|Under way using engine|nan|0|false|8.5803|53.5365|208.2|511|9|0|Not available|true|49330
2024-08-09 00:54:11|5|218057450|9691369|DMEF|VB EMOTION|52|Tug|16|16|8|4|1|06-13T02:30Z|undefined|6|13|2|30|6|BHV|0
2024-08-09 00:54:12|1|211599340|0|Under way using engine|nan|0|true|8.5804|53.5364|216.6|511|11|0|Not available|true|27864
2024-08-09 00:54:12|5|314543000|9014705|8PAZ8|WILSON BILBAO|79|Cargo - No additional information|71|17|7|6|1|08-07T08:00Z|undefined|8|7|8|0|5|DENHA|0
2024-08-09 00:54:15|1|211253400|15|Not defined|nan|0|false|8.5729|53.5454|0|511|11|0|Not available|false|27864
2024-08-09 00:54:17|1|211540110|0|Under way using engine|undefined|0|false|8.5774|53.5365|203.7|235|17|0|Not available|false|27864
2024-08-09 00:54:22|1|211599340|0|Under way using engine|nan|0|true|8.5803|53.5364|216|511|21|0|Not available|true|49325
2024-08-09 00:54:22|5|211172030|0|DF4369|LESMONA|55|Law Enforcement|11|5|3|2|1|07-09T21:00Z|undefined|7|9|21|0|1.4|DEBRV|0
2024-08-09 00:54:23|1|211555420|3|Restricted manoeuverability|undefined|0|true|8.5777|53.5183|359.2|338|23|0|Not available|false|33609
2024-08-09 00:54:25|3|211172020|5|Moored|undefined|0|true|8.577|53.5338|289.9|249|24|0|Not available|false|85738
2024-08-09 00:54:26|1|211233660|15|Not defined|undefined|0|false|8.5778|53.5367|235.9|228|24|0|Not available|false|82030
2024-08-09 00:54:29|1|211523490|0|Under way using engine|nan|0|true|8.576|53.5173|360|511|27|0|Not available|true|33826
2024-08-09 00:54:31|18|211300110|0.1|false|8.5872|53.5348|129.1|511|30|false|458755
2024-08-09 00:54:32|1|211599340|0|Under way using engine|nan|0|true|8.5803|53.5364|215.1|511|32|0|Not available|true|2218
2024-08-09 00:54:33|1|211555420|3|Restricted manoeuverability|undefined|0|true|8.5777|53.5183|359.2|338|32|0|Not available|false|27864
2024-08-09 00:54:33|1|218709000|0|Under way using engine|undefined|0|true|8.5828|53.5382|201.2|54|30|0|Not available|false|49263
2024-08-09 00:54:36|3|253743000|1|At anchor|undefined|0.3|true|8.5504|53.518|168.4|106|34|0|Not available|true|85370
2024-08-09 00:54:37|1|211540110|0|Under way using engine|undefined|0|false|8.5774|53.5364|223.9|235|36|0|Not available|false|49266
2024-08-09 00:54:41|3|211235180|5|Moored|nan|0|false|8.5782|53.5368|169.6|511|39|0|Not available|false|0
2024-08-09 00:54:42|3|211599340|0|Under way using engine|nan|0|true|8.5803|53.5364|214|511|42|0|Not available|true|29491
2024-08-09 00:54:43|5|211235180|0|DBAC|HERMANN RUDOLF MEYER|51|Search and Rescue vessel|11|12|3|3|1|01-01T00:00Z|undefined|1|1|0|0|1.6||0
2024-08-09 00:54:44|1|218709000|0|Under way using engine|undefined|0|true|8.5828|53.5382|203.1|54|41|0|Not available|false|49264
2024-08-09 00:54:45|5|211411980|9313187|DBHX|ZENIT|90|Other Type - all ships of this type|18|12|2|4|1|08-08T14:00Z|undefined|8|8|14|0|2.1|SURVEY OPS WESER|0
2024-08-09 00:54:47|1|211540110|0|Under way using engine|undefined|0|false|8.5775|53.5364|212.8|235|47|0|Not available|false|82035
2024-08-09 00:54:48|1|211233660|15|Not defined|undefined|0|false|8.5778|53.5367|235.9|228|46|0|Not available|false|49247
2024-08-09 00:54:48|1|211595610|0|Under way using engine|nan|0|false|8.5804|53.5365|209.8|511|48|0|Not available|true|82098
2024-08-09 00:54:56|1|211540110|0|Under way using engine|undefined|0|false|8.5775|53.5364|211.7|235|55|0|Not available|false|34830
2024-08-09 00:55:00|1|244305000|0|Under way using engine|undefined|0|true|8.5619|53.5522|69|153|56|0|Not available|false|49278
2024-08-09 00:55:03|3|211599340|0|Under way using engine|nan|0|true|8.5804|53.5364|215.8|511|2|0|Not available|true|19329
2024-08-09 00:55:08|1|211233660|15|Not defined|undefined|0|false|8.5778|53.5367|235.9|228|6|0|Not available|false|33031
2024-08-09 00:55:09|1|211595610|0|Under way using engine|nan|0|false|8.5803|53.5366|209.3|511|9|0|Not available|true|33090
2024-08-09 00:55:14|3|211718100|5|Moored|nan|0|true|8.5765|53.5306|360|511|12|0|Not available|true|86202
2024-08-09 00:55:18|1|211290740|0|Under way using engine|undefined|0|false|8.5675|53.5459|0|332|17|0|Not available|false|49334
2024-08-09 00:55:18|5|210525000|9466233|5BCL6|HILDA B|70|Cargo - all ships of this type|75|13|4|9|1|04-25T08:00Z|undefined|4|25|8|0|4|DEBRE|0
2024-08-09 00:55:19|5|218709000|9502233|DBJC|ALTE WESER|55|Law Enforcement|9|24|3|3|1|08-06T15:00Z|undefined|8|6|15|0|1.8|PATROL|0
2024-08-09 00:55:20|1|211595610|0|Under way using engine|nan|0|false|8.5803|53.5366|208.7|511|20|0|Not available|true|66258
2024-08-09 00:55:22|1|211599340|0|Under way using engine|nan|0|true|8.5804|53.5364|215.6|511|21|0|Not available|true|33559
2024-08-09 00:55:22|24|211300110|A|A|TENDER TO ARIS
2024-08-09 00:55:22|24|211300110|B|B|37|Pleasure Craft|DD6026|null|AMC   B|8|133152|6|0|0|3
2024-08-09 00:55:23|1|211555420|3|Restricted manoeuverability|undefined|0|true|8.5777|53.5183|359.2|339|23|0|Not available|false|27868
2024-08-09 00:55:23|1|211536810|0|Under way using engine|undefined|0|true|8.578|53.5366|51.9|232|23|0|Not available|false|66379
2024-08-09 00:55:24|1|218709000|0|Under way using engine|undefined|0|true|8.5828|53.5382|323.7|54|21|0|Not available|false|2232
2024-08-09 00:55:26|1|211233660|15|Not defined|undefined|0|false|8.5778|53.5367|235.9|228|24|0|Not available|false|66490
2024-08-09 00:55:26|1|211253400|15|Not defined|nan|0|false|8.5729|53.5454|0|511|22|0|Not available|false|49257
2024-08-09 00:55:28|5|211225940|9031208|DBMN|TIDE|55|Law Enforcement|8|23|6|1|1|00-00T24:60Z|undefined|0|0|24|60|2.3|BRV|0
2024-08-09 00:55:29|5|211215500|9048392|DBFR|WALTHER HERWIG III|30|Fishing|10|54|7|7|1|07-04T10:00Z|undefined|7|4|10|0|6.1|DE BRV|0
2024-08-09 00:55:30|3|211225940|5|Moored|undefined|0|false|8.58|53.537|203.2|237|29|0|Not available|false|86122
2024-08-09 00:55:33|1|218709000|0|Under way using engine|undefined|0|true|8.5828|53.5382|323.7|54|30|0|Not available|false|33990
2024-08-09 00:55:34|3|314543000|1|At anchor|nan|0.4|false|8.5611|53.5226|202.5|80|33|0|Not available|false|84986
2024-08-09 00:55:37|1|211540110|0|Under way using engine|undefined|0|false|8.5775|53.5365|219.8|235|36|0|Not available|false|34124
2024-08-09 00:55:38|1|211233660|15|Not defined|undefined|0|false|8.5778|53.5367|235.9|228|36|0|Not available|false|2237
2024-08-09 00:55:42|1|211599340|0|Under way using engine|nan|0|true|8.5804|53.5364|216|511|42|0|Not available|true|34318
2024-08-09 00:55:49|3|211386490|5|Moored|undefined|0|false|8.5819|53.5377|42|237|49|0|Not available|false|84922
2024-08-09 00:55:51|3|210525000|5|Moored|undefined|0|false|8.576|53.5231|278.5|182|50|0|Not available|false|0
2024-08-09 00:55:53|3|211172030|5|Moored|undefined|0|true|8.5769|53.534|256|248|51|0|Not available|false|85530
2024-08-09 00:55:54|1|211536810|0|Under way using engine|undefined|0|true|8.578|53.5366|51.9|232|54|0|Not available|false|2215
2024-08-09 00:55:55|1|218709000|0|Under way using engine|undefined|0|true|8.5828|53.5382|323.7|54|51|0|Not available|false|34790
2024-08-09 00:55:56|1|211540110|0|Under way using engine|undefined|0|false|8.5775|53.5365|311.5|235|55|0|Not available|false|27868
2024-08-09 00:55:57|5|211220910|0|DA2604|KS 6|70|Cargo - all ships of this type|52|8|5|5|0|00-00T24:60Z|undefined|0|0|24|60|1.2|BHV - RSS - BHV|0
2024-08-09 00:55:59|1|211228220|0|Under way using engine|undefined|0|true|8.578|53.525|344.6|344|58|0|Not available|false|114823
2024-08-09 00:56:00|1|211595610|0|Under way using engine|nan|0|false|8.5803|53.5365|213.6|511|59|0|Not available|true|67754
2024-08-09 00:56:03|1|211599340|0|Under way using engine|nan|0|false|8.5804|53.5364|220.8|511|2|0|Not available|true|49324
2024-08-09 00:56:03|1|211536810|0|Under way using engine|undefined|0|true|8.578|53.5366|51.9|232|2|0|Not available|false|49263
2024-08-09 00:56:05|1|218709000|0|Under way using engine|undefined|0|true|8.5828|53.5382|323.7|54|1|0|Not available|false|98450
2024-08-09 00:56:05|1|211253400|15|Not defined|nan|0|false|8.5729|53.5454|0|511|1|0|Not available|false|82030
2024-08-09 00:56:07|1|211290740|0|Under way using engine|undefined|0|false|8.5674|53.5459|0|333|6|0|Not available|false|49335
2024-08-09 00:56:08|1|211233660|15|Not defined|undefined|0|false|8.5777|53.5366|235.9|228|6|0|Not available|false|27872
2024-08-09 00:56:08|3|253736000|5|Moored|undefined|0|false|8.5774|53.5266|202.5|343|5|0|Not available|false|86426
2024-08-09 00:56:09|1|211595610|0|Under way using engine|nan|0|false|8.5803|53.5365|213.3|511|9|0|Not available|true|27872
2024-08-09 00:56:13|1|211599340|0|Under way using engine|nan|0|false|8.5804|53.5364|220.7|511|13|0|Not available|true|49324
2024-08-09 00:56:14|1|218709000|0|Under way using engine|undefined|0|true|8.5828|53.5382|143.7|54|10|0|Not available|false|49262
2024-08-09 00:56:16|1|211540110|0|Under way using engine|undefined|0|false|8.5775|53.5365|219.8|234|15|0|Not available|false|82035
2024-08-09 00:56:22|1|211599340|0|Under way using engine|nan|0|false|8.5804|53.5364|221.6|511|21|0|Not available|true|27872
2024-08-09 00:56:26|1|211233660|15|Not defined|undefined|0|false|8.5777|53.5367|235.9|228|24|0|Not available|false|49263
2024-08-09 00:56:29|1|211595610|0|Under way using engine|nan|0|true|8.5803|53.5365|212.6|511|28|0|Not available|true|49330
2024-08-09 00:56:29|1|211523490|0|Under way using engine|nan|0|true|8.5759|53.5173|360|511|27|0|Not available|true|2283
2024-08-09 00:56:29|1|211228220|0|Under way using engine|undefined|0|true|8.578|53.525|344.6|344|29|0|Not available|false|2245
2024-08-09 00:56:33|1|218709000|0|Under way using engine|undefined|0|true|8.5828|53.5382|143.6|54|30|0|Not available|false|27872
2024-08-09 00:56:36|1|211253400|15|Not defined|nan|0|false|8.5729|53.5454|0|511|33|0|Not available|false|27872
2024-08-09 00:56:37|1|211540110|0|Under way using engine|undefined|0|false|8.5775|53.5365|187.3|234|36|0|Not available|false|27872
2024-08-09 00:56:37|1|211233660|15|Not defined|undefined|0|false|8.5777|53.5367|235.9|228|35|0|Not available|false|99679
2024-08-09 00:56:40|1|211595610|0|Under way using engine|nan|0|true|8.5802|53.5365|214.5|511|40|0|Not available|true|34242
2024-08-09 00:56:42|1|211599340|0|Under way using engine|nan|0|false|8.5804|53.5364|225.7|511|42|0|Not available|true|27872
2024-08-09 00:56:42|1|211555420|3|Restricted manoeuverability|undefined|0|true|8.5777|53.5183|359.2|339|42|0|Not available|false|99862
2024-08-09 00:56:44|1|218709000|0|Under way using engine|undefined|0|true|8.5828|53.5382|323.6|54|41|0|Not available|false|27872
2024-08-09 00:56:48|1|211595610|0|Under way using engine|nan|0|true|8.5802|53.5365|215.9|511|48|0|Not available|true|49330
2024-08-09 00:56:49|3|211228220|0|Under way using engine|undefined|0|true|8.578|53.525|344.6|344|49|0|Not available|false|21539
2024-08-09 00:56:51|1|211599340|0|Under way using engine|nan|0|false|8.5804|53.5364|225|511|51|0|Not available|true|114859
2024-08-09 00:56:53|1|211555420|3|Restricted manoeuverability|undefined|0|true|8.5777|53.5183|359.2|339|52|0|Not available|false|49312
2024-08-09 00:56:58|1|211233660|15|Not defined|undefined|0|false|8.5777|53.5367|235.9|228|56|0|Not available|false|49253
2024-08-09 00:56:59|1|211228220|0|Under way using engine|undefined|0|true|8.578|53.525|344.6|344|58|0|Not available|false|100485
2024-08-09 00:57:03|1|211599340|0|Under way using engine|nan|0|true|8.5804|53.5365|226.6|511|2|0|Not available|true|32834
2024-08-09 00:57:03|3|211536810|0|Under way using engine|undefined|0|true|8.5779|53.5366|51.9|231|2|0|Not available|false|19555
2024-08-09 00:57:05|1|218709000|0|Under way using engine|undefined|0|true|8.5828|53.5382|143.6|54|2|0|Not available|false|82030
2024-08-09 00:57:08|1|211233660|15|Not defined|undefined|0|false|8.5777|53.5367|235.9|228|6|0|Not available|false|2257
2024-08-09 00:57:09|3|211228220|0|Under way using engine|undefined|0|true|8.578|53.525|344.6|345|9|0|Not available|false|11201
2024-08-09 00:57:12|1|211555420|3|Restricted manoeuverability|undefined|0|true|8.5777|53.5183|359.2|339|12|0|Not available|false|82080
2024-08-09 00:57:13|1|211599340|0|Under way using engine|nan|0|true|8.5804|53.5364|227.1|511|13|0|Not available|true|33230
2024-08-09 00:57:14|1|218709000|0|Under way using engine|undefined|0|true|8.5828|53.5382|323.6|54|10|0|Not available|false|33245
2024-08-09 00:57:16|1|211540110|0|Under way using engine|undefined|0|false|8.5775|53.5365|212.2|235|15|0|Not available|false|66095
2024-08-09 00:57:17|24|211816240|B|B|37|Pleasure Craft|DK2021|null|SRTEK-|1|309385|9|2|2|1
2024-08-09 00:57:20|1|211595610|0|Under way using engine|nan|0|false|8.5803|53.5365|213.8|511|20|0|Not available|true|33490
2024-08-09 00:57:22|1|211599340|0|Under way using engine|nan|0|true|8.5804|53.5364|226.5|511|21|0|Not available|true|2236
2024-08-09 00:57:22|1|211555420|3|Restricted manoeuverability|undefined|0|true|8.5777|53.5183|359.2|339|22|0|Not available|false|99104
2024-08-09 00:57:24|1|218709000|0|Under way using engine|undefined|0|true|8.5828|53.5382|323.6|54|20|0|Not available|false|99154
2024-08-09 00:57:25|5|211228220|0|DFPE|CORA|80|Tanker - all ships of this type|0|0|0|0|0|10-18T14:21Z|undefined|10|18|14|21|2.1|IMMER FLEISSIG|0
2024-08-09 00:57:26|3|211172020|5|Moored|undefined|0|true|8.577|53.5339|89.9|249|24|0|Not available|false|85530
2024-08-09 00:57:26|1|211233660|15|Not defined|undefined|0|false|8.5777|53.5367|235.9|228|24|0|Not available|false|33722
2024-08-09 00:57:27|1|211540110|0|Under way using engine|undefined|0|false|8.5775|53.5365|265.4|235|26|0|Not available|false|27876
2024-08-09 00:57:30|1|211523490|0|Under way using engine|nan|0|true|8.5759|53.5173|360|511|28|0|Not available|true|82106
2024-08-09 00:57:32|18|211300110|0|false|8.5872|53.5348|360|511|30|false|458755
2024-08-09 00:57:32|3|218057450|0|Under way using engine|nan|5.7|true|8.5413|53.5651|127.9|112|29|0|Not available|false|0
2024-08-09 00:57:33|1|218709000|0|Under way using engine|undefined|0|true|8.5828|53.5382|143.6|54|30|0|Not available|false|2303
2024-08-09 00:57:38|3|211233660|15|Not defined|undefined|0|false|8.5777|53.5367|235.9|228|35|0|Not available|false|26339
2024-08-09 00:57:42|1|211599340|0|Under way using engine|nan|0|false|8.5803|53.5364|227.8|511|42|0|Not available|true|2233
2024-08-09 00:57:44|1|218709000|0|Under way using engine|undefined|0|true|8.5828|53.5382|143.6|54|41|0|Not available|false|2277
2024-08-09 00:57:48|1|211233660|15|Not defined|undefined|0|false|8.5777|53.5367|235.9|228|46|0|Not available|false|2187
2024-08-09 00:57:48|1|211595610|0|Under way using engine|nan|0|true|8.5802|53.5365|215.7|511|48|0|Not available|true|34553
2024-08-09 00:57:49|1|211523490|0|Under way using engine|nan|0|true|8.5759|53.5173|360|511|47|0|Not available|true|27876
2024-08-09 00:57:52|1|211599340|0|Under way using engine|nan|0|true|8.5804|53.5364|227.7|511|51|0|Not available|true|100205
2024-08-09 00:57:53|1|211555420|3|Restricted manoeuverability|undefined|0|true|8.5777|53.5183|359.2|339|52|0|Not available|false|34709
2024-08-09 00:57:54|3|218042130|5|Moored|undefined|0|true|8.5837|53.5085|356.4|261|49|0|Not available|false|86138
2024-08-09 00:57:55|1|218709000|0|Under way using engine|undefined|0|true|8.5828|53.5382|323.6|54|51|0|Not available|false|2276
2024-08-09 00:57:57|1|211540110|0|Under way using engine|undefined|0|false|8.5775|53.5364|233.1|235|57|0|Not available|false|100414
2024-08-09 00:57:58|1|211233660|15|Not defined|undefined|0|false|8.5778|53.5367|235.9|228|56|0|Not available|false|34912
2024-08-09 00:58:05|1|218709000|0|Under way using engine|undefined|0|true|8.5828|53.5382|323.6|54|1|0|Not available|false|65682
2024-08-09 00:58:05|1|211253400|15|Not defined|nan|0|false|8.5729|53.5454|0|511|2|0|Not available|false|49262
2024-08-09 00:58:08|1|211233660|15|Not defined|undefined|0|false|8.5778|53.5367|235.9|228|6|0|Not available|false|65806
2024-08-09 00:58:09|1|211228220|0|Under way using engine|undefined|0|true|8.578|53.525|344.6|345|9|0|Not available|false|2200
2024-08-09 00:58:10|1|211595610|0|Under way using engine|nan|0|true|8.5802|53.5365|217|511|9|0|Not available|true|98628
2024-08-09 00:58:10|1|245586000|0|Under way using engine|undefined|8.7|true|8.5233|53.5877|331.4|336|6|0|Not available|false|2229
2024-08-09 00:58:13|1|211599340|0|Under way using engine|nan|0|true|8.5804|53.5364|227.4|511|13|0|Not available|true|27880
2024-08-09 00:58:16|5|211630370|7725453|DHVE2|LEV TORNADO|99|Other Type - no additional information|24|24|5|4|1|01-15T09:00Z|undefined|1|15|9|0|3.5|BREMERHAVEN|0
2024-08-09 00:58:20|1|211595610|0|Under way using engine|nan|0|true|8.5802|53.5365|217.1|511|20|0|Not available|true|27880
2024-08-09 00:58:21|5|211233660|9154804|DBLF|WESERLOTSE|50|Pilot Vessel1|16|13|4|4|1|01-01T00:00Z|undefined|1|1|0|0|3||0
2024-08-09 00:58:22|1|211599340|0|Under way using engine|nan|0|true|8.5804|53.5364|226.7|511|21|0|Not available|true|82095
2024-08-09 00:58:22|3|218057450|0|Under way using engine|nan|5.6|true|8.5433|53.5646|110.6|96|19|0|Not available|false|0
2024-08-09 00:58:23|1|211536810|0|Under way using engine|undefined|0|true|8.578|53.5366|51.9|232|23|0|Not available|false|27880
2024-08-09 00:58:24|1|218709000|0|Under way using engine|undefined|0|true|8.5828|53.5382|323.6|54|20|0|Not available|false|82029
2024-08-09 00:58:29|1|211595610|0|Under way using engine|nan|0|true|8.5802|53.5365|216.1|511|28|0|Not available|true|27880
2024-08-09 00:58:34|3|314543000|1|At anchor|12.522340955268707|0.1|false|8.5611|53.5225|91.6|71|32|0|Not available|false|86010
2024-08-09 00:58:35|1|218709000|0|Under way using engine|undefined|0|true|8.5828|53.5382|323.6|54|31|0|Not available|false|66811
2024-08-09 00:58:38|1|211233660|15|Not defined|undefined|0|false|8.5778|53.5366|235.9|228|35|0|Not available|false|66911
2024-08-09 00:58:40|1|211595610|0|Under way using engine|nan|0|true|8.5802|53.5365|215|511|40|0|Not available|true|2189
2024-08-09 00:58:42|1|211599340|0|Under way using engine|nan|0|true|8.5803|53.5364|225.9|511|41|0|Not available|true|99837
2024-08-09 00:58:44|1|211536810|0|Under way using engine|undefined|0|true|8.578|53.5366|51.9|232|44|0|Not available|false|49263
2024-08-09 00:58:49|1|211595610|0|Under way using engine|nan|0|true|8.5802|53.5365|214.5|511|48|0|Not available|true|27880
2024-08-09 00:58:49|1|211523490|0|Under way using engine|nan|0|true|8.5759|53.5173|360|511|47|0|Not available|true|2302
2024-08-09 00:58:49|1|211228220|0|Under way using engine|undefined|0|true|8.578|53.525|344.6|345|49|0|Not available|false|49288
2024-08-09 00:58:51|18|211816240|0|true|8.5828|53.5339|360|511|49|true|305077
2024-08-09 00:58:52|1|211599340|0|Under way using engine|nan|0|true|8.5804|53.5364|226.7|511|51|0|Not available|true|82094
2024-08-09 00:58:53|1|211555420|3|Restricted manoeuverability|undefined|0|true|8.5777|53.5183|49.8|338|52|0|Not available|false|27880
2024-08-09 00:58:54|3|211172030|5|Moored|undefined|0|true|8.5769|53.534|134.2|248|52|0|Not available|false|83946
2024-08-09 00:58:57|1|211540110|0|Under way using engine|undefined|0|false|8.5774|53.5365|226|235|57|0|Not available|false|82035
2024-08-09 00:59:00|3|211595610|0|Under way using engine|nan|0|true|8.5802|53.5365|214.6|511|59|0|Not available|true|30211
2024-08-09 00:59:03|1|211599340|0|Under way using engine|nan|0|true|8.5804|53.5364|230.3|511|2|0|Not available|true|2227
2024-08-09 00:59:03|1|211536810|0|Under way using engine|undefined|0|true|8.578|53.5366|51.9|232|2|0|Not available|false|2309
2024-08-09 00:59:06|1|211253400|15|Not defined|nan|0|false|8.5729|53.5454|0|511|1|0|Not available|false|32943
2024-08-09 00:59:09|1|211595610|0|Under way using engine|nan|0|true|8.5802|53.5365|215.2|511|9|0|Not available|true|82099
2024-08-09 00:59:13|1|211599340|0|Under way using engine|nan|0|false|8.5803|53.5364|234.3|511|13|0|Not available|true|2239
2024-08-09 00:59:14|1|218709000|0|Under way using engine|undefined|0|true|8.5828|53.5382|323.7|54|10|0|Not available|false|2273
2024-08-09 00:59:16|1|211540110|0|Under way using engine|undefined|0|false|8.5774|53.5365|243.7|235|15|0|Not available|false|33327
2024-08-09 00:59:17|3|211630370|5|Moored|4.733|0|false|8.5742|53.5231|248.5|180|16|0|Not available|false|85882
2024-08-09 00:59:22|1|211599340|0|Under way using engine|nan|0|true|8.5804|53.5364|234.6|511|21|0|Not available|true|66313
2024-08-09 00:59:22|1|211555420|3|Restricted manoeuverability|undefined|0|false|8.5777|53.5183|49.8|338|22|0|Not available|false|66336
2024-08-09 00:59:24|1|218709000|0|Under way using engine|undefined|0|true|8.5828|53.5382|143.6|54|20|0|Not available|false|66386
2024-08-09 00:59:26|1|211233660|15|Not defined|undefined|0|false|8.5778|53.5366|235.9|228|24|0|Not available|false|2299
2024-08-09 00:59:27|3|211225920|5|Moored|undefined|0|true|8.5814|53.5374|338.6|233|25|0|Not available|false|0
2024-08-09 00:59:30|1|211523490|0|Under way using engine|nan|0|true|8.5759|53.5173|360|511|28|0|Not available|true|49339
2024-08-09 00:59:34|1|211555420|3|Restricted manoeuverability|undefined|0|true|8.5777|53.5183|49.8|338|33|0|Not available|false|27884
2024-08-09 00:59:35|1|218709000|0|Under way using engine|undefined|0|true|8.5828|53.5382|143.6|54|31|0|Not available|false|49258
2024-08-09 00:59:37|1|211540110|0|Under way using engine|undefined|0|false|8.5774|53.5365|228.5|235|37|0|Not available|false|99671
2024-08-09 00:59:39|1|211595610|0|Under way using engine|nan|0|true|8.5802|53.5365|216.6|511|38|0|Not available|true|82099
2024-08-09 00:59:41|5|211225920|0|DBLO|FRANZIUSPLATE|0|Not available|0|0|0|0|1|01-25T14:30Z|undefined|1|25|14|30|1.2|BREMERHAVEN|0
2024-08-09 00:59:42|1|211599340|0|Under way using engine|nan|0|true|8.5804|53.5364|233|511|41|0|Not available|true|82094
2024-08-09 00:59:45|1|218709000|0|Under way using engine|undefined|0|true|8.5828|53.5382|323.6|54|42|0|Not available|false|67197
2024-08-09 00:59:46|1|211253400|15|Not defined|nan|0|false|8.5729|53.5454|0|511|42|0|Not available|false|34450
2024-08-09 00:59:46|24|211237120|A|A|MARTHA
2024-08-09 00:59:47|1|211233660|15|Not defined|undefined|0|false|8.5779|53.5366|235.9|228|44|0|Not available|false|82012
2024-08-09 00:59:50|5|211595610|0|DC4782|BREMERHAVEN|60|Passenger - all ships of this type|30|30|7|7|0|12-31T23:20Z|undefined|12|31|23|20|2.7|BREMERHAFEN-BLEXEN|0
2024-08-09 00:59:57|1|211540110|0|Under way using engine|undefined|0|false|8.5775|53.5365|224.8|235|57|0|Not available|false|67646
2024-08-09 00:59:58|1|211233660|15|Not defined|undefined|0|false|8.5779|53.5366|235.9|228|56|0|Not available|false|2186
2024-08-09 01:00:00|5|211634880|0|DG6623|GEESTEMUENDE|99|Other Type - no additional information|11|20|3|4|1|08-02T15:30Z|undefined|8|2|15|30|1.3|NEUER HAFEN|0
2024-08-09 01:00:02|1|211599340|0|Under way using engine|nan|0|true|8.5804|53.5364|232.9|511|1|0|Not available|true|65579
2024-08-09 01:00:05|1|218709000|0|Under way using engine|undefined|0|true|8.5828|53.5382|143.6|54|1|0|Not available|false|32914
2024-08-09 01:00:06|1|211253400|15|Not defined|nan|0|false|8.5729|53.5454|0|511|2|0|Not available|false|28160
2024-08-09 01:00:10|1|211595610|0|Under way using engine|nan|0|false|8.5803|53.5365|216.8|511|9|0|Not available|true|65860
2024-08-09 01:00:12|1|211555420|3|Restricted manoeuverability|undefined|0|true|8.5777|53.5183|49.8|339|12|0|Not available|false|33194
2024-08-09 01:00:14|1|218709000|0|Under way using engine|undefined|0|true|8.5828|53.5382|143.6|54|10|0|Not available|false|114793
2024-08-09 01:00:18|1|211595610|0|Under way using engine|nan|0|false|8.5802|53.5365|216.9|511|18|0|Not available|true|82098
2024-08-09 01:00:22|1|211599340|0|Under way using engine|nan|0|true|8.5804|53.5364|229.9|511|21|0|Not available|true|49326
2024-08-09 01:00:23|5|211172030|0|DF4369|LESMONA|55|Law Enforcement|11|5|3|2|1|07-09T21:00Z|undefined|7|9|21|0|1.4|DEBRV|0
2024-08-09 01:00:24|1|218709000|0|Under way using engine|undefined|0|true|8.5828|53.5382|323.6|54|20|0|Not available|false|49258
2024-08-09 01:00:28|5|211172020|0|DF4368|VISURA|55|Law Enforcement|10|6|3|2|1|01-01T00:00Z|undefined|1|1|0|0|1.4|PATROL WESER|0
2024-08-09 01:00:29|1|211228220|0|Under way using engine|undefined|0|true|8.578|53.525|344.6|344|29|0|Not available|false|28160
2024-08-09 01:00:29|1|211595610|0|Under way using engine|nan|0|false|8.5802|53.5365|215|511|29|0|Not available|true|66608
2024-08-09 01:00:36|3|253743000|1|At anchor|undefined|0.2|true|8.5507|53.5174|166.2|92|35|0|Not available|true|84554
2024-08-09 01:00:39|1|211595610|0|Under way using engine|nan|0|true|8.5802|53.5365|215.3|511|38|0|Not available|true|66949
2024-08-09 01:00:42|3|211235180|5|Moored|nan|0.1|false|8.5782|53.5368|180.4|511|40|0|Not available|false|0
2024-08-09 01:00:45|1|218709000|0|Under way using engine|undefined|0|true|8.5828|53.5382|143.6|54|42|0|Not available|false|49258
2024-08-09 01:00:49|1|211595610|0|Under way using engine|nan|0|true|8.5802|53.5365|216.2|511|48|0|Not available|true|67323
2024-08-09 01:00:51|1|211523490|0|Under way using engine|nan|0|true|8.5759|53.5173|360|511|49|0|Not available|true|34629
2024-08-09 01:00:56|1|218709000|0|Under way using engine|undefined|0|true|8.5828|53.5382|323.6|54|52|0|Not available|false|67584
2024-08-09 01:00:56|1|211233660|15|Not defined|undefined|0|false|8.5778|53.5366|235.9|228|54|0|Not available|false|49244
2024-08-09 01:00:57|1|211540110|0|Under way using engine|undefined|0|false|8.5775|53.5365|276.1|235|57|0|Not available|false|49267
2024-08-09 01:00:59|1|211595610|0|Under way using engine|nan|0|true|8.5802|53.5365|217.5|511|59|0|Not available|true|49330
2024-08-09 01:01:02|1|211599340|0|Under way using engine|nan|0|true|8.5804|53.5364|226|511|1|0|Not available|true|49326
2024-08-09 01:01:04|1|211555420|3|Restricted manoeuverability|undefined|0|true|8.5777|53.5183|49.8|339|3|0|Not available|false|2210
2024-08-09 01:01:05|1|218709000|0|Under way using engine|undefined|0|true|8.5828|53.5382|323.6|54|1|0|Not available|false|28164
2024-08-09 01:01:08|1|211228220|0|Under way using engine|undefined|0|true|8.5781|53.525|344.6|344|7|0|Not available|false|28164
2024-08-09 01:01:10|3|249010000|5|Moored|undefined|0|true|8.5416|53.5716|156.3|331|7|0|Not available|false|84826
2024-08-09 01:01:14|1|218709000|0|Under way using engine|undefined|0|true|8.5828|53.5382|143.6|54|11|0|Not available|false|98804
2024-08-09 01:01:16|1|211540110|0|Under way using engine|undefined|0|false|8.5775|53.5365|245.4|234|15|0|Not available|false|2291
2024-08-09 01:01:17|5|218709000|9502233|DBJC|ALTE WESER|55|Law Enforcement|9|24|3|3|1|08-06T15:00Z|undefined|8|6|15|0|1.8|PATROL|0
2024-08-09 01:01:18|1|211595610|0|Under way using engine|nan|0|true|8.5802|53.5365|217.5|511|18|0|Not available|true|66192
2024-08-09 01:01:19|5|218709000|9502233|DBJC|ALTE WESER|55|Law Enforcement|9|24|3|3|1|08-06T15:00Z|undefined|8|6|15|0|1.8|PATROL|0
2024-08-09 01:01:22|1|211555420|3|Restricted manoeuverability|undefined|0|true|8.5777|53.5183|49.8|338|22|0|Not available|false|33568
2024-08-09 01:01:22|24|211300110|A|A|TENDER TO ARIS
2024-08-09 01:01:23|24|211300110|B|B|37|Pleasure Craft|DD6026|null|AMC   B|8|133152|6|0|0|3
2024-08-09 01:01:23|3|211290740|0|Under way using engine|nan|1.8|false|8.5673|53.5458|257|319|22|0|Not available|false|4256
2024-08-09 01:01:24|1|218709000|0|Under way using engine|undefined|0|true|8.5828|53.5382|143.6|54|20|0|Not available|false|33618
2024-08-09 01:01:28|1|211233660|15|Not defined|undefined|0|false|8.5778|53.5367|235.9|228|25|0|Not available|false|99307
2024-08-09 01:01:29|5|211225940|9031208|DBMN|TIDE|55|Law Enforcement|8|23|6|1|1|00-00T24:60Z|undefined|0|0|24|60|2.3|BRV|0
2024-08-09 01:01:30|1|211595610|0|Under way using engine|nan|0|true|8.5802|53.5365|217.1|511|29|0|Not available|true|49330
2024-08-09 01:01:31|5|211599340|0|DC4779|NORDENHAM|60|Passenger - all ships of this type|30|30|7|7|0|01-05T00:00Z|undefined|1|5|0|0|2.5|BREMERHAVEN-NORDENAM|0
2024-08-09 01:01:33|3|211225940|5|Moored|undefined|0|false|8.5799|53.537|203.2|237|31|0|Not available|false|84442
2024-08-09 01:01:34|1|211536810|0|Under way using engine|nan|0|true|8.578|53.5366|51.9|232|34|0|Not available|false|28164
2024-08-09 01:01:35|3|314543000|1|At anchor|nan|0.3|false|8.5614|53.5224|114.5|70|33|0|Not available|false|84922
2024-08-09 01:01:35|1|218709000|0|Under way using engine|undefined|0|true|8.5828|53.5382|323.6|54|31|0|Not available|false|28164
2024-08-09 01:01:37|1|211540110|0|Under way using engine|undefined|0|false|8.5775|53.5364|230.4|234|37|0|Not available|false|66903
2024-08-09 01:01:39|1|211595610|0|Under way using engine|nan|0|true|8.5802|53.5365|217.3|511|38|0|Not available|true|49330
2024-08-09 01:01:44|1|211536810|0|Under way using engine|undefined|0|true|8.578|53.5366|51.9|232|44|0|Not available|false|2212
2024-08-09 01:01:45|1|218709000|0|Under way using engine|undefined|0|true|8.5828|53.5382|143.6|54|41|0|Not available|false|34429
2024-08-09 01:01:49|1|211595610|0|Under way using engine|nan|0|true|8.5802|53.5365|218.5|511|48|0|Not available|true|49330
2024-08-09 01:01:49|3|211386490|5|Moored|undefined|0|false|8.5819|53.5377|42|236|49|0|Not available|false|85770
2024-08-09 01:01:49|3|211290740|0|Under way using engine|nan|7.5|false|8.5666|53.5454|212|209|49|0|Not available|false|8496
2024-08-09 01:01:52|1|211599340|0|Under way using engine|nan|0|true|8.5804|53.5364|226.5|511|51|0|Not available|true|34669
2024-08-09 01:01:54|3|211172030|5|Moored|undefined|0|true|8.5768|53.534|235.1|248|52|0|Not available|false|84970
2024-08-09 01:01:56|1|211233660|15|Not defined|undefined|0|false|8.5778|53.5366|235.9|228|54|0|Not available|false|34848
2024-08-09 01:01:57|1|211540110|0|Under way using engine|undefined|0|false|8.5775|53.5364|248.4|234|57|0|Not available|false|34878
2024-08-09 01:02:05|1|211536810|0|Under way using engine|undefined|0|true|8.578|53.5366|51.9|232|4|0|Not available|false|49262
2024-08-09 01:02:06|1|211540110|0|Under way using engine|undefined|0|false|8.5775|53.5364|198.6|235|6|0|Not available|false|32972
2024-08-09 01:02:14|1|218709000|0|Under way using engine|undefined|0|true|8.5828|53.5382|143.6|54|11|0|Not available|false|82030
2024-08-09 01:02:17|1|211540110|0|Under way using engine|undefined|0|false|8.5775|53.5364|242.5|235|16|0|Not available|false|98904
2024-08-09 01:02:22|1|211599340|0|Under way using engine|nan|0|true|8.5804|53.5364|226.8|511|21|0|Not available|true|28168
2024-08-09 01:02:25|1|211253400|15|Not defined|nan|0|false|8.5729|53.5454|0|511|20|0|Not available|false|28168
2024-08-09 01:02:28|3|211225920|5|Moored|undefined|0|true|8.5814|53.5375|338.6|233|25|0|Not available|false|0
2024-08-09 01:02:30|1|211595610|0|Under way using engine|nan|0|true|8.5802|53.5365|219.9|511|29|0|Not available|true|33840
2024-08-09 01:02:30|3|211290740|0|Under way using engine|nan|10.3|false|8.5663|53.5436|181|183|29|0|Not available|false|7872
2024-08-09 01:02:35|1|218709000|0|Under way using engine|undefined|0|true|8.5828|53.5382|323.6|54|32|0|Not available|false|2265
2024-08-09 01:02:39|1|211595610|0|Under way using engine|nan|0|true|8.5802|53.5365|220.1|511|38|0|Not available|true|34181
2024-08-09 01:02:42|1|211599340|0|Under way using engine|nan|0|true|8.5804|53.5364|228.8|511|41|0|Not available|true|34301
2024-08-09 01:02:47|1|211233660|15|Not defined|undefined|0|false|8.5777|53.5366|235.9|228|44|0|Not available|false|34478
2024-08-09 01:02:49|1|211595610|0|Under way using engine|nan|0|true|8.5802|53.5365|219.7|511|48|0|Not available|true|34555
2024-08-09 01:02:52|1|211599340|0|Under way using engine|nan|0|false|8.5803|53.5364|229.6|511|51|0|Not available|true|28168
2024-08-09 01:02:56|1|218709000|0|Under way using engine|undefined|0|true|8.5828|53.5382|143.5|54|52|0|Not available|false|34816
2024-08-09 01:02:56|1|211233660|15|Not defined|undefined|0|false|8.5777|53.5366|235.9|228|54|0|Not available|false|28168
2024-08-09 01:02:57|1|211540110|0|Under way using engine|undefined|0|false|8.5775|53.5364|225.5|235|57|0|Not available|false|28168
2024-08-09 01:02:59|1|211595610|0|Under way using engine|nan|0|true|8.5802|53.5365|219.2|511|59|0|Not available|true|28168
2024-08-09 01:03:00|3|211290740|0|Under way using engine|nan|10.4|false|8.5666|53.5422|171|172|0|0|Not available|false|7872
2024-08-09 01:03:08|18|211598800|0|false|8.5699|53.5473|360|511|7|false|458755
2024-08-09 01:03:10|1|211595610|0|Under way using engine|nan|0|true|8.5802|53.5365|219.3|511|9|0|Not available|true|28172
2024-08-09 01:03:13|1|211599340|0|Under way using engine|nan|0|false|8.5803|53.5364|231.2|511|12|0|Not available|true|65987
2024-08-09 01:03:14|1|218709000|0|Under way using engine|undefined|0|true|8.5828|53.5382|112.6|54|10|0|Not available|false|66036
2024-08-09 01:03:18|24|211816240|B|B|37|Pleasure Craft|DK2021|null|SRTEK-|1|309385|9|2|2|1
2024-08-09 01:03:24|1|218709000|0|Under way using engine|undefined|0|true|8.5828|53.5382|323.6|54|20|0|Not available|false|2280
2024-08-09 01:03:24|3|211290740|0|Under way using engine|fastright|10.2|false|8.5669|53.5411|173|180|23|0|Not available|false|3824
2024-08-09 01:03:27|1|211290740|0|Under way using engine|fastright|10.3|false|8.5669|53.5409|174|181|26|0|Not available|false|28172
2024-08-09 01:03:28|1|211233660|15|Not defined|undefined|0|false|8.5777|53.5366|235.9|228|25|0|Not available|false|66539
2024-08-09 01:03:30|1|211595610|0|Under way using engine|nan|0|true|8.5802|53.5365|219.6|511|29|0|Not available|true|28172
2024-08-09 01:03:33|1|211555420|3|Restricted manoeuverability|undefined|0|true|8.5777|53.5183|49.8|338|32|0|Not available|false|66716
2024-08-09 01:03:36|3|253743000|1|At anchor|undefined|0.1|true|8.5506|53.5173|260.9|84|34|0|Not available|true|84698
2024-08-09 01:03:37|1|211233660|15|Not defined|undefined|0|false|8.5778|53.5366|235.9|228|34|0|Not available|false|114775
2024-08-09 01:03:38|1|211540110|0|Under way using engine|undefined|0|false|8.5774|53.5364|214.6|236|37|0|Not available|false|34135
2024-08-09 01:03:42|1|211599340|0|Under way using engine|nan|0|true|8.5804|53.5363|232.8|511|41|0|Not available|true|28172
2024-08-09 01:03:43|1|211536810|0|Under way using engine|undefined|0|true|8.578|53.5366|51.9|232|43|0|Not available|false|34350
2024-08-09 01:03:43|1|211555420|3|Restricted manoeuverability|undefined|0|true|8.5777|53.5183|49.8|338|43|0|Not available|false|99887
2024-08-09 01:03:44|3|211290740|0|Under way using engine|undefined|10.1|false|8.5669|53.5401|179|185|43|0|Not available|false|3792
2024-08-09 01:03:46|24|211729870|B|B|37|Pleasure Craft|DK9093|null|SRTD-8A|1|175638|10|1|2|1
2024-08-09 01:03:49|1|211595610|0|Under way using engine|nan|0|true|8.5802|53.5365|220|511|48|0|Not available|true|28172
2024-08-09 01:03:52|1|211599340|0|Under way using engine|nan|0|false|8.5804|53.5364|232.8|511|51|0|Not available|true|2308
2024-08-09 01:03:56|1|218709000|0|Under way using engine|undefined|0|true|8.5828|53.5382|143.5|54|52|0|Not available|false|28172
2024-08-09 01:03:57|1|211233660|15|Not defined|undefined|0|false|8.5778|53.5366|235.9|228|54|0|Not available|false|2316
2024-08-09 01:03:57|1|211290740|0|Under way using engine|undefined|10.2|false|8.5669|53.5395|180|182|57|0|Not available|false|114876
2024-08-09 01:03:59|3|211595610|0|Under way using engine|nan|0|true|8.5802|53.5365|219|511|59|0|Not available|true|11953
2024-08-09 01:04:05|1|211253400|15|Not defined|nan|0|false|8.5729|53.5454|0|511|1|0|Not available|false|32920
2024-08-09 01:04:06|1|211540110|0|Under way using engine|undefined|0|false|8.5775|53.5365|174|235|6|0|Not available|false|2255
2024-08-09 01:04:08|1|211233660|15|Not defined|undefined|0|false|8.5778|53.5366|235.9|228|6|0|Not available|false|65805
2024-08-09 01:04:13|1|211599340|0|Under way using engine|nan|0|true|8.5804|53.5364|233.6|511|12|0|Not available|true|49328
2024-08-09 01:04:14|1|218709000|0|Under way using engine|undefined|0|true|8.5828|53.5382|323.5|54|11|0|Not available|false|49259
2024-08-09 01:04:17|1|211290740|0|Under way using engine|undefined|10.2|false|8.5669|53.5386|180|185|16|0|Not available|false|82112
2024-08-09 01:04:19|1|211595610|0|Under way using engine|nan|0|true|8.5802|53.5365|216.6|511|19|0|Not available|true|114866
2024-08-09 01:04:23|1|211555420|3|Restricted manoeuverability|undefined|0|true|8.5777|53.5183|49.8|338|22|0|Not available|false|82081
2024-08-09 01:04:25|3|211264470|5|Moored|nan|0|false|8.571|53.548|360|511|24|0|Not available|false|109136
2024-08-09 01:04:28|1|211233660|15|Not defined|undefined|0|false|8.5778|53.5366|235.9|228|25|0|Not available|false|49261
2024-08-09 01:04:28|1|211228220|0|Under way using engine|undefined|0|true|8.578|53.525|344.6|344|28|0|Not available|false|33797
2024-08-09 01:04:35|1|218709000|0|Under way using engine|undefined|0|true|8.5828|53.5382|143.5|54|32|0|Not available|false|99594
2024-08-09 01:04:38|1|211540110|0|Under way using engine|undefined|0|false|8.5775|53.5364|243.6|235|37|0|Not available|false|28176
2024-08-09 01:04:42|1|211599340|0|Under way using engine|nan|0|true|8.5804|53.5364|231.8|511|41|0|Not available|true|2272
2024-08-09 01:04:45|1|218709000|0|Under way using engine|undefined|0|true|8.5828|53.5382|323.5|54|41|0|Not available|false|82030
2024-08-09 01:04:46|1|211253400|15|Not defined|nan|0|false|8.5729|53.5454|0|511|42|0|Not available|false|67211
2024-08-09 01:04:47|1|211290740|0|Under way using engine|nan|10.4|false|8.567|53.5371|176|176|46|0|Not available|false|2239
2024-08-09 01:04:49|1|211595610|0|Under way using engine|nan|0|false|8.5802|53.5366|217.7|511|48|0|Not available|true|2296
2024-08-09 01:04:52|1|211555420|3|Restricted manoeuverability|undefined|0|true|8.5777|53.5183|49.8|338|51|0|Not available|false|49312
2024-08-09 01:04:52|18|211816240|0|true|8.5827|53.5339|360|511|51|true|305013
2024-08-09 01:04:53|3|211172030|5|Moored|undefined|0|true|8.5769|53.534|175.1|248|51|0|Not available|false|85402
2024-08-09 01:04:53|1|211599340|0|Under way using engine|nan|0|true|8.5804|53.5364|230.7|511|53|0|Not available|true|100263
2024-08-09 01:04:57|1|211290740|0|Under way using engine|undefined|10.3|false|8.567|53.5367|174|174|57|0|Not available|false|100418
2024-08-09 01:04:58|1|211233660|15|Not defined|undefined|0|false|8.5778|53.5366|235.9|228|56|0|Not available|false|100450
2024-08-09 01:04:59|1|211595610|0|Under way using engine|nan|0|false|8.5802|53.5366|217.6|511|59|0|Not available|true|67727
2024-08-09 01:05:03|1|211599340|0|Under way using engine|nan|0|true|8.5804|53.5364|230.3|511|2|0|Not available|true|65597
2024-08-09 01:05:09|3|211595610|0|Under way using engine|nan|0|false|8.5803|53.5366|217.5|511|8|0|Not available|true|24179
2024-08-09 01:05:11|3|211290740|0|Under way using engine|fastright|10.3|false|8.5671|53.536|179|183|10|0|Not available|false|1504
2024-08-09 01:05:13|1|211599340|0|Under way using engine|nan|0|true|8.5804|53.5364|230.7|511|12|0|Not available|true|33219
2024-08-09 01:05:13|1|211555420|3|Restricted manoeuverability|undefined|0|true|8.5777|53.5183|49.8|338|12|0|Not available|false|28180
2024-08-09 01:05:17|3|211540110|0|Under way using engine|undefined|0|false|8.5775|53.5365|244.7|236|16|0|Not available|false|20979
2024-08-09 01:05:17|1|211290740|0|Under way using engine|fastright|10.2|false|8.567|53.5357|183|189|16|0|Not available|false|66140
2024-08-09 01:05:19|1|211595610|0|Under way using engine|nan|0|true|8.5803|53.5366|218.7|511|19|0|Not available|true|98992
2024-08-09 01:05:21|3|211290740|0|Under way using engine|fastright|10.2|false|8.567|53.5355|186|193|20|0|Not available|false|7120
2024-08-09 01:05:27|1|211253400|15|Not defined|nan|0|false|8.5729|53.5454|0|511|22|0|Not available|false|49258
2024-08-09 01:05:27|1|211290740|0|Under way using engine|fastright|10.2|false|8.5669|53.5352|191|197|26|0|Not available|false|66515
2024-08-09 01:05:28|3|636092313|5|Moored|undefined|0|false|8.5831|53.5107|272.2|350|26|0|Not available|false|131072
2024-08-09 01:05:28|1|211228220|0|Under way using engine|undefined|0|true|8.578|53.525|344.6|344|28|0|Not available|false|28180
2024-08-09 01:05:30|1|211595610|0|Under way using engine|nan|0|true|8.5802|53.5365|220.9|511|29|0|Not available|true|99380
2024-08-09 01:05:31|3|211290740|0|Under way using engine|fastright|10.3|false|8.5668|53.5351|192|197|30|0|Not available|false|7440
2024-08-09 01:05:33|3|211290740|0|Under way using engine|undefined|10.3|false|8.5668|53.535|193|198|32|0|Not available|false|4624
2024-08-09 01:05:33|1|211599340|0|Under way using engine|nan|0|true|8.5804|53.5364|230.2|511|32|0|Not available|true|49329
2024-08-09 01:05:35|1|218709000|0|Under way using engine|undefined|0|true|8.5828|53.5382|143.5|54|32|0|Not available|false|82029
2024-08-09 01:05:36|1|211290740|0|Under way using engine|undefined|10.3|false|8.5667|53.5348|194|198|36|0|Not available|false|2311
2024-08-09 01:05:37|1|211233660|15|Not defined|undefined|0|false|8.5778|53.5366|235.9|228|34|0|Not available|false|82009
2024-08-09 01:05:38|1|211540110|0|Under way using engine|undefined|0|false|8.5775|53.5365|264.7|236|37|0|Not available|false|2254
2024-08-09 01:05:39|1|211595610|0|Under way using engine|nan|0|true|8.5802|53.5365|220.3|511|38|0|Not available|true|99714
2024-08-09 01:05:41|3|211290740|0|Under way using engine|undefined|10.3|false|8.5666|53.5346|194|198|40|0|Not available|false|8192
2024-08-09 01:05:42|5|211225920|0|DBLO|FRANZIUSPLATE|0|Not available|0|0|0|0|1|01-25T14:30Z|undefined|1|25|14|30|1.2|BREMERHAVEN|0
2024-08-09 01:05:43|1|211599340|0|Under way using engine|nan|0|true|8.5804|53.5364|232.1|511|42|0|Not available|true|82097
2024-08-09 01:05:43|3|211290740|0|Under way using engine|undefined|10.3|false|8.5666|53.5345|195|198|42|0|Not available|false|4672
2024-08-09 01:05:43|1|211536810|0|Under way using engine|undefined|0|true|8.578|53.5366|51.9|232|42|0|Not available|false|2229
2024-08-09 01:05:43|1|211555420|3|Restricted manoeuverability|undefined|0|true|8.5777|53.5183|49.8|338|43|0|Not available|false|67119
2024-08-09 01:05:46|1|211290740|0|Under way using engine|undefined|10.3|false|8.5665|53.5343|195|198|46|0|Not available|false|67238
2024-08-09 01:05:49|3|211411980|5|Moored|undefined|0|true|8.5823|53.5379|141.1|231|45|0|Not available|false|84650
2024-08-09 01:05:50|1|211595610|0|Under way using engine|nan|0|true|8.5803|53.5365|222.3|511|49|0|Not available|true|114867
2024-08-09 01:05:51|3|211290740|0|Under way using engine|undefined|10.4|false|8.5664|53.5342|195|197|50|0|Not available|false|8304
2024-08-09 01:05:52|5|211540110|0|DBLS|BURKANA|50|Pilot Vessel1|14|5|3|3|1|07-12T06:30Z|undefined|7|12|6|30|1.9|BREMERHAVEN|0
2024-08-09 01:05:58|1|211290740|0|Under way using engine|undefined|10.4|false|8.5663|53.5338|194|197|57|0|Not available|false|82121
2024-08-09 01:06:00|1|211595610|0|Under way using engine|nan|0|true|8.5802|53.5365|224.4|511|59|0|Not available|true|49331
2024-08-09 01:06:01|3|211658290|5|Moored|undefined|0|false|8.5784|53.5291|175.4|166|0|0|Not available|false|84138
2024-08-09 01:06:06|1|211290740|0|Under way using engine|undefined|10.4|false|8.5661|53.5334|194|196|6|0|Not available|false|82122
2024-08-09 01:06:08|1|211233660|15|Not defined|undefined|0|false|8.5777|53.5366|235.9|228|6|0|Not available|false|33037
2024-08-09 01:06:13|5|314543000|9014705|8PAZ8|WILSON BILBAO|79|Cargo - No additional information|71|17|7|6|1|08-07T08:00Z|undefined|8|7|8|0|5|DENHA|0
2024-08-09 01:06:13|1|211599340|0|Under way using engine|nan|0|true|8.5804|53.5364|229.5|511|12|0|Not available|true|28184
2024-08-09 01:06:13|1|211555420|3|Restricted manoeuverability|undefined|0|true|8.5777|53.5183|49.8|338|12|0|Not available|false|2269
2024-08-09 01:06:14|3|211718100|5|Moored|nan|0|true|8.5765|53.5306|360|511|12|0|Not available|true|109040
2024-08-09 01:06:17|1|211540110|0|Under way using engine|undefined|0|false|8.5775|53.5365|203.8|235|16|0|Not available|false|33368
2024-08-09 01:06:17|1|211290740|0|Under way using engine|undefined|10.4|false|8.5659|53.5329|194|195|16|0|Not available|false|49354
2024-08-09 01:06:19|1|211228220|0|Under way using engine|undefined|0|true|8.5781|53.525|344.6|344|18|0|Not available|false|98978
2024-08-09 01:06:19|1|211595610|0|Under way using engine|nan|0|true|8.5802|53.5365|223.9|511|19|0|Not available|true|82099
2024-08-09 01:06:20|3|211718100|5|Moored|nan|0|true|8.5765|53.5306|360|511|18|0|Not available|true|80794
2024-08-09 01:06:23|1|211599340|0|Under way using engine|nan|0|false|8.5804|53.5364|227.6|511|22|0|Not available|true|82097
2024-08-09 01:06:24|5|211172030|0|DF4369|LESMONA|55|Law Enforcement|11|5|3|2|1|07-09T21:00Z|undefined|7|9|21|0|1.4|DEBRV|0
2024-08-09 01:06:25|1|218709000|0|Under way using engine|undefined|0|true|8.5828|53.5382|323.4|53|21|0|Not available|false|49261
2024-08-09 01:06:27|3|211172020|5|Moored|undefined|0|true|8.577|53.5339|358.3|249|25|0|Not available|false|84234
2024-08-09 01:06:27|1|211290740|0|Under way using engine|undefined|10.4|false|8.5657|53.5324|194|196|26|0|Not available|false|49354
2024-08-09 01:06:29|1|211228220|0|Under way using engine|undefined|0|true|8.5781|53.525|344.6|344|28|0|Not available|false|2241
2024-08-09 01:06:30|1|211595610|0|Under way using engine|nan|0|true|8.5802|53.5365|225.6|511|29|0|Not available|true|82099
2024-08-09 01:06:31|18|211300110|0|false|8.5872|53.5348|360|511|29|false|458755
2024-08-09 01:06:31|1|211523490|0|Under way using engine|nan|0|true|8.5759|53.5173|360|511|29|0|Not available|true|49340
2024-08-09 01:06:33|1|211599340|0|Under way using engine|nan|0|true|8.5804|53.5364|225.1|511|32|0|Not available|true|33964
2024-08-09 01:06:37|1|211233660|15|Not defined|undefined|0|false|8.5778|53.5367|235.9|228|34|0|Not available|false|66868
2024-08-09 01:06:38|1|211540110|0|Under way using engine|undefined|0|false|8.5775|53.5365|225.7|234|37|0|Not available|false|99675
2024-08-09 01:06:39|1|211595610|0|Under way using engine|nan|0|true|8.5803|53.5365|225.6|511|38|0|Not available|true|82099
2024-08-09 01:06:43|3|211599340|0|Under way using engine|nan|0|true|8.5804|53.5364|222.9|511|42|0|Not available|true|27507
2024-08-09 01:06:45|1|218709000|0|Under way using engine|undefined|0|true|8.5828|53.5382|143.4|53|41|0|Not available|false|49261
2024-08-09 01:06:45|5|211235180|0|DBAC|HERMANN RUDOLF MEYER|51|Search and Rescue vessel|11|12|3|3|1|01-01T00:00Z|undefined|1|1|0|0|1.6||0
2024-08-09 01:06:46|5|211411980|9313187|DBHX|ZENIT|90|Other Type - all ships of this type|18|12|2|4|1|08-08T14:00Z|undefined|8|8|14|0|2.1|SURVEY OPS WESER|0
2024-08-09 01:06:47|1|211290740|0|Under way using engine|undefined|10.4|false|8.5653|53.5316|196|198|46|0|Not available|false|49356
2024-08-09 01:06:52|1|211555420|3|Restricted manoeuverability|undefined|0|true|8.5777|53.5183|49.8|338|51|0|Not available|false|28184
2024-08-09 01:06:55|1|218709000|0|Under way using engine|undefined|0|true|8.5828|53.5382|323.4|53|51|0|Not available|false|34778
2024-08-09 01:07:00|1|211595610|0|Under way using engine|nan|0|true|8.5802|53.5365|226.3|511|59|0|Not available|true|34959
2024-08-09 01:07:07|1|211290740|0|Under way using engine|undefined|10.5|false|8.5647|53.5306|199|200|6|0|Not available|false|65737
2024-08-09 01:07:07|1|211540110|0|Under way using engine|undefined|0|false|8.5775|53.5365|210.8|235|6|0|Not available|false|49267
2024-08-09 01:07:10|1|211523490|0|Under way using engine|nan|0|true|8.576|53.5173|360|511|8|0|Not available|true|65862
2024-08-09 01:07:14|1|218709000|0|Under way using engine|undefined|0|true|8.5828|53.5382|143.4|53|11|0|Not available|false|2239
2024-08-09 01:07:17|1|211290740|0|Under way using engine|undefined|10.5|false|8.5645|53.5301|198|198|16|0|Not available|false|33372
2024-08-09 01:07:17|5|218709000|9502233|DBJC|ALTE WESER|55|Law Enforcement|9|24|3|3|1|08-06T15:00Z|undefined|8|6|15|0|1.8|PATROL|0
2024-08-09 01:07:19|5|218709000|9502233|DBJC|ALTE WESER|55|Law Enforcement|9|24|3|3|1|08-06T15:00Z|undefined|8|6|15|0|1.8|PATROL|0
2024-08-09 01:07:19|1|211228220|0|Under way using engine|undefined|0|true|8.578|53.525|344.6|344|18|0|Not available|false|82058
2024-08-09 01:07:23|1|211555420|3|Restricted manoeuverability|undefined|0|true|8.5777|53.5183|49.8|338|22|0|Not available|false|33592
2024-08-09 01:07:24|24|211300110|B|B|37|Pleasure Craft|DD6026|null|AMC   B|8|133152|6|0|0|3
2024-08-09 01:07:27|3|211264470|5|Moored|nan|0|false|8.571|53.548|360|511|26|0|Not available|false|84794
2024-08-09 01:07:28|1|211233660|15|Not defined|undefined|0|false|8.5778|53.5366|235.9|228|25|0|Not available|false|2225
2024-08-09 01:07:28|5|211599340|0|DC4779|NORDENHAM|60|Passenger - all ships of this type|30|30|7|7|0|01-05T00:00Z|undefined|1|5|0|0|2.5|BREMERHAVEN-NORDENAM|0
2024-08-09 01:07:30|5|211225940|9031208|DBMN|TIDE|55|Law Enforcement|8|23|6|1|1|00-00T24:60Z|undefined|0|0|24|60|2.3|BRV|0
2024-08-09 01:07:30|1|211595610|0|Under way using engine|nan|0|true|8.5802|53.5365|225.8|511|29|0|Not available|true|66612
2024-08-09 01:07:32|3|211225940|5|Moored|undefined|0|false|8.58|53.537|203.2|237|30|0|Not available|false|84634
2024-08-09 01:07:33|1|211599340|0|Under way using engine|nan|0|true|8.5804|53.5364|228.3|511|32|0|Not available|true|28188
2024-08-09 01:07:35|3|314543000|1|At anchor|undefined|0.1|false|8.5615|53.5223|264.9|60|33|0|Not available|false|84602
2024-08-09 01:07:36|1|218709000|0|Under way using engine|undefined|0|true|8.5828|53.5382|323.4|53|32|0|Not available|false|49262
2024-08-09 01:07:37|1|211233660|15|Not defined|undefined|0|false|8.5778|53.5366|235.9|228|34|0|Not available|false|49242
2024-08-09 01:07:38|1|211290740|0|Under way using engine|fastright|10.4|false|8.5639|53.5292|207|214|37|0|Not available|false|99687
2024-08-09 01:07:39|1|211595610|0|Under way using engine|nan|0|true|8.5802|53.5365|225.6|511|38|0|Not available|true|66946
2024-08-09 01:07:41|3|211290740|0|Under way using engine|fastright|10.4|false|8.5637|53.5291|208|216|40|0|Not available|false|8240
2024-08-09 01:07:43|1|211599340|0|Under way using engine|nan|0|false|8.5803|53.5365|229.1|511|42|0|Not available|true|49327
2024-08-09 01:07:44|3|211290740|0|Under way using engine|fastright|10.4|false|8.5636|53.529|210|217|43|0|Not available|false|3680
2024-08-09 01:07:45|1|218709000|0|Under way using engine|undefined|0|true|8.5828|53.5382|323.4|53|41|0|Not available|false|34407
2024-08-09 01:07:48|1|211233660|15|Not defined|undefined|0|false|8.5778|53.5366|235.9|228|45|0|Not available|false|82010
2024-08-09 01:07:50|1|211595610|0|Under way using engine|nan|0|true|8.5802|53.5365|223.7|511|49|0|Not available|true|82100
2024-08-09 01:07:50|3|211290740|0|Under way using engine|undefined|10.5|false|8.5633|53.5287|212|217|49|0|Not available|false|8560
2024-08-09 01:07:51|3|211386490|5|Moored|undefined|0|false|8.5819|53.5377|42|237|50|0|Not available|false|83818
2024-08-09 01:07:54|3|211172030|5|Moored|undefined|0|true|8.5769|53.534|223.9|249|52|0|Not available|false|84218
2024-08-09 01:07:55|1|218709000|0|Under way using engine|undefined|0|true|8.5828|53.5382|143.4|53|51|0|Not available|false|28188
2024-08-09 01:07:57|1|211540110|0|Under way using engine|undefined|0|false|8.5775|53.5365|200.9|235|56|0|Not available|false|28188
2024-08-09 01:07:57|1|211290740|0|Under way using engine|nan|10.5|false|8.563|53.5284|213|215|57|0|Not available|false|49360
2024-08-09 01:08:00|1|211595610|0|Under way using engine|nan|0|true|8.5802|53.5365|221.9|511|59|0|Not available|true|28188
2024-08-09 01:08:03|1|211599340|0|Under way using engine|nan|0|true|8.5804|53.5365|230|511|2|0|Not available|true|28192
2024-08-09 01:08:03|1|211555420|3|Restricted manoeuverability|undefined|0|true|8.5777|53.5183|49.8|339|2|0|Not available|false|2268
2024-08-09 01:08:07|1|211290740|0|Under way using engine|nan|10.5|false|8.5626|53.5281|211|211|6|0|Not available|false|49360
2024-08-09 01:08:09|1|211228220|0|Under way using engine|undefined|0|true|8.5781|53.525|344.6|344|8|0|Not available|false|28192
2024-08-09 01:08:09|1|211595610|0|Under way using engine|nan|0|true|8.5802|53.5365|221.2|511|8|0|Not available|true|49332
2024-08-09 01:08:10|1|211523490|0|Under way using engine|nan|0|true|8.5759|53.5173|360|511|8|0|Not available|true|49334
2024-08-09 01:08:10|3|211630370|5|Moored|nan|0|false|8.5742|53.5231|248.5|180|10|0|Not available|false|87722
2024-08-09 01:08:12|1|211599340|0|Under way using engine|nan|0|true|8.5804|53.5365|232.5|511|11|0|Not available|true|98720
2024-08-09 01:08:14|1|218709000|0|Under way using engine|undefined|0|true|8.5828|53.5382|323.4|53|10|0|Not available|false|98793
2024-08-09 01:08:17|1|211290740|0|Under way using engine|undefined|10.5|false|8.5622|53.5276|210|211|16|0|Not available|false|28192
2024-08-09 01:08:20|18|211729870|0|true|8.5733|53.5443|360|511|18|true|458755
2024-08-09 01:08:21|24|211816240|A|A|LOTHLORIEN
2024-08-09 01:08:23|1|211599340|0|Under way using engine|nan|0|true|8.5804|53.5364|233.5|511|22|0|Not available|true|49327
2024-08-09 01:08:23|1|211555420|3|Restricted manoeuverability|undefined|0|true|8.5777|53.5183|49.8|339|22|0|Not available|false|28192
2024-08-09 01:08:25|1|218709000|0|Under way using engine|undefined|0|true|8.5828|53.5382|143.4|53|21|0|Not available|false|28192
2024-08-09 01:08:27|1|211540110|0|Under way using engine|undefined|0|false|8.5775|53.5365|204.4|234|26|0|Not available|false|33738
2024-08-09 01:08:27|1|211233660|15|Not defined|undefined|0|false|8.5777|53.5366|235.9|228|25|0|Not available|false|99282
2024-08-09 01:08:28|1|211228220|0|Under way using engine|undefined|0|true|8.5781|53.525|344.6|344|28|0|Not available|false|33788
2024-08-09 01:08:34|3|211706840|5|Moored|undefined|0|false|8.5769|53.5313|217.2|92|33|0|Not available|false|84890
2024-08-09 01:08:34|3|211290740|0|Under way using engine|fastright|10.5|false|8.5614|53.5269|214|218|33|0|Not available|false|3216
2024-08-09 01:08:34|3|211290740|0|Under way using engine|fastright|10.5|false|8.5614|53.5269|214|218|34|0|Not available|false|5520
2024-08-09 01:08:39|1|211595610|0|Under way using engine|nan|0|true|8.5802|53.5364|221.9|511|38|0|Not available|true|49332
2024-08-09 01:08:40|3|211290740|0|Under way using engine|fastright|10.4|false|8.5612|53.5267|217|221|39|0|Not available|false|8576
2024-08-09 01:08:44|3|211290740|0|Under way using engine|fastright|10.4|false|8.5609|53.5266|219|224|43|0|Not available|false|4576
2024-08-09 01:08:45|1|218709000|0|Under way using engine|undefined|0|true|8.5828|53.5382|149.4|53|41|0|Not available|false|28192
2024-08-09 01:08:50|1|211595610|0|Under way using engine|nan|0|true|8.5802|53.5365|224.2|511|49|0|Not available|true|67369
2024-08-09 01:08:55|1|218709000|0|Under way using engine|undefined|0|true|8.5828|53.5382|323.4|53|50|0|Not available|false|2275
2024-08-09 01:08:55|3|255801580|5|Moored|undefined|0|true|8.5671|53.5655|215.3|195|53|0|Not available|false|89306
2024-08-09 01:08:57|1|211540110|0|Under way using engine|undefined|0|false|8.5775|53.5365|255.6|235|56|0|Not available|false|2254
2024-08-09 01:08:58|3|211658290|5|Moored|undefined|0|false|8.5784|53.5291|175.4|166|57|0|Not available|false|85674
2024-08-09 01:09:00|1|211595610|0|Under way using engine|nan|0|true|8.5802|53.5365|224.7|511|59|0|Not available|true|2236
2024-08-09 01:09:04|3|211290740|0|Under way using engine|undefined|10.4|false|8.5598|53.5259|225|228|3|0|Not available|false|4096
2024-08-09 01:09:11|3|211290740|0|Under way using engine|undefined|10.4|false|8.5594|53.5256|225|227|10|0|Not available|false|8224
2024-08-09 01:09:14|1|211555420|3|Restricted manoeuverability|undefined|0|true|8.5777|53.5183|49.8|339|13|0|Not available|false|66009
2024-08-09 01:09:14|1|218709000|0|Under way using engine|undefined|0|true|8.5828|53.5382|143.4|53|11|0|Not available|false|82030
2024-08-09 01:09:16|1|211540110|0|Under way using engine|undefined|0|false|8.5775|53.5365|230.5|235|15|0|Not available|false|98858
2024-08-09 01:09:16|3|256800000|5|Moored|undefined|0|true|8.5408|53.5725|56.1|151|13|0|Not available|false|83978
2024-08-09 01:09:17|1|211290740|0|Under way using engine|undefined|10.4|false|8.559|53.5254|225|227|16|0|Not available|false|2277
2024-08-09 01:09:20|1|211595610|0|Under way using engine|nan|0|true|8.5802|53.5365|225.8|511|19|0|Not available|true|33456
2024-08-09 01:09:23|1|211599340|0|Under way using engine|nan|0|true|8.5804|53.5364|231.9|511|22|0|Not available|true|33581
2024-08-09 01:09:25|1|218709000|0|Under way using engine|undefined|0|true|8.5828|53.5382|143.3|53|21|0|Not available|false|2244
2024-08-09 01:09:25|1|211253400|15|Not defined|nan|0|false|8.5729|53.5454|0|511|20|0|Not available|false|49250
2024-08-09 01:09:27|3|211112160|5|Moored|nan|0|true|8.5841|53.5222|360|511|25|0|Not available|true|85514
2024-08-09 01:09:27|1|211233660|15|Not defined|undefined|0|false|8.5778|53.5366|235.9|228|24|0|Not available|false|82031
2024-08-09 01:09:28|1|211228220|0|Under way using engine|undefined|0|true|8.578|53.525|344.6|344|28|0|Not available|false|28196
2024-08-09 01:09:33|1|211599340|0|Under way using engine|nan|0|false|8.5804|53.5364|231|511|32|0|Not available|true|82095
2024-08-09 01:09:36|1|218709000|0|Under way using engine|undefined|0|true|8.5828|53.5382|143.3|53|32|0|Not available|false|28196
2024-08-09 01:09:36|3|253743000|1|At anchor|undefined|0|true|8.5505|53.5175|3.7|88|34|0|Not available|true|84874
2024-08-09 01:09:37|3|211233660|15|Not defined|undefined|0|false|8.5777|53.5366|235.9|228|34|0|Not available|false|27523
2024-08-09 01:09:43|1|211599340|0|Under way using engine|nan|0|false|8.5803|53.5364|233.8|511|42|0|Not available|true|28196
2024-08-09 01:09:47|1|211290740|0|Under way using engine|undefined|10.4|false|8.5572|53.5245|229|229|46|0|Not available|false|2255
2024-08-09 01:09:50|1|211595610|0|Under way using engine|nan|0|true|8.5802|53.5365|228.7|511|49|0|Not available|true|49333
2024-08-09 01:09:52|1|211555420|3|Restricted manoeuverability|undefined|0|true|8.5777|53.5183|49.8|339|51|0|Not available|false|34684
2024-08-09 01:09:58|1|211290740|0|Under way using engine|fastright|10.4|false|8.5566|53.5242|231|234|57|0|Not available|false|28196
2024-08-09 01:10:02|1|211599340|0|Under way using engine|nan|0|false|8.5803|53.5364|236.6|511|1|0|Not available|true|98339
2024-08-09 01:10:04|1|211536810|0|Under way using engine|undefined|0|true|8.578|53.5367|51.9|233|3|0|Not available|false|65622
2024-08-09 01:10:05|1|218709000|0|Under way using engine|undefined|0|true|8.5828|53.5382|143.3|53|1|0|Not available|false|82031
2024-08-09 01:10:06|1|211253400|15|Not defined|nan|0|false|8.5729|53.5454|0|511|1|0|Not available|false|32939
2024-08-09 01:10:10|1|211523490|0|Under way using engine|nan|0|true|8.576|53.5173|360|511|8|0|Not available|true|28200
2024-08-09 01:10:16|5|211630370|7725453|DHVE2|LEV TORNADO|99|Other Type - no additional information|24|24|5|4|1|01-15T09:00Z|undefined|1|15|9|0|3.5|BREMERHAVEN|0
2024-08-09 01:10:18|3|211885430|5|Moored|undefined|0|false|8.5836|53.5086|355.1|172|14|0|Not available|false|84922
2024-08-09 01:10:18|5|211718100|0|DK8884|GREENPORTS 1|79|Cargo - No additional information|56|15|5|6|0|09-16T23:00Z|undefined|9|16|23|0|2|BREMERHAVEN|0
2024-08-09 01:10:20|1|211595610|0|Under way using engine|nan|0|true|8.5803|53.5365|229.7|511|19|0|Not available|true|28200
2024-08-09 01:10:23|1|211599340|0|Under way using engine|nan|0|false|8.5803|53.5364|237|511|22|0|Not available|true|28200
2024-08-09 01:10:24|1|211536810|0|Under way using engine|fastright|0.2|true|8.578|53.5367|51.9|233|23|0|Not available|false|2280
2024-08-09 01:10:25|1|218709000|0|Under way using engine|undefined|0|true|8.5828|53.5382|323.3|53|20|0|Not available|false|49263
2024-08-09 01:10:27|1|211290740|0|Under way using engine|undefined|10.3|false|8.5547|53.5233|235|238|26|0|Not available|false|49366
2024-08-09 01:10:27|1|211233660|15|Not defined|undefined|0|false|8.5778|53.5366|235.9|228|25|0|Not available|false|66514
2024-08-09 01:10:28|1|211228220|0|Under way using engine|undefined|0|true|8.578|53.525|344.6|344|28|0|Not available|false|2275
2024-08-09 01:10:30|3|241906000|5|Moored|undefined|0|false|8.567|53.5518|265.5|351|29|0|Not available|false|85498
2024-08-09 01:10:31|1|211523490|0|Under way using engine|nan|0|true|8.576|53.5173|360|511|29|0|Not available|true|114872
2024-08-09 01:10:34|1|211555420|3|Restricted manoeuverability|undefined|0|true|8.5777|53.5183|49.8|338|33|0|Not available|false|28200
2024-08-09 01:10:36|1|218709000|0|Under way using engine|undefined|0|true|8.5828|53.5382|143.3|53|31|0|Not available|false|2247
2024-08-09 01:10:36|24|211598800|A|A|LIST - SUNRISE
2024-08-09 01:10:37|1|211233660|15|Not defined|undefined|0|false|8.5777|53.5366|235.9|228|34|0|Not available|false|2298
2024-08-09 01:10:38|1|211540110|0|Under way using engine|undefined|0|false|8.5774|53.5365|207.3|234|37|0|Not available|false|34139
2024-08-09 01:10:38|1|211290740|0|Under way using engine|undefined|10.3|false|8.554|53.523|233|235|37|0|Not available|false|49366
2024-08-09 01:10:43|1|211536810|0|Under way using engine|fastright|0.3|true|8.5779|53.5366|216.4|237|42|0|Not available|false|49263
2024-08-09 01:10:43|3|211386490|5|Moored|undefined|0|false|8.5819|53.5377|42|237|42|0|Not available|false|88074
2024-08-09 01:10:44|1|218709000|0|Under way using engine|undefined|0|true|8.5828|53.5382|143.3|53|41|0|Not available|false|99910
2024-08-09 01:10:45|1|211253400|15|Not defined|nan|0|false|8.5729|53.5454|0|511|40|0|Not available|false|34415
2024-08-09 01:10:48|1|211233660|15|Not defined|undefined|0|false|8.5777|53.5366|235.9|228|45|0|Not available|false|34514
2024-08-09 01:10:53|1|211599340|0|Under way using engine|nan|0|true|8.5804|53.5364|238.5|511|53|0|Not available|true|2198
2024-08-09 01:10:54|1|211536810|0|Under way using engine|fastright|0.6|true|8.5779|53.5366|76.9|243|53|0|Not available|false|2256
2024-08-09 01:10:54|18|211816240|0|true|8.5827|53.534|360|511|52|true|304605
2024-08-09 01:10:58|1|211233660|15|Not defined|undefined|0|false|8.5777|53.5366|235.9|228|56|0|Not available|false|2205
2024-08-09 01:10:59|3|211536810|0|Under way using engine|fastright|1.2|true|8.578|53.5366|76.5|248|58|0|Not available|false|6304
2024-08-09 01:10:59|3|211595610|0|Under way using engine|nan|0|true|8.5802|53.5365|228.7|511|58|0|Not available|true|30339
2024-08-09 01:11:00|3|211536810|0|Under way using engine|fastright|1.3|true|8.578|53.5366|79.8|251|59|0|Not available|false|4064
2024-08-09 01:11:02|1|211599340|0|Under way using engine|nan|0|true|8.5804|53.5364|238.7|511|1|0|Not available|true|82096
2024-08-09 01:11:05|1|218709000|0|Under way using engine|undefined|0|true|8.5828|53.5382|323.3|53|1|0|Not available|false|65672
2024-08-09 01:11:06|3|211540110|0|Under way using engine|undefined|0|false|8.5774|53.5365|214.8|235|5|0|Not available|false|25779
2024-08-09 01:11:07|3|211536810|0|Under way using engine|nan|2.1|true|8.5781|53.5366|68.5|252|6|0|Not available|false|7728
2024-08-09 01:11:07|1|211233660|15|Not defined|undefined|0|false|8.5778|53.5366|235.9|228|5|0|Not available|false|82026
2024-08-09 01:11:09|1|211595610|0|Under way using engine|nan|0|true|8.5802|53.5365|228.3|511|8|0|Not available|true|2267
2024-08-09 01:11:12|1|211599340|0|Under way using engine|nan|0|true|8.5804|53.5364|239.8|511|11|0|Not available|true|49328
2024-08-09 01:11:14|1|211555420|3|Restricted manoeuverability|undefined|0|true|8.5777|53.5183|49.8|338|13|0|Not available|false|33241
2024-08-09 01:11:14|1|218709000|0|Under way using engine|undefined|0|true|8.5828|53.5382|143.3|53|10|0|Not available|false|49262
2024-08-09 01:11:14|1|211536810|0|Under way using engine|nan|0.3|true|8.5781|53.5367|272|237|14|0|Not available|false|98800
2024-08-09 01:11:16|1|211540110|0|Under way using engine|undefined|0|false|8.5774|53.5365|225|236|15|0|Not available|false|66090
2024-08-09 01:11:19|3|211630370|5|Moored|nan|0|false|8.5742|53.5231|248.5|180|18|0|Not available|false|85466
2024-08-09 01:11:20|3|211536810|0|Under way using engine|nan|2.7|true|8.5781|53.5366|243.4|230|19|0|Not available|false|4928
2024-08-09 01:11:23|1|211599340|0|Under way using engine|nan|0|false|8.5803|53.5364|241.3|511|22|0|Not available|true|2252
2024-08-09 01:11:27|1|211540110|0|Under way using engine|undefined|0|false|8.5774|53.5365|218.1|236|26|0|Not available|false|82035
2024-08-09 01:11:27|1|211233660|15|Not defined|undefined|0|false|8.5778|53.5366|235.9|228|25|0|Not available|false|49263
2024-08-09 01:11:28|3|211536810|0|Under way using engine|nan|6|true|8.5779|53.5365|225.6|221|27|0|Not available|false|7920
2024-08-09 01:11:31|3|211536810|0|Under way using engine|nan|6.7|true|8.5778|53.5365|223.5|220|30|0|Not available|false|3520
2024-08-09 01:11:33|1|211536810|0|Under way using engine|nan|7.1|true|8.5777|53.5364|222.5|219|32|0|Not available|false|114798
2024-08-09 01:11:34|1|211555420|3|Restricted manoeuverability|undefined|0|true|8.5777|53.5183|49.8|338|33|0|Not available|false|2257
2024-08-09 01:11:36|1|218709000|0|Under way using engine|undefined|0|true|8.5828|53.5382|323.3|53|31|0|Not available|false|49261
2024-08-09 01:11:37|3|211536810|0|Under way using engine|undefined|7.8|true|8.5775|53.5363|221.1|219|36|0|Not available|false|8720
2024-08-09 01:11:38|1|211233660|15|Not defined|undefined|0|false|8.5778|53.5366|235.9|228|35|0|Not available|false|66916
2024-08-09 01:11:39|1|211595610|0|Under way using engine|nan|0|true|8.5802|53.5365|225.7|511|38|0|Not available|true|2295
2024-08-09 01:11:43|5|211225920|0|DBLO|FRANZIUSPLATE|0|Not available|0|0|0|0|1|01-25T14:30Z|undefined|1|25|14|30|1.2|BREMERHAVEN|0
2024-08-09 01:11:43|1|211599340|0|Under way using engine|nan|0|true|8.5804|53.5364|239.4|511|42|0|Not available|true|82096
2024-08-09 01:11:44|5|211658290|0|DBFF|ALBATROS|52|Tug|3|13|4|2|1|10-30T14:00Z|undefined|10|30|14|0|2|BREMERHAVEN|0
2024-08-09 01:11:44|1|218709000|0|Under way using engine|undefined|0|true|8.5828|53.5382|143.3|53|40|0|Not available|false|82030
2024-08-09 01:11:45|1|211253400|15|Not defined|nan|0|false|8.5729|53.5454|0|511|41|0|Not available|false|28204
2024-08-09 01:11:49|3|211411980|5|Moored|undefined|0|true|8.5823|53.5379|321.1|231|44|0|Not available|false|84890
2024-08-09 01:11:49|5|211540110|0|DBLS|BURKANA|50|Pilot Vessel1|14|5|3|3|1|07-12T06:30Z|undefined|7|12|6|30|1.9|BREMERHAVEN|0
2024-08-09 01:11:50|5|211595610|0|DC4782|BREMERHAVEN|60|Passenger - all ships of this type|30|30|7|7|0|12-31T23:20Z|undefined|12|31|23|20|2.7|BREMERHAFEN-BLEXEN|0
2024-08-09 01:11:50|1|211595610|0|Under way using engine|nan|0|true|8.5802|53.5365|224.9|511|49|0|Not available|true|28204
2024-08-09 01:11:52|1|211599340|0|Under way using engine|nan|0|false|8.5803|53.5364|240.6|511|51|0|Not available|true|82096
2024-08-09 01:11:59|3|211658290|5|Moored|undefined|0|false|8.5784|53.5291|175.4|166|58|0|Not available|false|84138
2024-08-09 01:12:00|3|211536810|0|Under way using engine|fastright|8.3|true|8.5764|53.5357|234.7|241|59|0|Not available|false|4704
2024-08-09 01:12:05|1|218709000|0|Under way using engine|undefined|0|true|8.5828|53.5382|323.3|53|1|0|Not available|false|49262
2024-08-09 01:12:08|3|211536810|0|Under way using engine|fastright|8.3|true|8.576|53.5355|243.1|245|7|0|Not available|false|7392
2024-08-09 01:12:09|1|211228220|0|Under way using engine|undefined|0|true|8.578|53.525|344.6|344|8|0|Not available|false|49289
2024-08-09 01:12:10|1|211595610|0|Under way using engine|nan|0|false|8.5801|53.5365|224|511|9|0|Not available|true|114871
2024-08-09 01:12:10|3|211536810|0|Under way using engine|nan|8.3|true|8.5759|53.5355|245.4|245|9|0|Not available|false|4544
2024-08-09 01:12:13|3|211718100|5|Moored|nan|0|true|8.5765|53.5307|360|511|11|0|Not available|true|85946
2024-08-09 01:12:14|1|218709000|0|Under way using engine|undefined|0|true|8.5828|53.5382|143.3|53|10|0|Not available|false|33257
2024-08-09 01:12:16|1|211626110|3|Restricted manoeuverability|undefined|0|false|8.5529|53.5236|25.4|234|14|0|Not available|false|28208
2024-08-09 01:12:16|1|211540110|0|Under way using engine|undefined|0|false|8.5774|53.5365|226.6|235|15|0|Not available|false|49268
2024-08-09 01:12:20|1|211595610|0|Under way using engine|nan|0|false|8.5802|53.5365|224.5|511|19|0|Not available|true|66240
2024-08-09 01:12:23|1|211599340|0|Under way using engine|nan|0|true|8.5803|53.5364|236.5|511|22|0|Not available|true|99119
2024-08-09 01:12:25|1|211536810|0|Under way using engine|fastright|8.7|true|8.575|53.5352|240.8|247|24|0|Not available|false|82040
2024-08-09 01:12:27|3|211536810|0|Under way using engine|fastright|9.8|true|8.5749|53.5352|241.8|249|26|0|Not available|false|8752
2024-08-09 01:12:29|1|211595610|0|Under way using engine|nan|0|false|8.5802|53.5365|225.9|511|28|0|Not available|true|99343
2024-08-09 01:12:29|1|211228220|0|Under way using engine|undefined|0|true|8.578|53.525|344.6|344|28|0|Not available|false|82056
2024-08-09 01:12:31|5|211172020|0|DF4368|VISURA|55|Law Enforcement|10|6|3|2|1|01-01T00:00Z|undefined|1|1|0|0|1.4|PATROL WESER|0
2024-08-09 01:12:33|1|211599340|0|Under way using engine|nan|0|true|8.5804|53.5364|236.9|511|32|0|Not available|true|33949
2024-08-09 01:12:36|1|218709000|0|Under way using engine|undefined|0|true|8.5828|53.5382|323.3|53|32|0|Not available|false|34055
2024-08-09 01:12:37|3|253743000|1|At anchor|undefined|0.2|true|8.5505|53.5174|181.1|89|35|0|Not available|true|84922
2024-08-09 01:12:38|1|211540110|0|Under way using engine|undefined|0|false|8.5774|53.5365|333.9|234|37|0|Not available|false|2194
2024-08-09 01:12:38|3|211536810|0|Under way using engine|fastright|14.2|true|8.574|53.535|259|271|37|0|Not available|false|3424
2024-08-09 01:12:40|1|211595610|0|Under way using engine|nan|0|true|8.5802|53.5365|227.4|511|39|0|Not available|true|82104
2024-08-09 01:12:42|3|211536810|0|Under way using engine|fastright|17.6|true|8.5735|53.535|272.5|285|41|0|Not available|false|4816
2024-08-09 01:12:43|1|211536810|0|Under way using engine|fastright|18.3|true|8.5733|53.535|275.9|290|42|0|Not available|false|0
2024-08-09 01:12:44|3|211536810|0|Under way using engine|fastright|19.1|true|8.5732|53.535|280.1|294|43|0|Not available|false|7425
2024-08-09 01:12:44|1|218709000|0|Under way using engine|undefined|0|true|8.5828|53.5382|323.3|53|40|0|Not available|false|67142
2024-08-09 01:12:56|3|211536810|0|Under way using engine|fastright|24.2|true|8.5715|53.5357|316.6|323|55|0|Not available|false|2144
2024-08-09 01:12:59|1|211595610|0|Under way using engine|nan|0|true|8.5802|53.5365|226.5|511|58|0|Not available|true|34945
2024-08-09 01:13:00|3|211536810|0|Under way using engine|fastright|24.8|true|8.571|53.536|322|324|59|0|Not available|false|2433
2024-08-09 01:13:02|3|211536810|0|Under way using engine|fastright|25|true|8.5708|53.5362|321.9|325|1|0|Not available|false|2449
2024-08-09 01:13:02|1|211536810|0|Under way using engine|fastright|25|true|8.5708|53.5362|321.9|325|1|0|Not available|false|0
2024-08-09 01:13:05|1|211253400|15|Not defined|nan|0|false|8.5729|53.5454|0|511|1|0|Not available|false|114780
2024-08-09 01:13:06|1|211540110|0|Under way using engine|undefined|0|false|8.5775|53.5365|268.2|235|5|0|Not available|false|28212
2024-08-09 01:13:08|3|211536810|0|Under way using engine|nan|25.8|true|8.5701|53.5368|324.1|325|7|0|Not available|false|2273
2024-08-09 01:13:10|1|211595610|0|Under way using engine|nan|0|true|8.5802|53.5365|226.7|511|9|0|Not available|true|98626
2024-08-09 01:13:12|3|211536810|0|Under way using engine|fastright|26.9|true|8.5696|53.5372|323.6|325|11|0|Not available|false|2497
2024-08-09 01:13:14|1|218709000|0|Under way using engine|undefined|0|true|8.5828|53.5382|323.3|53|10|0|Not available|false|28212
2024-08-09 01:13:15|1|211536810|0|Under way using engine|fastright|27.4|true|8.5692|53.5375|323.3|325|14|0|Not available|false|0
2024-08-09 01:13:16|3|211536810|0|Under way using engine|fastright|27.5|true|8.5691|53.5376|323.3|325|15|0|Not available|false|2465
2024-08-09 01:13:16|1|211540110|0|Under way using engine|undefined|0|false|8.5775|53.5365|206.8|235|15|0|Not available|false|33322
2024-08-09 01:13:18|3|211536810|0|Under way using engine|nan|27.5|true|8.5688|53.5378|323.7|326|17|0|Not available|false|2369
2024-08-09 01:13:19|5|210525000|9466233|5BCL6|HILDA B|70|Cargo - all ships of this type|75|13|4|9|1|04-25T08:00Z|undefined|4|25|8|0|4|DEBRE|0
2024-08-09 01:13:20|1|211595610|0|Under way using engine|nan|0|true|8.5802|53.5365|225|511|19|0|Not available|true|49338
2024-08-09 01:13:23|24|211300110|B|B|37|Pleasure Craft|DD6026|null|AMC   B|8|133152|6|0|0|3
2024-08-09 01:13:24|3|211536810|0|Under way using engine|fastright|27.4|true|8.5681|53.5384|325.6|328|23|0|Not available|false|2481
2024-08-09 01:13:25|1|211536810|0|Under way using engine|fastright|27.4|true|8.568|53.5385|326.4|328|24|0|Not available|false|0
2024-08-09 01:13:26|3|211536810|0|Under way using engine|nan|27.4|true|8.5678|53.5386|327|328|25|0|Not available|false|2289
2024-08-09 01:13:27|1|211540110|0|Under way using engine|undefined|0|false|8.5774|53.5365|234.4|235|26|0|Not available|false|49268
2024-08-09 01:13:27|1|211233660|15|Not defined|undefined|0|false|8.5778|53.5366|235.9|228|25|0|Not available|false|28212
2024-08-09 01:13:29|1|211595610|0|Under way using engine|nan|0|true|8.5802|53.5365|225.5|511|28|0|Not available|true|82106
2024-08-09 01:13:29|1|211228220|0|Under way using engine|undefined|0|true|8.578|53.525|344.6|344|28|0|Not available|false|66581
2024-08-09 01:13:30|5|211225940|9031208|DBMN|TIDE|55|Law Enforcement|8|23|6|1|1|00-00T24:60Z|undefined|0|0|24|60|2.3|BRV|0
2024-08-09 01:13:32|3|211536810|0|Under way using engine|nan|27.3|true|8.5672|53.5392|327.5|328|31|0|Not available|false|2337
2024-08-09 01:13:32|5|211599340|0|DC4779|NORDENHAM|60|Passenger - all ships of this type|30|30|7|7|0|01-05T00:00Z|undefined|1|5|0|0|2.5|BREMERHAVEN-NORDENAM|0
2024-08-09 01:13:33|1|211536810|0|Under way using engine|fastright|27.3|true|8.5671|53.5393|327.4|328|32|0|Not available|false|0
2024-08-09 01:13:36|3|211536810|0|Under way using engine|nan|27.3|true|8.5667|53.5397|328|329|35|0|Not available|false|2433
2024-08-09 01:13:38|3|211536810|0|Under way using engine|undefined|27.3|true|8.5665|53.5399|327.9|329|37|0|Not available|false|2545
2024-08-09 01:13:39|1|211228220|0|Under way using engine|undefined|0|true|8.5781|53.525|344.6|344|38|0|Not available|false|66943
2024-08-09 01:13:48|3|211536810|0|Under way using engine|undefined|25.9|true|8.5654|53.5409|327.5|328|47|0|Not available|false|2449
2024-08-09 01:13:48|1|211540110|0|Under way using engine|undefined|0|false|8.5774|53.5364|216.6|236|47|0|Not available|false|34519
2024-08-09 01:13:48|1|211233660|15|Not defined|undefined|0|false|8.5778|53.5366|235.9|228|46|0|Not available|false|100067
2024-08-09 01:13:49|1|211228220|0|Under way using engine|undefined|0|true|8.5781|53.525|344.6|344|48|0|Not available|false|34545
2024-08-09 01:13:49|3|211386490|5|Moored|undefined|0|false|8.5819|53.5377|42|237|48|0|Not available|false|86026
2024-08-09 01:13:50|1|211536810|0|Under way using engine|fastright|25|true|8.5652|53.5411|327.3|328|49|0|Not available|false|0
2024-08-09 01:13:50|1|211536810|0|Under way using engine|fastright|25|true|8.5652|53.5411|327.3|328|49|0|Not available|false|82043
2024-08-09 01:13:53|3|210525000|5|Moored|undefined|0|false|8.576|53.5231|278.5|182|51|0|Not available|false|0
2024-08-09 01:13:53|3|211172030|5|Moored|undefined|0|true|8.5768|53.534|120.7|249|51|0|Not available|false|85626
2024-08-09 01:13:54|1|218709000|0|Under way using engine|undefined|0|true|8.5828|53.5382|323.3|53|50|0|Not available|false|100291
2024-08-09 01:13:55|3|211290740|0|Under way using engine|nan|10.3|false|8.5413|53.5175|235|234|54|0|Not available|false|3984
2024-08-09 01:13:57|1|211233660|15|Not defined|undefined|0|false|8.5778|53.5366|235.9|228|55|0|Not available|false|34869
2024-08-09 01:13:58|5|211220910|0|DA2604|KS 6|70|Cargo - all ships of this type|52|8|5|5|0|00-00T24:60Z|undefined|0|0|24|60|1.2|BHV - RSS - BHV|0
2024-08-09 01:13:59|1|211595610|0|Under way using engine|nan|0|true|8.5802|53.5365|224.9|511|58|0|Not available|true|28212
2024-08-09 01:14:02|1|211536810|0|Under way using engine|fastright|24.3|true|8.564|53.5423|329.4|331|1|0|Not available|false|65559
2024-08-09 01:14:02|1|211599340|0|Under way using engine|nan|0|true|8.5803|53.5364|240|511|1|0|Not available|true|32803
2024-08-09 01:14:04|3|211290740|0|Under way using engine|nan|10.3|false|8.5408|53.5173|232|230|3|0|Not available|false|4528
2024-08-09 01:14:05|1|211253400|15|Not defined|nan|0|false|8.5729|53.5454|0|511|0|0|Not available|false|98441
2024-08-09 01:14:08|1|211290740|0|Under way using engine|nan|10.3|false|8.5405|53.5172|231|229|7|0|Not available|false|28216
2024-08-09 01:14:09|1|211228220|0|Under way using engine|undefined|0|true|8.5781|53.525|344.6|344|8|0|Not available|false|28216
2024-08-09 01:14:11|3|211630370|5|Moored|nan|0|false|8.5742|53.5231|248.5|180|10|0|Not available|false|85978
2024-08-09 01:14:12|1|211536810|0|Under way using engine|nan|15.4|true|8.5632|53.5431|331.5|332|11|0|Not available|false|65929
2024-08-09 01:14:12|1|211599340|0|Under way using engine|nan|0|true|8.5804|53.5364|239.5|511|11|0|Not available|true|2263
2024-08-09 01:14:14|1|211536810|0|Under way using engine|fastright|13.4|true|8.5631|53.5432|331.3|331|13|0|Not available|false|49275
2024-08-09 01:14:14|1|218709000|0|Under way using engine|undefined|0|true|8.5828|53.5382|323.3|53|11|0|Not available|false|2259
2024-08-09 01:14:14|1|211626110|3|Restricted manoeuverability|undefined|0|false|8.5528|53.5236|25.4|235|13|0|Not available|false|66028
2024-08-09 01:14:18|1|211536810|0|Under way using engine|undefined|10.8|true|8.5629|53.5434|330.6|331|17|0|Not available|false|98921
2024-08-09 01:14:20|1|211595610|0|Under way using engine|nan|0|true|8.5802|53.5365|227.7|511|19|0|Not available|true|33472
2024-08-09 01:14:23|1|211599340|0|Under way using engine|nan|0|true|8.5804|53.5364|240.1|511|22|0|Not available|true|66351
2024-08-09 01:14:25|1|211626110|3|Restricted manoeuverability|undefined|0|false|8.5528|53.5236|25.4|235|23|0|Not available|false|2269
2024-08-09 01:14:28|1|211536810|0|Under way using engine|fastright|10.5|true|8.5626|53.5438|328.8|329|27|0|Not available|false|82044
2024-08-09 01:14:29|1|211595610|0|Under way using engine|nan|0|true|8.5802|53.5365|228|511|28|0|Not available|true|66575
2024-08-09 01:14:31|1|211523490|0|Under way using engine|nan|0|true|8.5759|53.5173|360|511|29|0|Not available|true|49341
2024-08-09 01:14:32|1|211536810|0|Under way using engine|undefined|13.9|true|8.5624|53.544|329.2|330|31|0|Not available|false|82044
2024-08-09 01:14:33|1|211599340|0|Under way using engine|nan|0|true|8.5804|53.5364|239.3|511|32|0|Not available|true|2255
2024-08-09 01:14:34|1|211555420|3|Restricted manoeuverability|undefined|0|true|8.5777|53.5183|49.8|338|33|0|Not available|false|34006
2024-08-09 01:14:34|1|211626110|3|Restricted manoeuverability|undefined|0|false|8.5528|53.5236|25.4|235|32|0|Not available|false|28216
2024-08-09 01:14:36|1|218709000|0|Under way using engine|undefined|0|true|8.5828|53.5382|143.3|53|32|0|Not available|false|2220
2024-08-09 01:14:36|1|211540110|0|Under way using engine|undefined|0|false|8.5774|53.5364|217.5|235|35|0|Not available|false|49268
2024-08-09 01:14:38|1|211233660|15|Not defined|undefined|0|false|8.5777|53.5366|235.9|228|35|0|Not available|false|28216
2024-08-09 01:14:43|1|211599340|0|Under way using engine|nan|0|true|8.5804|53.5364|238.7|511|42|0|Not available|true|34344
2024-08-09 01:14:44|1|218709000|0|Under way using engine|undefined|0|true|8.5828|53.5382|143.3|53|40|0|Not available|false|34374
2024-08-09 01:14:46|3|211536810|0|Under way using engine|nan|24.7|true|8.5612|53.5451|328.7|329|45|0|Not available|false|30355
2024-08-09 01:14:47|1|211253400|15|Not defined|nan|0|false|8.5729|53.5454|0|511|42|0|Not available|false|49240
2024-08-09 01:14:49|1|211595610|0|Under way using engine|nan|0|true|8.5802|53.5365|227.5|511|48|0|Not available|true|49339
2024-08-09 01:14:52|1|211599340|0|Under way using engine|nan|0|true|8.5804|53.5364|238.2|511|51|0|Not available|true|34675
2024-08-09 01:14:54|1|218709000|0|Under way using engine|undefined|0|true|8.5828|53.5382|323.3|53|50|0|Not available|false|82026
2024-08-09 01:14:57|1|211233660|15|Not defined|undefined|0|false|8.5777|53.5366|235.9|228|55|0|Not available|false|28216
2024-08-09 01:14:58|1|211540110|0|Under way using engine|undefined|0|false|8.5775|53.5365|267.6|235|57|0|Not available|false|49267
2024-08-09 01:14:59|1|211595610|0|Under way using engine|nan|0|true|8.5802|53.5365|227.8|511|58|0|Not available|true|2243
2024-08-09 01:15:03|3|255801580|5|Moored|undefined|0|true|8.5671|53.5655|69.9|194|1|0|Not available|false|84410
2024-08-09 01:15:04|1|211536810|0|Under way using engine|nan|25.8|true|8.5594|53.5469|328.1|328|3|0|Not available|false|82044
2024-08-09 01:15:05|1|211253400|15|Not defined|nan|0|false|8.5729|53.5454|0|511|1|0|Not available|false|82013
2024-08-09 01:15:08|1|211233660|15|Not defined|undefined|0|false|8.5777|53.5366|235.9|228|5|0|Not available|false|28220
2024-08-09 01:15:09|18|211598800|0|false|8.5699|53.5474|360|511|7|false|458755
2024-08-09 01:15:10|1|211595610|0|Under way using engine|nan|0|true|8.5802|53.5365|227.3|511|9|0|Not available|true|65858
2024-08-09 01:15:14|3|211718100|5|Moored|nan|0|true|8.5765|53.5306|360|511|12|0|Not available|true|86378
2024-08-09 01:15:16|1|211540110|0|Under way using engine|undefined|0|false|8.5775|53.5365|238.6|235|15|0|Not available|false|2281
2024-08-09 01:15:20|1|211523490|0|Under way using engine|nan|0|true|8.5759|53.5173|360|511|18|0|Not available|true|49341
2024-08-09 01:15:22|1|211536810|0|Under way using engine|nan|25.9|true|8.5575|53.5487|327|327|21|0|Not available|false|66301
2024-08-09 01:15:23|1|211599340|0|Under way using engine|nan|0|true|8.5804|53.5364|237.2|511|22|0|Not available|true|49326
2024-08-09 01:15:25|1|218709000|0|Under way using engine|undefined|0|true|8.5828|53.5382|143.3|53|21|0|Not available|false|66433
2024-08-09 01:15:26|3|211172020|5|Moored|undefined|0|true|8.577|53.5339|351.5|249|23|0|Not available|false|85866
2024-08-09 01:15:27|1|211540110|0|Under way using engine|undefined|0|false|8.5774|53.5365|193.2|234|26|0|Not available|false|28220
2024-08-09 01:15:33|1|211599340|0|Under way using engine|nan|0|true|8.5804|53.5364|234.9|511|32|0|Not available|true|66722
2024-08-09 01:15:34|1|211555420|3|Restricted manoeuverability|undefined|0|true|8.5777|53.5183|49.8|338|33|0|Not available|false|28220
2024-08-09 01:15:36|3|253743000|1|At anchor|undefined|0|true|8.5505|53.5173|141.1|85|34|0|Not available|true|84746
2024-08-09 01:15:36|1|211540110|0|Under way using engine|undefined|0|false|8.5774|53.5365|197.7|234|35|0|Not available|false|34083
2024-08-09 01:15:37|1|211253400|15|Not defined|nan|0|false|8.5729|53.5454|0|511|32|0|Not available|false|49250
2024-08-09 01:15:38|1|211233660|15|Not defined|undefined|0|false|8.5777|53.5366|235.9|228|35|0|Not available|false|2235
2024-08-09 01:15:40|1|211595610|0|Under way using engine|nan|0|true|8.5802|53.5365|224.4|511|39|0|Not available|true|34223
2024-08-09 01:15:43|1|211599340|0|Under way using engine|nan|0|true|8.5804|53.5364|233.8|511|42|0|Not available|true|28220
2024-08-09 01:15:44|1|218709000|0|Under way using engine|undefined|0|true|8.5828|53.5382|143.3|53|41|0|Not available|false|28220
2024-08-09 01:15:48|1|211540110|0|Under way using engine|undefined|0|false|8.5774|53.5365|240.2|234|47|0|Not available|false|2180
2024-08-09 01:15:49|1|211228220|0|Under way using engine|undefined|0|true|8.5781|53.525|344.6|344|48|0|Not available|false|2239
2024-08-09 01:15:53|1|211555420|3|Restricted manoeuverability|undefined|0|true|8.5777|53.5183|49.8|338|52|0|Not available|false|28220
2024-08-09 01:15:54|1|218709000|0|Under way using engine|undefined|0|true|8.5828|53.5382|143.3|53|51|0|Not available|false|67523
2024-08-09 01:15:57|1|211233660|15|Not defined|undefined|0|false|8.5778|53.5366|235.9|228|55|0|Not available|false|2281
2024-08-09 01:15:58|1|211540110|0|Under way using engine|undefined|0|false|8.5774|53.5365|311|234|57|0|Not available|false|34880
2024-08-09 01:15:59|1|211228220|0|Under way using engine|undefined|0|true|8.5781|53.525|344.6|344|58|0|Not available|false|34919
2024-08-09 01:16:02|1|211599340|0|Under way using engine|nan|0|true|8.5804|53.5364|236|511|1|0|Not available|true|2245
2024-08-09 01:16:03|1|211555420|3|Restricted manoeuverability|undefined|0|true|8.5777|53.5183|49.8|338|2|0|Not available|false|32818
2024-08-09 01:16:05|1|218709000|0|Under way using engine|undefined|0|true|8.5828|53.5382|323.3|53|1|0|Not available|false|65676
2024-08-09 01:16:13|1|211599340|0|Under way using engine|nan|0|true|8.5804|53.5364|235.4|511|12|0|Not available|true|65965
2024-08-09 01:16:15|1|218709000|0|Under way using engine|undefined|0|true|8.5828|53.5382|323.3|53|11|0|Not available|false|82030
2024-08-09 01:16:23|1|211599340|0|Under way using engine|nan|0|true|8.5804|53.5364|235.2|511|22|0|Not available|true|33583
2024-08-09 01:16:23|5|211233660|9154804|DBLF|WESERLOTSE|50|Pilot Vessel1|16|13|4|4|1|01-01T00:00Z|undefined|1|1|0|0|3||0
2024-08-09 01:16:31|1|211523490|0|Under way using engine|nan|0|true|8.5759|53.5172|360|511|29|0|Not available|true|28224
2024-08-09 01:16:32|3|211225940|5|Moored|undefined|0|false|8.58|53.537|203.2|237|30|0|Not available|false|85258
2024-08-09 01:16:33|1|211599340|0|Under way using engine|nan|0|true|8.5804|53.5364|233.5|511|32|0|Not available|true|49326
2024-08-09 01:16:35|1|218709000|0|Under way using engine|undefined|0|true|8.5828|53.5382|323.3|53|31|0|Not available|false|99561
2024-08-09 01:16:36|1|211540110|0|Under way using engine|undefined|0|false|8.5774|53.5365|213.3|235|35|0|Not available|false|28224
2024-08-09 01:16:38|1|211233660|15|Not defined|undefined|0|false|8.5777|53.5366|235.9|228|35|0|Not available|false|99669
2024-08-09 01:16:40|1|211595610|0|Under way using engine|nan|0|true|8.5803|53.5364|223.3|511|39|0|Not available|true|28224
2024-08-09 01:16:44|1|211555420|3|Restricted manoeuverability|undefined|0|true|8.5777|53.5183|49.8|338|43|0|Not available|false|67138
2024-08-09 01:16:44|1|218709000|0|Under way using engine|undefined|0|true|8.5828|53.5382|323.3|53|40|0|Not available|false|2247
2024-08-09 01:16:46|1|211540110|0|Under way using engine|undefined|0|false|8.5775|53.5365|202.2|235|45|0|Not available|false|82035
2024-08-09 01:16:48|1|211233660|15|Not defined|undefined|0|false|8.5777|53.5366|235.9|228|46|0|Not available|false|49247
2024-08-09 01:16:49|1|211228220|0|Under way using engine|undefined|0|true|8.5781|53.525|344.6|344|47|0|Not available|false|49287
2024-08-09 01:16:49|3|211386490|5|Moored|undefined|0|false|8.5819|53.5377|42|237|48|0|Not available|false|84810
2024-08-09 01:16:54|18|211816240|0|true|8.5828|53.5339|360|511|52|true|304013
2024-08-09 01:16:54|1|218709000|0|Under way using engine|undefined|0|true|8.5828|53.5382|143.3|53|50|0|Not available|false|49262
2024-08-09 01:16:55|3|211172030|5|Moored|undefined|0|true|8.5769|53.534|102.5|249|52|0|Not available|false|84506
2024-08-09 01:16:58|1|211233660|15|Not defined|undefined|0|false|8.5777|53.5366|235.9|228|55|0|Not available|false|67668
2024-08-09 01:16:59|1|211595610|0|Under way using engine|nan|0|true|8.5803|53.5365|224.1|511|58|0|Not available|true|67706
2024-08-09 01:17:03|1|218709000|0|Under way using engine|undefined|0|true|8.5828|53.5382|323.3|53|1|0|Not available|false|49262
2024-08-09 01:17:06|1|211233660|15|Not defined|undefined|0|false|8.5777|53.5366|235.9|228|5|0|Not available|false|82024
2024-08-09 01:17:08|3|211595610|0|Under way using engine|nan|0|true|8.5803|53.5364|223.7|511|9|0|Not available|true|24419
2024-08-09 01:17:09|1|211523490|0|Under way using engine|nan|0|true|8.576|53.5172|360|511|8|0|Not available|true|2284
2024-08-09 01:17:13|1|218709000|0|Under way using engine|undefined|0|true|8.5828|53.5382|323.3|53|10|0|Not available|false|66034
2024-08-09 01:17:21|1|211599340|0|Under way using engine|nan|0|true|8.5804|53.5364|232.7|511|22|0|Not available|true|28228
2024-08-09 01:17:22|1|211555420|3|Restricted manoeuverability|undefined|0|true|8.5777|53.5183|49.8|338|22|0|Not available|false|66367
2024-08-09 01:17:24|1|218709000|0|Under way using engine|undefined|0|true|8.5828|53.5382|143.3|53|22|0|Not available|false|33665
2024-08-09 01:17:26|1|211233660|15|Not defined|undefined|0|false|8.5777|53.5366|235.9|228|25|0|Not available|false|82031
2024-08-09 01:17:30|18|211425250|0|true|8.5701|53.5478|360|511|30|true|305237
2024-08-09 01:17:31|1|211599340|0|Under way using engine|nan|0|true|8.5804|53.5364|233.2|511|32|0|Not available|true|33954
2024-08-09 01:17:33|1|218709000|0|Under way using engine|undefined|0|true|8.5828|53.5382|323.3|53|31|0|Not available|false|82029
2024-08-09 01:17:35|1|211540110|0|Under way using engine|undefined|0|false|8.5775|53.5365|253.8|236|35|0|Not available|false|2254
2024-08-09 01:17:41|1|211599340|0|Under way using engine|nan|0|true|8.5804|53.5364|234|511|42|0|Not available|true|82093
2024-08-09 01:17:41|5|211225920|0|DBLO|FRANZIUSPLATE|0|Not available|0|0|0|0|1|01-25T14:30Z|undefined|1|25|14|30|1.2|BREMERHAVEN|0
2024-08-09 01:17:42|5|211658290|0|DBFF|ALBATROS|52|Tug|3|13|4|2|1|10-30T14:00Z|undefined|10|30|14|0|2|BREMERHAVEN|0
2024-08-09 01:17:42|1|218709000|0|Under way using engine|undefined|0|true|8.5828|53.5382|323.3|53|40|0|Not available|false|114797
2024-08-09 01:17:43|1|211626110|3|Restricted manoeuverability|undefined|0|false|8.5528|53.5236|25.4|236|42|0|Not available|false|67144
2024-08-09 01:17:44|1|211540110|0|Under way using engine|undefined|0|false|8.5775|53.5365|235|236|45|0|Not available|false|67217
2024-08-09 01:17:47|1|211233660|15|Not defined|undefined|0|false|8.5778|53.5366|235.9|228|46|0|Not available|false|34531
2024-08-09 01:17:48|1|211595610|0|Under way using engine|nan|0|true|8.5803|53.5365|229.3|511|48|0|Not available|true|2244
2024-08-09 01:17:48|5|211540110|0|DBLS|BURKANA|50|Pilot Vessel1|14|5|3|3|1|07-12T06:30Z|undefined|7|12|6|30|1.9|BREMERHAVEN|0
2024-08-09 01:17:52|1|211599340|0|Under way using engine|nan|0|true|8.5804|53.5364|234.3|511|53|0|Not available|true|67504
2024-08-09 01:17:53|1|218709000|0|Under way using engine|undefined|0|true|8.5828|53.5382|143.2|53|50|0|Not available|false|34755
2024-08-09 01:17:56|1|211540110|0|Under way using engine|undefined|0|false|8.5775|53.5365|229.9|235|57|0|Not available|false|2196
2024-08-09 01:17:56|3|211658290|5|Moored|undefined|0|false|8.5784|53.5291|175.4|166|57|0|Not available|false|86618
2024-08-09 01:17:57|1|211233660|15|Not defined|undefined|0|false|8.5778|53.5366|235.9|228|55|0|Not available|false|49249
2024-08-09 01:17:58|1|211595610|0|Under way using engine|nan|0|true|8.5803|53.5365|228.9|511|58|0|Not available|true|49340
2024-08-09 01:18:01|1|211555420|3|Restricted manoeuverability|undefined|0.1|true|8.5777|53.5183|31.6|338|2|0|Not available|false|2305
2024-08-09 01:18:03|1|211253400|15|Not defined|nan|0|false|8.5729|53.5454|0|511|1|0|Not available|false|32905
2024-08-09 01:18:03|1|218709000|0|Under way using engine|undefined|0|true|8.5828|53.5382|143.2|53|1|0|Not available|false|32908
2024-08-09 01:18:06|1|211233660|15|Not defined|undefined|0|false|8.5778|53.5366|235.9|228|5|0|Not available|false|65769
2024-08-09 01:18:08|1|211595610|0|Under way using engine|nan|0|false|8.5803|53.5364|227.3|511|9|0|Not available|true|28232
2024-08-09 01:18:11|1|211599340|0|Under way using engine|nan|0|true|8.5804|53.5364|235.7|511|12|0|Not available|true|33197
2024-08-09 01:18:13|1|218709000|0|Under way using engine|undefined|0|true|8.5828|53.5382|323.2|53|10|0|Not available|false|49260
2024-08-09 01:18:13|3|211718100|5|Moored|nan|0|true|8.5765|53.5306|360|511|13|0|Not available|true|85626
2024-08-09 01:18:15|1|211540110|0|Under way using engine|undefined|0|false|8.5775|53.5365|183.9|235|16|0|Not available|false|82035
2024-08-09 01:18:17|1|211228220|0|Under way using engine|undefined|0|true|8.5781|53.525|344.6|344|17|0|Not available|false|33401
2024-08-09 01:18:19|1|211595610|0|Under way using engine|nan|0|false|8.5803|53.5364|227|511|20|0|Not available|true|82109
2024-08-09 01:18:21|1|211599340|0|Under way using engine|nan|0|true|8.5805|53.5364|235.6|511|22|0|Not available|true|2267
2024-08-09 01:18:24|1|218709000|0|Under way using engine|undefined|0|true|8.5828|53.5382|143.2|53|21|0|Not available|false|28232
2024-08-09 01:18:25|3|211172020|5|Moored|undefined|0|true|8.577|53.5338|295.6|249|25|0|Not available|false|85018
2024-08-09 01:18:27|1|211228220|0|Under way using engine|undefined|0|true|8.578|53.525|344.6|344|27|0|Not available|false|82054
2024-08-09 01:18:29|5|211172020|0|DF4368|VISURA|55|Law Enforcement|10|6|3|2|1|01-01T00:00Z|undefined|1|1|0|0|1.4|PATROL WESER|0
2024-08-09 01:18:31|1|211599340|0|Under way using engine|nan|0|true|8.5805|53.5364|236|511|32|0|Not available|true|28232
2024-08-09 01:18:32|1|211536810|0|Under way using engine|nan|11.3|true|8.5591|53.5494|151.4|163|33|0|Not available|false|33985
2024-08-09 01:18:35|1|211540110|0|Under way using engine|undefined|0|false|8.5775|53.5365|251.8|235|35|0|Not available|false|114803
2024-08-09 01:18:36|1|211233660|15|Not defined|undefined|0|false|8.5778|53.5366|235.9|228|35|0|Not available|false|66901
2024-08-09 01:18:38|1|211228220|0|Under way using engine|undefined|0|true|8.578|53.525|344.6|344|39|0|Not available|false|82054
2024-08-09 01:18:41|3|211235180|5|Moored|nan|0|false|8.5782|53.5368|172.5|511|39|0|Not available|false|0
2024-08-09 01:18:41|3|211599340|0|Under way using engine|nan|0|true|8.5805|53.5364|237.3|511|42|0|Not available|true|27971
2024-08-09 01:18:44|1|211540110|0|Under way using engine|undefined|0|false|8.5775|53.5365|259.2|235|45|0|Not available|false|49267
2024-08-09 01:18:47|1|211595610|0|Under way using engine|nan|0|false|8.5803|53.5365|227.6|511|48|0|Not available|true|100095
2024-08-09 01:18:49|1|211523490|0|Under way using engine|nan|0|true|8.5759|53.5172|360|511|49|0|Not available|true|82116
2024-08-09 01:18:52|1|211599340|0|Under way using engine|nan|0|true|8.5805|53.5364|238.5|511|53|0|Not available|true|49327
2024-08-09 01:18:52|1|211626110|3|Restricted manoeuverability|undefined|0|false|8.5528|53.5236|25.4|237|52|0|Not available|false|114809
2024-08-09 01:18:53|1|218709000|0|Under way using engine|undefined|0|true|8.5828|53.5382|323.3|53|50|0|Not available|false|28232
2024-08-09 01:18:54|1|211536810|0|Under way using engine|nan|11.2|true|8.56|53.5484|150|162|55|0|Not available|false|34809
2024-08-09 01:18:57|1|211233660|15|Not defined|undefined|0|false|8.5778|53.5366|235.9|228|55|0|Not available|false|34900
2024-08-09 01:19:06|1|211233660|15|Not defined|undefined|0|false|8.5777|53.5367|235.9|228|5|0|Not available|false|49253
2024-08-09 01:19:08|1|211595610|0|Under way using engine|nan|0|true|8.5803|53.5365|226.7|511|9|0|Not available|true|2213
2024-08-09 01:19:13|1|218709000|0|Under way using engine|undefined|0|true|8.5828|53.5382|152.4|53|11|0|Not available|false|33266
2024-08-09 01:19:15|1|211540110|0|Under way using engine|undefined|0|false|8.5775|53.5365|182.5|235|16|0|Not available|false|66121
2024-08-09 01:19:19|5|218709000|9502233|DBJC|ALTE WESER|55|Law Enforcement|9|24|3|3|1|08-06T15:00Z|undefined|8|6|15|0|1.8|PATROL|0
2024-08-09 01:19:22|24|211300110|A|A|TENDER TO ARIS
2024-08-09 01:19:22|24|211300110|B|B|37|Pleasure Craft|DD6026|null|AMC   B|8|133152|6|0|0|3
2024-08-09 01:19:24|1|218709000|0|Under way using engine|undefined|0|true|8.5828|53.5382|323.3|53|21|0|Not available|false|2208
2024-08-09 01:19:24|1|211536810|0|Under way using engine|fastright|10.9|true|8.5613|53.5471|151.6|161|25|0|Not available|false|0
2024-08-09 01:19:26|1|211540110|0|Under way using engine|undefined|0|false|8.5775|53.5365|128.2|235|26|0|Not available|false|28236
2024-08-09 01:19:26|1|211233660|15|Not defined|undefined|0|false|8.5778|53.5366|235.9|228|25|0|Not available|false|49264
2024-08-09 01:19:26|1|211536810|0|Under way using engine|fastright|11|true|8.5614|53.547|150.4|161|27|0|Not available|false|28236
2024-08-09 01:19:27|1|211228220|0|Under way using engine|undefined|0|true|8.578|53.525|344.6|344|27|0|Not available|false|66555
2024-08-09 01:19:28|5|211599340|0|DC4779|NORDENHAM|60|Passenger - all ships of this type|30|30|7|7|0|01-05T00:00Z|undefined|1|5|0|0|2.5|BREMERHAVEN-NORDENAM|0
2024-08-09 01:19:29|1|211523490|0|Under way using engine|nan|0|true|8.5759|53.5172|360|511|28|0|Not available|true|66624
2024-08-09 01:19:29|1|211595610|0|Under way using engine|nan|0|true|8.5802|53.5365|225.7|511|30|0|Not available|true|66635
2024-08-09 01:19:31|1|211599340|0|Under way using engine|nan|0|true|8.5804|53.5364|241.8|511|32|0|Not available|true|2249
2024-08-09 01:19:33|1|218709000|0|Under way using engine|undefined|0|true|8.5828|53.5382|323.3|53|31|0|Not available|false|49261
2024-08-09 01:19:36|1|636017072|0|Under way using engine|10.583309737506504|11|true|8.5614|53.5467|149.8|150|34|0|Not available|false|2249
2024-08-09 01:19:36|1|211233660|15|Not defined|undefined|0|false|8.5778|53.5366|235.9|228|35|0|Not available|false|49246
2024-08-09 01:19:38|1|211228220|0|Under way using engine|undefined|0|true|8.578|53.525|344.6|344|39|0|Not available|false|66979
2024-08-09 01:19:41|3|211220910|5|Moored|nan|0|true|8.5787|53.5282|360|511|41|0|Not available|true|85034
2024-08-09 01:19:42|1|218709000|0|Under way using engine|undefined|0|true|8.5828|53.5382|143.2|53|40|0|Not available|false|82028
2024-08-09 01:19:45|1|211540110|0|Under way using engine|undefined|0|false|8.5775|53.5365|222.8|234|45|0|Not available|false|34449
2024-08-09 01:19:47|1|211228220|0|Under way using engine|undefined|0|true|8.5781|53.525|344.6|344|47|0|Not available|false|2249
2024-08-09 01:19:47|1|211595610|0|Under way using engine|nan|0|true|8.5802|53.5365|223.8|511|48|0|Not available|true|82109
2024-08-09 01:19:49|3|211386490|5|Moored|undefined|0|false|8.5819|53.5377|42|238|50|0|Not available|false|84458
2024-08-09 01:19:52|3|211555420|3|Restricted manoeuverability|undefined|0|false|8.5777|53.5183|4.5|338|52|0|Not available|false|21491
2024-08-09 01:19:52|3|210525000|5|Moored|undefined|0|false|8.576|53.5231|278.5|182|52|0|Not available|false|0
2024-08-09 01:19:52|1|211599340|0|Under way using engine|nan|0|true|8.5804|53.5364|243|511|53|0|Not available|true|34736
2024-08-09 01:19:53|1|218709000|0|Under way using engine|undefined|0|true|8.5828|53.5382|143.2|53|50|0|Not available|false|2246
2024-08-09 01:19:53|3|211172030|5|Moored|undefined|0|true|8.5768|53.534|105.6|249|52|0|Not available|false|84346
2024-08-09 01:19:55|1|211540110|0|Under way using engine|undefined|0|false|8.5775|53.5365|224.3|234|55|0|Not available|false|34826
2024-08-09 01:19:56|1|636017072|0|Under way using engine|4.733|10.9|true|8.5623|53.5459|150.6|150|54|0|Not available|false|67635
2024-08-09 01:19:56|1|211536810|0|Under way using engine|nan|11|true|8.5627|53.5457|150.2|161|57|0|Not available|false|28236
2024-08-09 01:19:57|1|211233660|15|Not defined|undefined|0|false|8.5778|53.5366|235.9|228|55|0|Not available|false|28236
2024-08-09 01:20:01|1|211599340|0|Under way using engine|nan|0|true|8.5804|53.5364|243.2|511|1|0|Not available|true|28240
2024-08-09 01:20:03|1|211555420|3|Restricted manoeuverability|undefined|0|false|8.5777|53.5183|4.5|338|3|0|Not available|false|82077
2024-08-09 01:20:03|1|218709000|0|Under way using engine|undefined|0|true|8.5828|53.5382|323.2|53|1|0|Not available|false|2252
2024-08-09 01:20:05|1|211540110|0|Under way using engine|undefined|0|false|8.5775|53.5365|246.4|234|6|0|Not available|false|28240
2024-08-09 01:20:06|1|211233660|15|Not defined|undefined|0|false|8.5778|53.5366|235.9|228|5|0|Not available|false|33001
2024-08-09 01:20:11|1|211599340|0|Under way using engine|nan|0|true|8.5804|53.5364|243.4|511|12|0|Not available|true|2244
2024-08-09 01:20:13|1|218709000|0|Under way using engine|undefined|0|true|8.5828|53.5382|323.2|53|10|0|Not available|false|28240
2024-08-09 01:20:19|1|211595610|0|Under way using engine|nan|0|true|8.5803|53.5364|223.9|511|20|0|Not available|true|49343
2024-08-09 01:20:20|24|211816240|A|A|LOTHLORIEN
2024-08-09 01:20:23|1|218709000|0|Under way using engine|undefined|0|true|8.5828|53.5382|143.2|53|20|0|Not available|false|114794
2024-08-09 01:20:25|1|636017072|0|Under way using engine|nan|10.7|true|8.5635|53.5446|151.8|150|24|0|Not available|false|49425
2024-08-09 01:20:26|1|211233660|15|Not defined|undefined|0|false|8.5778|53.5367|235.9|228|25|0|Not available|false|33748
2024-08-09 01:20:26|3|211225920|5|Moored|undefined|0|true|8.5814|53.5375|338.6|232|25|0|Not available|false|0
2024-08-09 01:20:27|1|211228220|0|Under way using engine|undefined|0|true|8.578|53.525|344.6|344|27|0|Not available|false|49286
2024-08-09 01:20:29|1|211595610|0|Under way using engine|nan|0|true|8.5803|53.5364|224.4|511|30|0|Not available|true|49343
2024-08-09 01:20:31|3|211706840|5|Moored|undefined|0|false|8.5769|53.5313|235.6|93|31|0|Not available|false|85194
2024-08-09 01:20:32|1|211555420|3|Restricted manoeuverability|undefined|0|false|8.5777|53.5183|4.5|338|32|0|Not available|false|2235
2024-08-09 01:20:35|1|211540110|0|Under way using engine|undefined|0|false|8.5774|53.5364|231.2|234|35|0|Not available|false|82035
2024-08-09 01:20:36|1|211536810|0|Under way using engine|nan|10.7|true|8.5642|53.544|152.7|160|36|0|Not available|false|114812
2024-08-09 01:20:36|1|636017072|0|Under way using engine|nan|10.7|true|8.5638|53.5441|152|150|34|0|Not available|false|49425
2024-08-09 01:20:38|1|211595610|0|Under way using engine|nan|0|true|8.5803|53.5364|225.3|511|39|0|Not available|true|28240
2024-08-09 01:20:38|1|211536810|0|Under way using engine|nan|10.7|true|8.5643|53.5438|151.8|161|39|0|Not available|false|0
2024-08-09 01:20:38|1|211228220|0|Under way using engine|undefined|0|true|8.578|53.525|344.6|344|39|0|Not available|false|49286
2024-08-09 01:20:41|1|211599340|0|Under way using engine|nan|0|true|8.5804|53.5364|243.2|511|42|0|Not available|true|34324
2024-08-09 01:20:43|1|218709000|0|Under way using engine|undefined|0|true|8.5828|53.5382|323.2|53|40|0|Not available|false|67139
2024-08-09 01:20:43|5|636017072|9708057|D5JD9|SZARE SZEREGI|70|Cargo - all ships of this type|152|28|11|19|1|08-08T20:00Z|undefined|8|8|20|0|9.5|DEBKE|0
2024-08-09 01:20:45|1|211540110|0|Under way using engine|undefined|0|false|8.5774|53.5364|232.1|234|45|0|Not available|false|28240
2024-08-09 01:20:45|1|211233660|15|Not defined|undefined|0|false|8.5778|53.5367|235.9|228|44|0|Not available|false|114780
2024-08-09 01:20:46|1|636017072|0|Under way using engine|nan|10.6|true|8.5642|53.5437|152.1|150|44|0|Not available|false|2243
2024-08-09 01:20:47|3|211228220|0|Under way using engine|undefined|0|true|8.578|53.525|344.6|344|47|0|Not available|false|23203
2024-08-09 01:20:48|1|211595610|0|Under way using engine|nan|0|true|8.5803|53.5364|226.4|511|48|0|Not available|true|67327
2024-08-09 01:20:52|1|211599340|0|Under way using engine|nan|0|true|8.5804|53.5364|243.3|511|53|0|Not available|true|28240
2024-08-09 01:20:52|1|211626110|3|Restricted manoeuverability|undefined|0|false|8.5528|53.5236|25.4|237|52|0|Not available|false|82038
2024-08-09 01:20:53|1|218709000|0|Under way using engine|undefined|0|true|8.5828|53.5382|187.1|53|51|0|Not available|false|67519
2024-08-09 01:20:54|3|211658290|5|Moored|undefined|0|false|8.5784|53.5291|175.4|166|54|0|Not available|false|87114
2024-08-09 01:20:56|3|211536810|0|Under way using engine|fastright|10.6|true|8.565|53.5431|152|161|57|0|Not available|false|12433
2024-08-09 01:20:57|1|211233660|15|Not defined|undefined|0|false|8.5778|53.5367|235.9|228|55|0|Not available|false|2267
2024-08-09 01:21:00|3|255801580|5|Moored|undefined|0|true|8.5671|53.5655|81.7|194|0|0|Not available|false|82714
2024-08-09 01:21:01|1|211599340|0|Under way using engine|nan|0|true|8.5804|53.5364|243.3|511|1|0|Not available|true|2279
2024-08-09 01:21:02|1|211536810|0|Under way using engine|fastright|10.5|true|8.5652|53.5428|152|160|3|0|Not available|false|0
2024-08-09 01:21:03|1|211555420|3|Restricted manoeuverability|undefined|0|false|8.5777|53.5183|4.5|338|3|0|Not available|false|65641
2024-08-09 01:21:03|1|218709000|0|Under way using engine|undefined|0|true|8.5828|53.5382|191.1|53|1|0|Not available|false|82027
2024-08-09 01:21:04|1|211253400|15|Not defined|nan|0|false|8.5729|53.5454|0|511|1|0|Not available|false|49254
2024-08-09 01:21:06|1|211536810|0|Under way using engine|fastright|10.5|true|8.5654|53.5427|151.4|160|6|0|Not available|false|82044
2024-08-09 01:21:06|1|211233660|15|Not defined|undefined|0|false|8.5778|53.5367|235.9|228|5|0|Not available|false|28244
2024-08-09 01:21:07|3|211228220|0|Under way using engine|undefined|0|true|8.578|53.525|344.6|344|7|0|Not available|false|13281
2024-08-09 01:21:07|1|211595610|0|Under way using engine|nan|0|true|8.5802|53.5365|226.5|511|8|0|Not available|true|98589
2024-08-09 01:21:14|1|636017072|0|Under way using engine|nan|10.5|true|8.5653|53.5424|152.3|149|13|0|Not available|false|28244
2024-08-09 01:21:15|3|211718100|5|Moored|nan|0|true|8.5765|53.5306|360|511|14|0|Not available|true|85002
2024-08-09 01:21:15|1|211540110|0|Under way using engine|undefined|0|false|8.5774|53.5364|274.1|234|16|0|Not available|false|33353
2024-08-09 01:21:17|24|211816240|B|B|37|Pleasure Craft|DK2021|null|SRTEK-|1|309385|9|2|2|1
2024-08-09 01:21:19|1|211595610|0|Under way using engine|nan|0|true|8.5802|53.5365|228.5|511|20|0|Not available|true|33493
2024-08-09 01:21:26|3|211172020|5|Moored|undefined|0|true|8.577|53.5339|320.8|249|25|0|Not available|false|84026
2024-08-09 01:21:26|1|211233660|15|Not defined|undefined|0|false|8.5778|53.5367|235.9|228|25|0|Not available|false|28244
2024-08-09 01:21:27|1|211228220|0|Under way using engine|undefined|0|true|8.578|53.525|344.6|344|27|0|Not available|false|33787
2024-08-09 01:21:29|3|211634880|5|Moored|nan|0|false|8.5721|53.545|307.9|511|29|0|Not available|false|84586
2024-08-09 01:21:29|1|211595610|0|Under way using engine|nan|0|true|8.5802|53.5365|229.5|511|30|0|Not available|true|33867
2024-08-09 01:21:31|1|211555420|3|Restricted manoeuverability|undefined|0|false|8.5777|53.5183|4.5|338|32|0|Not available|false|114844
2024-08-09 01:21:33|1|218709000|0|Under way using engine|undefined|0|true|8.5828|53.5382|197.1|53|31|0|Not available|false|28244
2024-08-09 01:21:35|1|211540110|0|Under way using engine|undefined|0|false|8.5774|53.5364|211.1|235|35|0|Not available|false|66855
2024-08-09 01:21:36|1|636017072|0|Under way using engine|14.967060165576939|10.4|true|8.5661|53.5416|151.5|150|34|0|Not available|false|34114
2024-08-09 01:21:36|3|211233660|15|Not defined|undefined|0|false|8.5778|53.5367|235.9|228|35|0|Not available|false|27203
2024-08-09 01:21:38|1|211595610|0|Under way using engine|nan|0|true|8.5802|53.5365|229.8|511|39|0|Not available|true|2217
2024-08-09 01:21:38|1|211228220|0|Under way using engine|undefined|0|true|8.578|53.525|344.6|344|39|0|Not available|false|34211
2024-08-09 01:21:41|1|211599340|0|Under way using engine|nan|0|true|8.5804|53.5364|250.5|511|42|0|Not available|true|28244
2024-08-09 01:21:42|3|211235180|5|Moored|nan|0|false|8.5782|53.5368|178.6|511|40|0|Not available|false|0
2024-08-09 01:21:45|1|211253400|15|Not defined|nan|0|false|8.5729|53.5454|0|511|42|0|Not available|false|2256
2024-08-09 01:21:45|1|211540110|0|Under way using engine|undefined|0|false|8.5774|53.5364|241.9|235|45|0|Not available|false|2305
2024-08-09 01:21:45|1|211233660|15|Not defined|undefined|0|false|8.5778|53.5367|235.9|228|44|0|Not available|false|100010
2024-08-09 01:21:45|1|636017072|0|Under way using engine|17.06507418677106|10.3|true|8.5665|53.5411|151.3|151|44|0|Not available|false|100014
2024-08-09 01:21:47|1|211228220|0|Under way using engine|undefined|0|true|8.578|53.525|344.6|344|47|0|Not available|false|34533
2024-08-09 01:21:54|3|218042130|5|Moored|undefined|0|true|8.5837|53.5085|24.3|261|50|0|Not available|false|85834
2024-08-09 01:21:54|3|636017072|0|Under way using engine|18.330830177599704|10.3|true|8.5668|53.5408|151.2|153|52|0|Not available|false|2752
2024-08-09 01:21:56|3|636017072|0|Under way using engine|18.932|10.3|true|8.5669|53.5407|151.2|153|55|0|Not available|false|3632
2024-08-09 01:21:57|1|211233660|15|Not defined|undefined|0|false|8.5778|53.5367|235.9|228|56|0|Not available|false|100453
2024-08-09 01:21:58|3|636017072|0|Under way using engine|19.514658926048387|10.3|true|8.567|53.5406|151.2|154|57|0|Not available|false|8720
2024-08-09 01:22:03|3|219029833|5|Moored|undefined|0|true|8.5601|53.5529|249.3|0|3|0|Not available|false|85194
2024-08-09 01:22:03|3|211536810|0|Under way using engine|fastright|12.3|true|8.5676|53.5402|149.4|148|4|0|Not available|false|4224
2024-08-09 01:22:04|1|218709000|0|Under way using engine|undefined|0|true|8.5828|53.5382|323.2|53|1|0|Not available|false|65678
2024-08-09 01:22:06|1|211233660|15|Not defined|undefined|0|false|8.5778|53.5367|235.9|228|5|0|Not available|false|2238
2024-08-09 01:22:06|1|211540110|0|Under way using engine|undefined|0|false|8.5774|53.5364|203.8|234|7|0|Not available|false|114803
2024-08-09 01:22:06|1|636017072|0|Under way using engine|20.63066869977801|10.3|true|8.5673|53.5403|151.6|156|5|0|Not available|false|49424
2024-08-09 01:22:11|1|211599340|0|Under way using engine|nan|0|true|8.5803|53.5364|250.7|511|12|0|Not available|true|82093
2024-08-09 01:22:13|1|218709000|0|Under way using engine|undefined|0|true|8.5828|53.5382|143.2|53|10|0|Not available|false|98805
2024-08-09 01:22:15|5|211718100|0|DK8884|GREENPORTS 1|79|Cargo - No additional information|56|15|5|6|0|09-16T23:00Z|undefined|9|16|23|0|2|BREMERHAVEN|0
2024-08-09 01:22:15|1|211540110|0|Under way using engine|undefined|0|false|8.5774|53.5364|225.1|234|16|0|Not available|false|28248
2024-08-09 01:22:19|1|211595610|0|Under way using engine|nan|0|true|8.5802|53.5365|231.4|511|20|0|Not available|true|28248
2024-08-09 01:22:20|1|211536810|0|Under way using engine|fastright|14.4|true|8.5685|53.5393|146.8|145|21|0|Not available|false|0
2024-08-09 01:22:22|5|211233660|9154804|DBLF|WESERLOTSE|50|Pilot Vessel1|16|13|4|4|1|01-01T00:00Z|undefined|1|1|0|0|3||0
2024-08-09 01:22:22|1|211599340|0|Under way using engine|nan|0|true|8.5803|53.5364|251.7|511|22|0|Not available|true|2235
2024-08-09 01:22:23|1|218709000|0|Under way using engine|undefined|0|true|8.5828|53.5382|323.2|53|21|0|Not available|false|82026
2024-08-09 01:22:23|3|636017072|0|Under way using engine|21.68933076422599|10.2|true|8.5679|53.5396|153.2|161|21|0|Not available|false|3088
2024-08-09 01:22:25|1|636017072|0|Under way using engine|22.199737791244292|10.2|true|8.568|53.5395|153.8|162|24|0|Not available|false|28248
2024-08-09 01:22:29|1|211595610|0|Under way using engine|nan|0|true|8.5802|53.5365|230|511|30|0|Not available|true|28248
2024-08-09 01:22:31|3|211225940|5|Moored|undefined|0|false|8.58|53.537|203.2|237|30|0|Not available|false|85050
2024-08-09 01:22:31|1|211555420|3|Restricted manoeuverability|undefined|0|false|8.5777|53.5183|4.5|338|32|0|Not available|false|99483
2024-08-09 01:22:33|3|636017072|0|Under way using engine|22.199737791244292|10.2|true|8.5682|53.5392|155.4|165|31|0|Not available|false|3408
2024-08-09 01:22:33|1|218709000|0|Under way using engine|undefined|0|true|8.5828|53.5382|143.2|53|31|0|Not available|false|2281
2024-08-09 01:22:35|1|211540110|0|Under way using engine|undefined|0|false|8.5774|53.5364|210.4|235|35|0|Not available|false|49267
2024-08-09 01:22:36|1|211536810|0|Under way using engine|fastright|17.4|true|8.5696|53.5383|147.7|148|36|0|Not available|false|0
2024-08-09 01:22:37|1|211595610|0|Under way using engine|nan|0|true|8.5802|53.5365|230.1|511|38|0|Not available|true|82111
2024-08-09 01:22:38|3|211536810|0|Under way using engine|fastright|18|true|8.5698|53.5381|149.5|148|39|0|Not available|false|7153
2024-08-09 01:22:38|3|636017072|0|Under way using engine|22.698670599839097|10.2|true|8.5684|53.5389|156.9|167|37|0|Not available|false|8768
2024-08-09 01:22:41|1|211599340|0|Under way using engine|nan|0|true|8.5803|53.5364|251|511|42|0|Not available|true|2229
2024-08-09 01:22:43|1|218709000|0|Under way using engine|undefined|0|true|8.5828|53.5382|143.2|53|40|0|Not available|false|34371
2024-08-09 01:22:43|3|636017072|0|Under way using engine|23.18686990518556|10.1|true|8.5685|53.5387|157.8|169|42|0|Not available|false|2992
2024-08-09 01:22:44|1|211536810|0|Under way using engine|nan|18.4|true|8.5702|53.5377|149|147|45|0|Not available|false|49276
2024-08-09 01:22:45|1|211253400|15|Not defined|nan|0|false|8.5729|53.5454|0|511|41|0|Not available|false|49249
2024-08-09 01:22:45|1|211233660|15|Not defined|undefined|0|false|8.5778|53.5367|235.9|228|44|0|Not available|false|82013
2024-08-09 01:22:45|1|636017072|0|Under way using engine|23.18686990518556|10.1|true|8.5686|53.5386|158.6|170|44|0|Not available|false|82193
2024-08-09 01:22:46|1|211540110|0|Under way using engine|undefined|0|false|8.5774|53.5364|209.2|235|47|0|Not available|false|49267
2024-08-09 01:22:47|1|211536810|0|Under way using engine|nan|18.5|true|8.5704|53.5376|148.7|146|47|0|Not available|false|0
2024-08-09 01:22:47|3|211386490|5|Moored|undefined|0|false|8.5819|53.5377|42|237|47|0|Not available|false|84058
2024-08-09 01:22:47|1|211228220|0|Under way using engine|undefined|0|true|8.578|53.525|344.6|344|47|0|Not available|false|28248
2024-08-09 01:22:48|1|211595610|0|Under way using engine|nan|0|true|8.5802|53.5365|232.7|511|48|0|Not available|true|34559
2024-08-09 01:22:48|3|636017072|0|Under way using engine|23.18686990518556|10.1|true|8.5687|53.5385|159.1|171|47|0|Not available|false|4592
2024-08-09 01:22:50|3|211536810|0|Under way using engine|nan|18.8|true|8.5707|53.5373|148.1|144|50|0|Not available|false|7281
2024-08-09 01:22:52|1|211555420|3|Restricted manoeuverability|undefined|0|false|8.5777|53.5183|4.5|338|52|0|Not available|false|2289
2024-08-09 01:22:52|1|211599340|0|Under way using engine|nan|0|true|8.5803|53.5364|250.8|511|52|0|Not available|true|100258
2024-08-09 01:22:52|3|211172030|5|Moored|undefined|0.1|true|8.5769|53.534|135|249|52|0|Not available|false|84490
2024-08-09 01:22:52|3|210525000|5|Moored|undefined|0|false|8.576|53.5231|278.5|182|52|0|Not available|false|0
2024-08-09 01:22:53|1|218709000|0|Under way using engine|undefined|0|true|8.5828|53.5382|323.2|53|50|0|Not available|false|34751
2024-08-09 01:22:58|3|636017072|0|Under way using engine|23.665|10|true|8.5689|53.5381|161.8|175|56|0|Not available|false|8048
2024-08-09 01:22:58|3|211595610|0|Under way using engine|nan|0|true|8.5802|53.5365|235.3|511|59|0|Not available|true|30403
2024-08-09 01:23:01|1|211599340|0|Under way using engine|nan|0|true|8.5803|53.5364|252.9|511|2|0|Not available|true|32827
2024-08-09 01:23:04|1|218709000|0|Under way using engine|undefined|0|true|8.5828|53.5382|143.2|53|1|0|Not available|false|49260
2024-08-09 01:23:04|1|211253400|15|Not defined|nan|0|false|8.5729|53.5454|0|511|1|0|Not available|false|28252
2024-08-09 01:23:06|1|211233660|15|Not defined|undefined|0|false|8.5778|53.5367|235.9|228|4|0|Not available|false|65757
2024-08-09 01:23:06|3|211540110|0|Under way using engine|undefined|0|false|8.5775|53.5364|265.9|234|7|0|Not available|false|26435
2024-08-09 01:23:07|1|211595610|0|Under way using engine|nan|0|true|8.5802|53.5365|236.9|511|8|0|Not available|true|65821
2024-08-09 01:23:09|3|636017072|0|Under way using engine|23.665|9.8|true|8.5691|53.5376|165.4|181|8|0|Not available|false|8352
2024-08-09 01:23:09|3|211630370|5|Moored|8.197796472223494|0|false|8.5742|53.5231|248.5|180|10|0|Not available|false|88330
2024-08-09 01:23:10|1|211523490|0|Under way using engine|nan|0|true|8.5759|53.5173|360|511|9|0|Not available|true|33145
2024-08-09 01:23:11|1|211599340|0|Under way using engine|nan|0|true|8.5803|53.5364|251.9|511|12|0|Not available|true|65959
2024-08-09 01:23:12|3|636017072|0|Under way using engine|23.665|9.8|true|8.5691|53.5375|166.6|182|10|0|Not available|false|3904
2024-08-09 01:23:13|1|211555420|3|Restricted manoeuverability|undefined|0.1|false|8.5777|53.5182|204.9|338|13|0|Not available|false|49310
2024-08-09 01:23:15|1|636017072|0|Under way using engine|23.18686990518556|9.7|true|8.5692|53.5373|167.8|183|14|0|Not available|false|66110
2024-08-09 01:23:15|1|211540110|0|Under way using engine|undefined|0|false|8.5775|53.5364|174.9|234|16|0|Not available|false|2238
2024-08-09 01:23:19|1|211228220|0|Under way using engine|undefined|0|true|8.578|53.525|344.6|344|19|0|Not available|false|33471
2024-08-09 01:23:20|1|211536810|0|Under way using engine|nan|17.2|true|8.5739|53.5354|114.1|99|20|0|Not available|false|99056
2024-08-09 01:23:22|1|211599340|0|Under way using engine|nan|0|true|8.5803|53.5363|249.1|511|22|0|Not available|true|66353
2024-08-09 01:23:23|1|218709000|0|Under way using engine|undefined|0|true|8.5828|53.5382|323.2|53|20|0|Not available|false|66391
2024-08-09 01:23:26|3|211536810|0|Under way using engine|nan|12|true|8.5745|53.5354|96.1|84|27|0|Not available|false|1520
2024-08-09 01:23:26|1|211540110|0|Under way using engine|undefined|0|false|8.5775|53.5364|182.3|235|27|0|Not available|false|33752
2024-08-09 01:23:27|3|211536810|0|Under way using engine|nan|12|true|8.5745|53.5354|96.1|84|27|0|Not available|false|2352
2024-08-09 01:23:27|1|211228220|0|Under way using engine|undefined|0|true|8.578|53.525|344.6|344|27|0|Not available|false|2289
2024-08-09 01:23:29|3|636017072|0|Under way using engine|22.698670599839097|9.4|true|8.5693|53.5367|173.4|189|27|0|Not available|false|7760
2024-08-09 01:23:30|3|211536810|0|Under way using engine|nan|9.7|true|8.5748|53.5354|88.2|79|31|0|Not available|false|2112
2024-08-09 01:23:32|3|636017072|0|Under way using engine|22.199737791244292|9.4|true|8.5693|53.5366|174.5|190|30|0|Not available|false|4720
2024-08-09 01:23:32|1|211536810|0|Under way using engine|undefined|9.5|true|8.575|53.5354|85.1|79|32|0|Not available|false|82045
2024-08-09 01:23:36|1|636017072|0|Under way using engine|22.199737791244292|9.3|true|8.5693|53.5364|176.1|191|34|0|Not available|false|2209
2024-08-09 01:23:36|1|211233660|15|Not defined|undefined|0|false|8.5778|53.5367|235.9|228|35|0|Not available|false|66901
2024-08-09 01:23:37|3|211536810|0|Under way using engine|nan|9.9|true|8.5753|53.5354|80.2|78|37|0|Not available|false|1888
2024-08-09 01:23:37|1|211595610|0|Under way using engine|nan|0|true|8.5802|53.5365|239.5|511|38|0|Not available|true|66944
2024-08-09 01:23:39|3|636017072|0|Under way using engine|21.68933076422599|9.3|true|8.5694|53.5363|177.5|192|38|0|Not available|false|8096
2024-08-09 01:23:42|3|636017072|0|Under way using engine|21.68933076422599|9.3|true|8.5694|53.5362|178.2|193|40|0|Not available|false|4720
2024-08-09 01:23:42|3|211536810|0|Under way using engine|nan|8.1|true|8.5757|53.5354|79.4|77|43|0|Not available|false|2512
2024-08-09 01:23:42|1|211555420|3|Restricted manoeuverability|undefined|0|true|8.5777|53.5183|201.2|338|43|0|Not available|false|67132
2024-08-09 01:23:44|1|211536810|0|Under way using engine|nan|7.8|true|8.5758|53.5355|78.2|76|45|0|Not available|false|34428
2024-08-09 01:23:45|24|211237120|A|A|MARTHA
2024-08-09 01:23:45|1|636017072|0|Under way using engine|21.68933076422599|9.2|true|8.5693|53.536|179.6|194|44|0|Not available|false|67246
2024-08-09 01:23:46|1|211540110|0|Under way using engine|undefined|0|false|8.5774|53.5365|216.1|235|47|0|Not available|false|34504
2024-08-09 01:23:46|3|211536810|0|Under way using engine|nan|7.9|true|8.5759|53.5355|77.7|75|47|0|Not available|false|4624
2024-08-09 01:23:48|1|211595610|0|Under way using engine|nan|0|true|8.5802|53.5365|240.6|511|48|0|Not available|true|28252
2024-08-09 01:23:48|3|211411980|5|Moored|undefined|0|true|8.5823|53.5379|141|231|45|0|Not available|false|85674
2024-08-09 01:23:49|5|211595610|0|DC4782|BREMERHAVEN|60|Passenger - all ships of this type|30|30|7|7|0|12-31T23:20Z|undefined|12|31|23|20|2.7|BREMERHAFEN-BLEXEN|0
2024-08-09 01:23:50|3|636017072|0|Under way using engine|21.68933076422599|9.2|true|8.5693|53.5358|181|196|48|0|Not available|false|7504
2024-08-09 01:23:50|1|211536810|0|Under way using engine|nan|8.5|true|8.5761|53.5355|75.8|71|50|0|Not available|false|82045
2024-08-09 01:23:51|5|255801580|9190157|CQQG|AUTOPRESTIGE|79|Cargo - No additional information|100|28|13|5|3|08-12T07:30Z|undefined|8|12|7|30|5|OSLO-BEKKELAGET|0
2024-08-09 01:23:53|1|211555420|3|Restricted manoeuverability|undefined|0|true|8.5777|53.5183|201.2|338|53|0|Not available|false|67524
2024-08-09 01:23:54|3|211536810|0|Under way using engine|nan|8.2|true|8.5764|53.5356|73.1|69|55|0|Not available|false|2416
2024-08-09 01:23:56|1|211540110|0|Under way using engine|undefined|0|false|8.5774|53.5365|204.6|235|56|0|Not available|false|82035
2024-08-09 01:23:57|27|211894860|false|false|15|Not defined|8.5783|53.51|0|511
2024-08-09 01:23:57|1|211233660|15|Not defined|undefined|0|false|8.5778|53.5367|235.9|228|56|0|Not available|false|67685
2024-08-09 01:23:58|1|211595610|0|Under way using engine|nan|0|true|8.5802|53.5365|241.2|511|59|0|Not available|true|28252
2024-08-09 01:23:59|3|636017072|0|Under way using engine|21.166619475013007|9.1|true|8.5693|53.5355|184|198|57|0|Not available|false|8192
2024-08-09 01:23:59|3|211658290|5|Moored|undefined|0|false|8.5784|53.5291|175.4|167|0|0|Not available|false|85290
2024-08-09 01:24:00|3|211536810|0|Under way using engine|nan|7.4|true|8.5767|53.5356|71|65|1|0|Not available|false|2768
2024-08-09 01:24:01|1|211599340|0|Under way using engine|nan|0|true|8.5804|53.5364|248|511|2|0|Not available|true|28256
2024-08-09 01:24:02|1|211536810|0|Under way using engine|nan|7.4|true|8.5768|53.5357|69.1|62|3|0|Not available|false|82045
2024-08-09 01:24:03|3|255801580|5|Moored|undefined|0|true|8.5671|53.5655|279.4|194|3|0|Not available|false|80650
2024-08-09 01:24:04|1|218709000|0|Under way using engine|undefined|0|true|8.5828|53.5382|323.2|53|2|0|Not available|false|32910
2024-08-09 01:24:05|3|211536810|0|Under way using engine|nan|7.3|true|8.5769|53.5357|66.8|60|5|0|Not available|false|4656
2024-08-09 01:24:06|1|211233660|15|Not defined|undefined|0|false|8.5778|53.5367|235.9|228|4|0|Not available|false|49253
2024-08-09 01:24:06|1|211540110|0|Under way using engine|undefined|0|false|8.5775|53.5365|197.8|234|7|0|Not available|false|82035
2024-08-09 01:24:06|1|636017072|0|Under way using engine|20.080418372135572|9|true|8.5692|53.5351|186.6|200|5|0|Not available|false|28256
2024-08-09 01:24:07|3|211536810|0|Under way using engine|nan|7.1|true|8.5771|53.5357|65|56|7|0|Not available|false|2160
2024-08-09 01:24:07|1|211595610|0|Under way using engine|nan|0|true|8.5802|53.5365|242.5|511|8|0|Not available|true|49345
2024-08-09 01:24:08|18|211598800|0|false|8.5699|53.5474|360|511|8|false|458755
2024-08-09 01:24:11|3|211536810|0|Under way using engine|nan|6.9|true|8.5772|53.5358|60.1|52|11|0|Not available|false|4752
2024-08-09 01:24:11|1|211599340|0|Under way using engine|nan|0|true|8.5804|53.5364|248.4|511|12|0|Not available|true|49325
2024-08-09 01:24:12|3|636017072|0|Under way using engine|18.932|8.9|true|8.5691|53.5349|189|201|11|0|Not available|false|4432
2024-08-09 01:24:15|3|211718100|5|Moored|nan|0|true|8.5765|53.5306|360|511|14|0|Not available|true|84442
2024-08-09 01:24:15|1|211540110|0|Under way using engine|undefined|0|false|8.5775|53.5365|215.6|233|16|0|Not available|false|114803
2024-08-09 01:24:15|1|636017072|0|Under way using engine|18.330830177599704|8.8|true|8.5691|53.5348|190|202|14|0|Not available|false|49423
2024-08-09 01:24:19|1|211595610|0|Under way using engine|nan|0|true|8.5802|53.5365|242.3|511|19|0|Not available|true|114881
2024-08-09 01:24:19|1|211228220|0|Under way using engine|undefined|0|true|8.578|53.525|344.6|344|19|0|Not available|false|28256
2024-08-09 01:24:20|1|211536810|0|Under way using engine|nan|6.9|true|8.5777|53.536|48|39|20|0|Not available|false|82045
2024-08-09 01:24:22|1|211599340|0|Under way using engine|nan|0|true|8.5804|53.5364|247.9|511|22|0|Not available|true|49325
2024-08-09 01:24:22|3|636017072|0|Under way using engine|17.709264411601062|8.8|true|8.569|53.5345|191.8|203|20|0|Not available|false|4832
2024-08-09 01:24:22|3|211536810|0|Under way using engine|nan|7.1|true|8.5777|53.536|43.3|37|23|0|Not available|false|2464
2024-08-09 01:24:23|1|218709000|0|Under way using engine|undefined|0|true|8.5828|53.5382|323.3|53|20|0|Not available|false|49254
2024-08-09 01:24:25|1|211253400|15|Not defined|nan|0|false|8.5729|53.5454|0|511|22|0|Not available|false|28256
2024-08-09 01:24:25|1|636017072|0|Under way using engine|16.39559294444699|8.7|true|8.569|53.5344|193|203|24|0|Not available|false|114959
2024-08-09 01:24:27|1|211595610|0|Under way using engine|nan|0|true|8.5802|53.5365|243|511|28|0|Not available|true|114881
2024-08-09 01:24:28|3|211536810|0|Under way using engine|nan|6.7|true|8.5779|53.5362|35.3|24|29|0|Not available|false|5072
2024-08-09 01:24:29|18|211300110|0|false|8.5872|53.5348|360|511|29|false|458755
2024-08-09 01:24:30|5|211172020|0|DF4368|VISURA|55|Law Enforcement|10|6|3|2|1|01-01T00:00Z|undefined|1|1|0|0|1.4|PATROL WESER|0
2024-08-09 01:24:31|3|211536810|0|Under way using engine|nan|6.3|true|8.578|53.5362|31.2|17|31|0|Not available|false|1952
2024-08-09 01:24:34|3|211536810|0|Under way using engine|nan|5.4|true|8.5781|53.5363|21.7|2|34|0|Not available|false|5344
2024-08-09 01:24:35|3|253743000|1|At anchor|undefined|0.1|true|8.5501|53.5168|247.4|81|34|0|Not available|true|85642
2024-08-09 01:24:35|1|636017072|0|Under way using engine|10.583309737506504|8.6|true|8.5688|53.534|195.8|204|33|0|Not available|false|66841
2024-08-09 01:24:35|1|211540110|0|Under way using engine|undefined|0|false|8.5775|53.5365|109.8|234|35|0|Not available|false|28256
2024-08-09 01:24:36|1|211233660|15|Not defined|undefined|0|false|8.5778|53.5367|235.9|228|35|0|Not available|false|49239
2024-08-09 01:24:37|3|211536810|0|Under way using engine|nan|4.1|true|8.5781|53.5364|15.8|350|37|0|Not available|false|1792
2024-08-09 01:24:37|1|211595610|0|Under way using engine|nan|0|true|8.5802|53.5365|242.5|511|38|0|Not available|true|49345
2024-08-09 01:24:38|1|211536810|0|Under way using engine|nan|3.4|true|8.5781|53.5364|12.3|346|39|0|Not available|false|66969
2024-08-09 01:24:40|3|211536810|0|Under way using engine|nan|3|true|8.5781|53.5364|12.1|337|40|0|Not available|false|5200
2024-08-09 01:24:40|3|211235180|5|Moored|nan|0.1|false|8.5781|53.5368|160.2|511|39|0|Not available|false|0
2024-08-09 01:24:45|1|211233660|15|Not defined|undefined|0|false|8.5778|53.5367|235.9|228|44|0|Not available|false|49242
2024-08-09 01:24:45|1|636017072|0|Under way using engine|nan|8.5|true|8.5686|53.5336|198.4|203|44|0|Not available|false|49423
2024-08-09 01:24:46|3|211536810|0|Under way using engine|nan|1.8|true|8.5781|53.5365|352|314|46|0|Not available|false|5088
2024-08-09 01:24:46|5|211235180|0|DBAC|HERMANN RUDOLF MEYER|51|Search and Rescue vessel|11|12|3|3|1|01-01T00:00Z|undefined|1|1|0|0|1.6||0
2024-08-09 01:24:48|1|211595610|0|Under way using engine|nan|0|true|8.5802|53.5365|242.6|511|48|0|Not available|true|2310
2024-08-09 01:24:49|3|211536810|0|Under way using engine|nan|2|true|8.5781|53.5365|336.8|306|49|0|Not available|false|2336
2024-08-09 01:24:53|1|218709000|0|Under way using engine|undefined|0|true|8.5828|53.5382|171.1|53|50|0|Not available|false|2313
2024-08-09 01:24:56|1|211536810|0|Under way using engine|nan|1.4|true|8.578|53.5365|318.8|280|57|0|Not available|false|34887
2024-08-09 01:24:57|1|211233660|15|Not defined|undefined|0|false|8.5778|53.5367|235.9|228|56|0|Not available|false|49247
2024-08-09 01:24:58|1|211595610|0|Under way using engine|nan|0|true|8.5802|53.5365|244.5|511|59|0|Not available|true|2245
2024-08-09 01:25:01|1|211599340|0|Under way using engine|nan|0|true|8.5804|53.5364|252.7|511|2|0|Not available|true|2286
2024-08-09 01:25:02|1|211536810|0|Under way using engine|nan|0.4|true|8.578|53.5366|297.9|271|3|0|Not available|false|65621
2024-08-09 01:25:04|1|218709000|0|Under way using engine|undefined|0|true|8.5828|53.5382|143.3|53|1|0|Not available|false|28260
2024-08-09 01:25:06|1|636017072|0|Under way using engine|nan|8.5|true|8.5681|53.5328|199|202|5|0|Not available|false|2230
2024-08-09 01:25:07|1|211595610|0|Under way using engine|nan|0|true|8.5802|53.5365|246.8|511|8|0|Not available|true|33053
2024-08-09 01:25:11|3|211599340|0|Under way using engine|nan|0|false|8.5804|53.5364|252.3|511|12|0|Not available|true|12033
2024-08-09 01:25:13|1|218709000|0|Under way using engine|undefined|0|true|8.5828|53.5382|143.3|53|10|0|Not available|false|49257
2024-08-09 01:25:14|1|211536810|0|Under way using engine|nan|0.9|true|8.578|53.5366|315.8|255|14|0|Not available|false|49277
2024-08-09 01:25:18|3|211536810|0|Under way using engine|nan|0.6|true|8.5779|53.5366|277.4|249|19|0|Not available|false|2192
2024-08-09 01:25:19|1|211595610|0|Under way using engine|nan|0|true|8.5802|53.5365|247.6|511|19|0|Not available|true|99005
2024-08-09 01:25:19|1|211228220|0|Under way using engine|undefined|0|true|8.578|53.525|344.6|344|19|0|Not available|false|2201
2024-08-09 01:25:19|5|210525000|9466233|5BCL6|HILDA B|70|Cargo - all ships of this type|75|13|4|9|1|04-25T08:00Z|undefined|4|25|8|0|4|DEBRE|0
2024-08-09 01:25:20|1|211536810|0|Under way using engine|nan|0.7|true|8.5779|53.5366|269.8|245|20|0|Not available|false|66288
2024-08-09 01:25:22|24|211300110|A|A|TENDER TO ARIS
2024-08-09 01:25:22|1|211555420|3|Restricted manoeuverability|undefined|0|true|8.5777|53.5183|201.2|338|23|0|Not available|false|33611
2024-08-09 01:25:23|1|218709000|0|Under way using engine|undefined|0|true|8.5828|53.5382|323.3|53|20|0|Not available|false|33623
2024-08-09 01:25:23|3|211626110|3|Restricted manoeuverability|undefined|0|false|8.5528|53.5236|25.4|238|22|0|Not available|false|23971
2024-08-09 01:25:23|3|211264470|5|Moored|nan|0|false|8.571|53.548|360|511|23|0|Not available|false|108304
2024-08-09 01:25:23|5|218709000|9502233|DBJC|ALTE WESER|55|Law Enforcement|9|24|3|3|1|08-06T15:00Z|undefined|8|6|15|0|1.8|PATROL|0
2024-08-09 01:25:24|3|211536810|0|Under way using engine|nan|0.7|true|8.5779|53.5366|305.1|237|25|0|Not available|false|2384
2024-08-09 01:25:25|1|636017072|0|Under way using engine|14.198999999999998|8.7|true|8.5677|53.5321|198.3|202|24|0|Not available|false|99260
2024-08-09 01:25:27|1|211595610|0|Under way using engine|nan|0|true|8.5802|53.5365|248.4|511|28|0|Not available|true|99334
2024-08-09 01:25:28|1|211228220|0|Under way using engine|undefined|0|true|8.578|53.525|344.6|344|28|0|Not available|false|33826
2024-08-09 01:25:28|5|211599340|0|DC4779|NORDENHAM|60|Passenger - all ships of this type|30|30|7|7|0|01-05T00:00Z|undefined|1|5|0|0|2.5|BREMERHAVEN-NORDENAM|0
2024-08-09 01:25:29|1|211523490|0|Under way using engine|nan|0|true|8.5759|53.5173|360|511|28|0|Not available|true|49346
2024-08-09 01:25:30|3|211536810|0|Under way using engine|nan|0.6|true|8.5779|53.5366|352.2|227|30|0|Not available|false|2912
2024-08-09 01:25:30|3|211225940|5|Moored|undefined|0|false|8.58|53.537|203.2|237|30|0|Not available|false|85466
2024-08-09 01:25:30|5|211225940|9031208|DBMN|TIDE|55|Law Enforcement|8|23|6|1|1|00-00T24:60Z|undefined|0|0|24|60|2.3|BRV|0
2024-08-09 01:25:34|1|211253400|15|Not defined|nan|0|false|8.5729|53.5454|0|511|30|0|Not available|false|66800
2024-08-09 01:25:34|1|218709000|0|Under way using engine|undefined|0|true|8.5828|53.5382|176.2|53|31|0|Not available|false|34056
2024-08-09 01:25:35|1|636017072|0|Under way using engine|15.697585132752106|8.7|true|8.5675|53.5318|198.2|203|33|0|Not available|false|49419
2024-08-09 01:25:36|1|211233660|15|Not defined|undefined|0|false|8.5778|53.5366|235.9|228|35|0|Not available|false|34133
2024-08-09 01:25:37|1|211595610|0|Under way using engine|nan|0|true|8.5802|53.5365|248.9|511|38|0|Not available|true|34176
2024-08-09 01:25:38|1|211536810|0|Under way using engine|undefined|0.3|true|8.5779|53.5366|33.1|226|39|0|Not available|false|49277
2024-08-09 01:25:41|3|211536810|0|Under way using engine|undefined|0.3|true|8.5779|53.5366|30.7|226|41|0|Not available|false|4784
2024-08-09 01:25:43|1|218709000|0|Under way using engine|undefined|0|true|8.5828|53.5382|143.3|53|41|0|Not available|false|114795
2024-08-09 01:25:43|3|211536810|0|Under way using engine|fastright|0.5|true|8.5779|53.5366|12.8|227|43|0|Not available|false|2464
2024-08-09 01:25:45|1|211233660|15|Not defined|undefined|0|false|8.5778|53.5366|235.9|227|44|0|Not available|false|34474
2024-08-09 01:25:46|1|636017072|0|Under way using engine|17.709264411601062|8.8|true|8.5673|53.5313|198.4|205|44|0|Not available|false|34478
2024-08-09 01:25:49|3|211386490|5|Moored|undefined|0|false|8.5819|53.5377|42|237|49|0|Not available|false|86010
2024-08-09 01:25:51|3|210525000|5|Moored|undefined|0|false|8.576|53.5231|278.5|182|50|0|Not available|false|0
2024-08-09 01:25:52|3|636017072|0|Under way using engine|18.330830177599704|8.9|true|8.5671|53.5311|198.7|206|50|0|Not available|false|4912
2024-08-09 01:25:52|3|636017072|0|Under way using engine|18.330830177599704|8.9|true|8.5671|53.5311|198.7|206|51|0|Not available|false|6368
2024-08-09 01:25:52|1|211599340|0|Under way using engine|nan|0|true|8.5804|53.5364|249.5|511|52|0|Not available|true|49325
2024-08-09 01:25:52|3|211172030|5|Moored|undefined|0.1|true|8.5769|53.534|154.4|248|51|0|Not available|false|84986
2024-08-09 01:25:53|3|211536810|0|Under way using engine|undefined|0.4|true|8.5779|53.5366|37.3|224|53|0|Not available|false|4416
2024-08-09 01:25:53|1|211555420|3|Restricted manoeuverability|undefined|0|true|8.5777|53.5183|201.2|338|53|0|Not available|false|34756
2024-08-09 01:25:57|1|211233660|15|Not defined|undefined|0|false|8.5778|53.5366|235.9|228|56|0|Not available|false|34917
2024-08-09 01:25:58|1|211595610|0|Under way using engine|nan|0|true|8.5802|53.5365|248.6|511|59|0|Not available|true|82111
2024-08-09 01:26:02|1|211599340|0|Under way using engine|nan|0|true|8.5804|53.5364|249|511|3|0|Not available|true|49326
2024-08-09 01:26:05|1|211253400|15|Not defined|nan|0|false|8.5729|53.5454|0|511|2|0|Not available|false|65731
2024-08-09 01:26:06|1|211233660|15|Not defined|undefined|0|false|8.5778|53.5366|235.9|228|4|0|Not available|false|28264
2024-08-09 01:26:07|1|211595610|0|Under way using engine|nan|0|true|8.5802|53.5365|249.2|511|8|0|Not available|true|28264
2024-08-09 01:26:09|1|211523490|0|Under way using engine|nan|0|true|8.5759|53.5173|360|511|8|0|Not available|true|82112
2024-08-09 01:26:09|3|636017072|0|Under way using engine|18.932|8.9|true|8.5667|53.5304|200.5|209|8|0|Not available|false|7760
2024-08-09 01:26:11|1|211599340|0|Under way using engine|nan|0|true|8.5804|53.5364|247.6|511|12|0|Not available|true|28264
2024-08-09 01:26:13|1|218709000|0|Under way using engine|undefined|0|true|8.5828|53.5382|179.4|53|11|0|Not available|false|33269
2024-08-09 01:26:14|1|211536810|0|Under way using engine|nan|0.1|true|8.5779|53.5366|337.2|230|14|0|Not available|false|33299
2024-08-09 01:26:15|1|636017072|0|Under way using engine|18.330830177599704|8.9|true|8.5665|53.5302|201.6|210|14|0|Not available|false|28264
2024-08-09 01:26:19|3|636017072|0|Under way using engine|18.330830177599704|8.9|true|8.5664|53.53|202.7|211|18|0|Not available|false|8064
2024-08-09 01:26:22|1|211599340|0|Under way using engine|nan|0|true|8.5804|53.5364|249.5|511|22|0|Not available|true|28264
2024-08-09 01:26:22|1|211555420|3|Restricted manoeuverability|undefined|0|true|8.5777|53.5183|201.2|338|23|0|Not available|false|28264
2024-08-09 01:26:23|1|218709000|0|Under way using engine|undefined|0|true|8.5828|53.5382|191.6|53|20|0|Not available|false|28264
2024-08-09 01:26:25|3|211225920|5|Moored|undefined|0|true|8.5814|53.5375|338.6|233|24|0|Not available|false|0
2024-08-09 01:26:25|1|636017072|0|Under way using engine|17.709264411601062|8.9|true|8.5662|53.5298|203.9|212|24|0|Not available|false|82184
2024-08-09 01:26:27|1|211233660|15|Not defined|undefined|0|false|8.5778|53.5366|235.9|228|26|0|Not available|false|49258
2024-08-09 01:26:31|3|211706840|5|Moored|undefined|0|false|8.5769|53.5313|270.6|93|32|0|Not available|false|85866
2024-08-09 01:26:32|3|211536810|0|Under way using engine|undefined|0.2|true|8.5779|53.5366|337.2|231|32|0|Not available|false|2400
2024-08-09 01:26:34|1|218709000|0|Under way using engine|undefined|0|true|8.5828|53.5382|323.3|53|32|0|Not available|false|28264
2024-08-09 01:26:36|1|211233660|15|Not defined|undefined|0|false|8.5778|53.5366|235.9|228|35|0|Not available|false|28264
2024-08-09 01:26:37|1|211595610|0|Under way using engine|nan|0|true|8.5802|53.5365|253|511|38|0|Not available|true|28264
2024-08-09 01:26:38|1|211536810|0|Under way using engine|undefined|0|true|8.5779|53.5366|337.2|231|39|0|Not available|false|0
2024-08-09 01:26:42|1|211555420|3|Restricted manoeuverability|undefined|0|true|8.5777|53.5183|201.2|338|43|0|Not available|false|28264
2024-08-09 01:26:44|1|211253400|15|Not defined|nan|0|false|8.5729|53.5454|0|511|41|0|Not available|false|67201
2024-08-09 01:26:45|1|211233660|15|Not defined|undefined|0|false|8.5778|53.5366|235.9|228|44|0|Not available|false|28264
2024-08-09 01:26:46|1|636017072|0|Under way using engine|12.522340955268707|8.9|true|8.5656|53.5291|208.5|213|44|0|Not available|false|28264
2024-08-09 01:26:46|5|636017072|9708057|D5JD9|SZARE SZEREGI|70|Cargo - all ships of this type|152|28|11|19|1|08-08T20:00Z|undefined|8|8|20|0|9.5|DEBKE|0
2024-08-09 01:26:49|3|211411980|5|Moored|undefined|0|true|8.5823|53.5379|321.1|231|45|0|Not available|false|84394
2024-08-09 01:26:52|1|211599340|0|Under way using engine|nan|0|true|8.5804|53.5364|248.1|511|52|0|Not available|true|34722
2024-08-09 01:26:54|1|218709000|0|Under way using engine|undefined|0|true|8.5828|53.5382|143.3|53|52|0|Not available|false|34814
2024-08-09 01:26:55|1|211253400|15|Not defined|nan|0|false|8.5729|53.5454|0|511|52|0|Not available|false|67591
2024-08-09 01:26:56|1|211540110|0|Under way using engine|undefined|0|false|8.5775|53.5365|250.2|235|56|0|Not available|false|34864
2024-08-09 01:26:56|3|211536810|0|Under way using engine|undefined|0|true|8.578|53.5366|337.2|232|57|0|Not available|false|12433
2024-08-09 01:26:57|3|255801580|5|Moored|undefined|0|true|8.5671|53.5655|196.2|195|56|0|Not available|false|81802
2024-08-09 01:26:57|1|211233660|15|Not defined|undefined|0|false|8.5778|53.5367|235.9|228|56|0|Not available|false|28264
2024-08-09 01:27:02|1|211599340|0|Under way using engine|nan|0|true|8.5804|53.5364|248.6|511|3|0|Not available|true|32863
2024-08-09 01:27:06|1|636017072|0|Under way using engine|nan|8.8|true|8.5649|53.5284|211.7|213|4|0|Not available|false|49416
2024-08-09 01:27:06|1|211233660|15|Not defined|undefined|0|false|8.5778|53.5367|235.9|228|4|0|Not available|false|2247
2024-08-09 01:27:06|1|211536810|0|Under way using engine|nan|0.1|true|8.578|53.5366|337.2|232|6|0|Not available|false|82045
2024-08-09 01:27:13|1|218709000|0|Under way using engine|undefined|0|true|8.5828|53.5382|323.3|53|10|0|Not available|false|28268
2024-08-09 01:27:14|1|211536810|0|Under way using engine|undefined|0.1|true|8.578|53.5366|337.2|231|14|0|Not available|false|0
2024-08-09 01:27:15|1|211540110|0|Under way using engine|undefined|0|false|8.5775|53.5365|205.4|235|16|0|Not available|false|66109
2024-08-09 01:27:15|1|636017072|0|Under way using engine|nan|8.9|true|8.5646|53.5281|212|213|14|0|Not available|false|2257
2024-08-09 01:27:17|1|211536810|0|Under way using engine|undefined|0.1|true|8.578|53.5366|337.2|231|18|0|Not available|false|114813
2024-08-09 01:27:19|1|211595610|0|Under way using engine|nan|0|true|8.5802|53.5365|248.1|511|19|0|Not available|true|66237
2024-08-09 01:27:20|1|211536810|0|Under way using engine|undefined|0|true|8.5779|53.5366|337.2|231|20|0|Not available|false|0
2024-08-09 01:27:22|1|211555420|3|Restricted manoeuverability|undefined|0|true|8.5777|53.5183|201.2|338|23|0|Not available|false|2224
2024-08-09 01:27:23|1|218709000|0|Under way using engine|undefined|0|true|8.5828|53.5382|143.3|53|20|0|Not available|false|2269
2024-08-09 01:27:23|1|211626110|3|Restricted manoeuverability|undefined|0|false|8.5528|53.5236|25.4|237|22|0|Not available|false|82047
2024-08-09 01:27:24|3|211172020|5|Moored|undefined|0|true|8.577|53.5339|189.2|249|23|0|Not available|false|85130
2024-08-09 01:27:25|1|636017072|0|Under way using engine|9.466|8.9|true|8.5642|53.5277|212.2|213|24|0|Not available|false|66492
2024-08-09 01:27:27|3|211112160|5|Moored|nan|0|true|8.5842|53.5222|360|511|26|0|Not available|true|84106
2024-08-09 01:27:27|1|211595610|0|Under way using engine|nan|0|true|8.5802|53.5365|248.1|511|28|0|Not available|true|66566
2024-08-09 01:27:29|18|211300110|0.1|false|8.5872|53.5348|340.6|511|29|false|458755
2024-08-09 01:27:32|1|211599340|0|Under way using engine|nan|0|false|8.5803|53.5363|244.3|511|33|0|Not available|true|114862
2024-08-09 01:27:34|1|218709000|0|Under way using engine|undefined|0|true|8.5828|53.5382|323.3|53|32|0|Not available|false|2228
2024-08-09 01:27:34|1|211626110|3|Restricted manoeuverability|undefined|0|false|8.5528|53.5236|25.4|237|34|0|Not available|false|99596
2024-08-09 01:27:35|1|636017072|0|Under way using engine|12.522340955268707|8.9|true|8.5639|53.5274|212.6|213|33|0|Not available|false|28268
2024-08-09 01:27:36|3|253743000|1|At anchor|undefined|0.3|true|8.5499|53.5167|213.3|84|35|0|Not available|true|85258
2024-08-09 01:27:36|1|211536810|0|Under way using engine|undefined|0|true|8.5779|53.5366|337.2|232|36|0|Not available|false|82045
2024-08-09 01:27:36|1|211233660|15|Not defined|undefined|0|false|8.5778|53.5366|235.9|228|35|0|Not available|false|2265
2024-08-09 01:27:36|1|211540110|0|Under way using engine|undefined|0|false|8.5775|53.5365|198.4|235|37|0|Not available|false|49266
2024-08-09 01:27:38|5|211386490|8779229|DBHN|NADIR|90|Other Type - all ships of this type|11|5|2|2|1|01-22T16:00Z|undefined|1|22|16|0|1.1|SURVEY OPERATION|0
2024-08-09 01:27:40|3|211235180|5|Moored|nan|0|false|8.5782|53.5368|201.5|511|39|0|Not available|false|0
2024-08-09 01:27:41|1|211599340|0|Under way using engine|nan|0|false|8.5803|53.5363|243.5|511|41|0|Not available|true|49325
2024-08-09 01:27:42|1|211555420|3|Restricted manoeuverability|undefined|0|true|8.5777|53.5183|201.2|338|43|0|Not available|false|2227
2024-08-09 01:27:43|1|218709000|0|Under way using engine|undefined|0|true|8.5828|53.5382|143.3|53|40|0|Not available|false|82023
2024-08-09 01:27:47|1|211536810|0|Under way using engine|undefined|0|true|8.5779|53.5366|337.2|232|47|0|Not available|false|82045
2024-08-09 01:27:50|1|211523490|0|Under way using engine|nan|0|true|8.5759|53.5173|360|511|49|0|Not available|true|34640
2024-08-09 01:27:55|1|218709000|0|Under way using engine|undefined|0|true|8.5828|53.5382|143.3|53|52|0|Not available|false|28268
2024-08-09 01:27:56|1|636017072|0|Under way using engine|17.709264411601062|9|true|8.5631|53.5266|212.8|216|54|0|Not available|false|34857
2024-08-09 01:27:56|1|211540110|0|Under way using engine|undefined|0|false|8.5775|53.5365|226.5|236|56|0|Not available|false|28268
2024-08-09 01:27:56|1|211536810|0|Under way using engine|undefined|0|true|8.578|53.5366|337.2|232|57|0|Not available|false|49277
2024-08-09 01:27:57|1|211233660|15|Not defined|undefined|0|false|8.5778|53.5366|235.9|228|56|0|Not available|false|2185
2024-08-09 01:28:00|3|636017072|0|Under way using engine|18.330830177599704|9|true|8.5629|53.5265|213|216|58|0|Not available|false|7472
2024-08-09 01:28:00|3|636017072|0|Under way using engine|18.330830177599704|9|true|8.5629|53.5265|213|216|58|0|Not available|false|1280
2024-08-09 01:28:02|1|211599340|0|Under way using engine|nan|0|true|8.5803|53.5363|240.3|511|3|0|Not available|true|28272
2024-08-09 01:28:03|1|218709000|0|Under way using engine|undefined|0|true|8.5828|53.5382|323.3|53|1|0|Not available|false|98431
2024-08-09 01:28:06|3|211233660|15|Not defined|undefined|0|false|8.5778|53.5366|235.9|228|4|0|Not available|false|9971
2024-08-09 01:28:09|1|211595610|0|Under way using engine|nan|0|true|8.5803|53.5365|248.1|511|10|0|Not available|true|65887
2024-08-09 01:28:11|1|211599340|0|Under way using engine|nan|0|true|8.5803|53.5363|240.3|511|11|0|Not available|true|49325
2024-08-09 01:28:12|3|636017072|0|Under way using engine|20.080418372135572|9.1|true|8.5624|53.5261|213.9|219|10|0|Not available|false|3888
2024-08-09 01:28:12|1|211555420|3|Restricted manoeuverability|undefined|0|true|8.5777|53.5183|266.7|338|13|0|Not available|false|49310
2024-08-09 01:28:13|1|218709000|0|Under way using engine|undefined|0|true|8.5828|53.5382|323.3|53|11|0|Not available|false|2251
2024-08-09 01:28:15|5|211718100|0|DK8884|GREENPORTS 1|79|Cargo - No additional information|56|15|5|6|0|09-16T23:00Z|undefined|9|16|23|0|2|BREMERHAVEN|0
2024-08-09 01:28:15|5|211630370|7725453|DHVE2|LEV TORNADO|99|Other Type - no additional information|24|24|5|4|1|01-15T09:00Z|undefined|1|15|9|0|3.5|BREMERHAVEN|0
2024-08-09 01:28:15|1|211540110|0|Under way using engine|undefined|0|false|8.5774|53.5365|230.4|235|16|0|Not available|false|49266
2024-08-09 01:28:15|1|636017072|0|Under way using engine|20.080418372135572|9.1|true|8.5623|53.5259|214.2|220|14|0|Not available|false|82181
2024-08-09 01:28:17|3|211885430|5|Moored|undefined|0|false|8.5836|53.5086|355.1|173|14|0|Not available|false|86042
2024-08-09 01:28:19|1|211595610|0|Under way using engine|nan|0|true|8.5803|53.5365|248.1|511|19|0|Not available|true|49344
2024-08-10 23:52:19|3|211718100|5|Moored|nan|0|true|8.5765|53.5306|360|511|18|0|Not available|true|84426
2024-08-10 23:52:22|1|211599340|0|Under way using engine|nan|0|true|8.5804|53.5364|309.3|511|22|0|Not available|true|33585
2024-08-10 23:52:27|1|211233660|15|Not defined|undefined|0|false|8.5778|53.5366|235.9|228|25|0|Not available|false|33762
2024-08-10 23:52:30|18|211129960|0|false|8.5783|53.5098|360|511|29|false|307373
2024-08-10 23:52:30|1|211116250|3|Restricted manoeuverability|nan|0|false|8.5743|53.5239|318.6|511|28|1|No special maneuver|false|99419
2024-08-10 23:52:32|3|211225940|5|Moored|undefined|0|false|8.5799|53.537|209.8|237|31|0|Not available|false|84570
2024-08-10 23:52:35|1|218709000|0|Under way using engine|undefined|0|true|8.5828|53.5382|143.2|53|31|0|Not available|false|2267
2024-08-10 23:52:35|3|314543000|1|At anchor|nan|0|false|8.5637|53.5243|320.6|238|34|0|Not available|false|83994
2024-08-10 23:52:41|1|211599340|0|Under way using engine|nan|0|true|8.5804|53.5364|307.8|511|41|0|Not available|true|49291
2024-08-10 23:52:45|1|218709000|0|Under way using engine|undefined|0|true|8.5828|53.5382|143.2|53|41|0|Not available|false|49250
2024-08-10 23:52:51|1|211599340|0|Under way using engine|nan|0|true|8.5804|53.5364|307.7|511|51|0|Not available|true|34665
2024-08-10 23:52:55|1|218709000|0|Under way using engine|undefined|0|true|8.5828|53.5382|323.2|53|51|0|Not available|false|49246
2024-08-10 23:52:57|1|211233660|15|Not defined|undefined|0|false|8.5778|53.5366|235.9|228|54|0|Not available|false|100401
2024-08-10 23:52:58|5|211172020|0|DF4368|VISURA|55|Law Enforcement|10|6|3|2|1|01-01T00:00Z|undefined|1|1|0|0|1.4|PATROL WESER|0
2024-08-10 23:53:03|1|211599340|0|Under way using engine|nan|0|true|8.5804|53.5364|306.2|511|3|0|Not available|true|65631
2024-08-10 23:53:06|1|218709000|0|Under way using engine|undefined|0|true|8.5828|53.5382|143.2|53|2|0|Not available|false|114780
2024-08-10 23:53:07|1|211233660|15|Not defined|undefined|0|false|8.5778|53.5366|235.9|228|4|0|Not available|false|2257
2024-08-10 23:53:15|1|218709000|0|Under way using engine|undefined|0|true|8.5828|53.5382|143.2|53|12|0|Not available|false|49245
2024-08-10 23:53:22|1|211599340|0|Under way using engine|nan|0|true|8.5804|53.5364|304.7|511|22|0|Not available|true|27348
2024-08-10 23:53:27|1|211233660|15|Not defined|undefined|0|false|8.5778|53.5366|235.9|228|25|0|Not available|false|27348
2024-08-10 23:53:28|3|211225920|5|Moored|undefined|0|true|8.5814|53.5375|334.4|233|26|0|Not available|false|0
2024-08-10 23:53:32|1|211599340|0|Under way using engine|nan|0|true|8.5804|53.5364|304.4|511|31|0|Not available|true|2302
2024-08-10 23:53:35|1|218709000|0|Under way using engine|undefined|0|true|8.5828|53.5382|323.2|53|32|0|Not available|false|99601
2024-08-10 23:53:48|1|211233660|15|Not defined|undefined|0|false|8.5777|53.5367|235.9|228|46|0|Not available|false|49266
2024-08-10 23:53:50|1|211590050|0|Under way using engine|nan|0|true|8.5757|53.5287|360|511|49|0|Not available|true|67395
2024-08-10 23:53:51|1|211599340|0|Under way using engine|nan|0|true|8.5804|53.5364|301.4|511|51|0|Not available|true|27348
2024-08-10 23:53:52|5|211221570|9833395|DLVW|BREMEN|55|Law Enforcement|15|9|3|3|1|12-31T20:00Z|undefined|12|31|20|0|1.5|BREMERHAVEN|0
2024-08-10 23:53:55|5|218709000|9502233|DBJC|ALTE WESER|55|Law Enforcement|9|24|3|3|1|08-06T15:00Z|undefined|8|6|15|0|1.8|PATROL|0
2024-08-10 23:53:55|5|218709000|9502233|DBJC|ALTE WESER|55|Law Enforcement|9|24|3|3|1|08-06T15:00Z|undefined|8|6|15|0|1.8|PATROL|0
2024-08-10 23:53:57|1|211233660|15|Not defined|undefined|0|false|8.5777|53.5367|235.9|228|55|0|Not available|false|82008
2024-08-10 23:54:00|5|211225920|0|DBLO|FRANZIUSPLATE|0|Not available|0|0|0|0|1|01-25T14:30Z|undefined|1|25|14|30|1.2|BREMERHAVEN|0
2024-08-10 23:54:06|1|218709000|0|Under way using engine|undefined|0|true|8.5828|53.5382|323.2|53|2|0|Not available|false|98487
2024-08-10 23:54:13|1|211599340|0|Under way using engine|nan|0|true|8.5804|53.5364|303.6|511|12|0|Not available|true|98757
2024-08-10 23:54:15|1|218709000|0|Under way using engine|undefined|0|true|8.5828|53.5382|143.2|53|11|0|Not available|false|33312
2024-08-10 23:54:23|1|211599340|0|Under way using engine|nan|0|true|8.5804|53.5364|302.3|511|22|0|Not available|true|2206
2024-08-10 23:54:26|1|218709000|0|Under way using engine|undefined|0|true|8.5828|53.5382|5|53|22|0|Not available|false|114785
2024-08-10 23:54:27|1|211233660|15|Not defined|undefined|0|false|8.5777|53.5367|235.9|228|25|0|Not available|false|2270
2024-08-10 23:54:28|5|211225940|9031208|DBMN|TIDE|55|Law Enforcement|8|23|6|1|1|00-00T24:60Z|undefined|0|0|24|60|2.3|BRV|0
2024-08-10 23:54:33|1|211599340|0|Under way using engine|nan|0|true|8.5804|53.5364|302.1|511|33|0|Not available|true|114826
2024-08-10 23:54:35|1|218709000|0|Under way using engine|undefined|0|true|8.5828|53.5382|20.4|53|32|0|Not available|false|82016
2024-08-10 23:54:36|3|253743000|1|At anchor|undefined|0.1|true|8.5545|53.5182|331.6|254|34|0|Not available|true|84970
2024-08-10 23:54:37|1|211233660|15|Not defined|undefined|0|false|8.5777|53.5367|235.9|228|34|0|Not available|false|99650
2024-08-10 23:54:45|1|218709000|0|Under way using engine|undefined|0|true|8.5828|53.5382|23.8|53|42|0|Not available|false|27352
2024-08-10 23:54:55|1|218709000|0|Under way using engine|undefined|0|true|8.5828|53.5382|27|53|52|0|Not available|false|27352
2024-08-10 23:54:57|1|211233660|15|Not defined|undefined|0|false|8.5777|53.5367|235.9|228|54|0|Not available|false|67633
2024-08-10 23:55:03|3|211599340|0|Under way using engine|nan|0|true|8.5804|53.5364|303.4|511|3|0|Not available|true|17363
2024-08-10 23:55:06|1|218709000|0|Under way using engine|undefined|0|true|8.5828|53.5382|19.5|53|2|0|Not available|false|82022
2024-08-10 23:55:15|1|218709000|0|Under way using engine|undefined|0|true|8.5828|53.5382|323.3|53|12|0|Not available|false|27356
2024-08-10 23:55:21|3|211599340|0|Under way using engine|nan|0|true|8.5804|53.5364|307|511|21|0|Not available|true|7553
2024-08-10 23:55:28|1|211233660|15|Not defined|undefined|0|false|8.5778|53.5366|235.9|228|26|0|Not available|false|114786
2024-08-10 23:55:33|1|211599340|0|Under way using engine|nan|0|true|8.5804|53.5364|308.4|511|33|0|Not available|true|99514
2024-08-10 23:55:35|3|314543000|1|At anchor|nan|0.1|false|8.5638|53.5243|99.9|235|34|0|Not available|false|84346
2024-08-10 23:55:35|1|218709000|0|Under way using engine|undefined|0|true|8.5828|53.5382|323.3|53|32|0|Not available|false|66833
2024-08-10 23:55:37|1|211233660|15|Not defined|undefined|0|false|8.5778|53.5366|235.9|228|34|0|Not available|false|82023
2024-08-10 23:55:38|5|211233660|9154804|DBLF|WESERLOTSE|50|Pilot Vessel1|16|13|4|4|1|01-01T00:00Z|undefined|1|1|0|0|3||0
2024-08-10 23:55:42|1|211599340|0|Under way using engine|nan|0|true|8.5804|53.5364|309.1|511|41|0|Not available|true|2284
2024-08-10 23:55:55|1|218709000|0|Under way using engine|undefined|0|true|8.5828|53.5382|143.3|53|52|0|Not available|false|2267
2024-08-10 23:55:57|1|211233660|15|Not defined|undefined|0|false|8.5779|53.5366|235.9|228|54|0|Not available|false|49241
2024-08-10 23:56:01|3|211386490|5|Moored|undefined|0|false|8.5819|53.5377|44|234|1|0|Not available|false|85274
2024-08-10 23:56:06|1|218709000|0|Under way using engine|undefined|0|true|8.5828|53.5382|42.1|53|2|0|Not available|false|65719
2024-08-10 23:56:13|1|211599340|0|Under way using engine|nan|0|true|8.5804|53.5365|311.5|511|12|0|Not available|true|65989
2024-08-10 23:56:15|1|218709000|0|Under way using engine|undefined|0|true|8.5828|53.5382|42.6|53|11|0|Not available|false|2258
2024-08-10 23:56:26|1|218709000|0|Under way using engine|undefined|0|true|8.5828|53.5382|38.4|53|23|0|Not available|false|82021
2024-08-10 23:56:28|3|211225920|5|Moored|undefined|0|true|8.5814|53.5375|334.4|233|26|0|Not available|false|0
2024-08-10 23:56:30|1|245586000|0|Under way using engine|undefined|0|true|8.5608|53.5579|64.2|176|27|0|Not available|false|66642
2024-08-10 23:56:37|1|211233660|15|Not defined|undefined|0|false|8.5779|53.5366|235.9|228|34|0|Not available|false|66882
2024-08-10 23:56:47|1|218709000|0|Under way using engine|undefined|0|true|8.5828|53.5382|323.3|53|43|0|Not available|false|67252
2024-08-10 23:56:48|1|211233660|15|Not defined|undefined|0|false|8.5778|53.5366|235.9|228|46|0|Not available|false|2211
2024-08-10 23:56:51|1|211116250|3|Restricted manoeuverability|nan|0|false|8.5743|53.5239|318.6|511|49|1|No special maneuver|false|2265
2024-08-10 23:56:51|1|211599340|0|Under way using engine|nan|0|true|8.5804|53.5365|313.6|511|51|0|Not available|true|49289
2024-08-10 23:56:57|1|211233660|15|Not defined|undefined|0|false|8.5778|53.5366|235.9|228|55|0|Not available|false|34865
2024-08-10 23:57:06|1|218709000|0|Under way using engine|undefined|0|true|8.5828|53.5382|143.3|53|2|0|Not available|false|49254
2024-08-10 23:57:06|3|255801580|5|Moored|undefined|0|true|8.5671|53.5655|8.2|195|5|0|Not available|false|85226
2024-08-10 23:57:07|1|211233660|15|Not defined|undefined|0|false|8.5778|53.5367|235.9|228|5|0|Not available|false|65764
2024-08-10 23:57:13|1|211599340|0|Under way using engine|nan|0|true|8.5804|53.5365|311.1|511|12|0|Not available|true|49290
2024-08-10 23:57:16|1|218709000|0|Under way using engine|undefined|0|true|8.5828|53.5382|143.3|53|12|0|Not available|false|66088
2024-08-10 23:57:18|3|211221570|5|Moored|undefined|0|false|8.5768|53.5342|242.1|231|16|0|Not available|false|84746
2024-08-10 23:57:21|1|211599340|0|Under way using engine|nan|0|true|8.5804|53.5365|310.5|511|21|0|Not available|true|66309
2024-08-10 23:57:28|1|211233660|15|Not defined|undefined|0|false|8.5778|53.5367|235.9|228|26|0|Not available|false|82015
2024-08-10 23:57:35|3|253743000|1|At anchor|undefined|0|true|8.5545|53.5183|5.8|247|33|0|Not available|true|85690
2024-08-10 23:57:42|3|211882460|5|Moored|undefined|0|false|8.5747|53.5258|360|189|40|0|Not available|true|84218
2024-08-10 23:57:42|5|211386490|8779229|DBHN|NADIR|90|Other Type - all ships of this type|11|5|2|2|1|01-22T16:00Z|undefined|1|22|16|0|1.1|SURVEY OPERATION|0
2024-08-10 23:57:47|1|218709000|0|Under way using engine|undefined|0|true|8.5828|53.5382|143.3|53|42|0|Not available|false|49254
2024-08-10 23:57:47|1|211233660|15|Not defined|undefined|0|false|8.5778|53.5367|235.9|228|45|0|Not available|false|100036
2024-08-10 23:57:54|5|211882460|9411824|DFTS|GOTLAND|79|Cargo - No additional information|78|10|5|7|0|08-09T15:30Z|undefined|8|9|15|30|3.4|DEBRV|0
2024-08-10 23:57:56|1|218709000|0|Under way using engine|undefined|0|true|8.5828|53.5382|143.3|53|52|0|Not available|false|100371
2024-08-10 23:58:02|3|255801580|5|Moored|undefined|0|true|8.5671|53.5655|235.1|195|1|0|Not available|false|86234
2024-08-10 23:58:07|1|211233660|15|Not defined|undefined|0|false|8.5777|53.5366|235.9|228|5|0|Not available|false|49241
2024-08-10 23:58:13|3|211411980|5|Moored|undefined|0|true|8.5823|53.5379|321.2|231|9|0|Not available|false|84234
2024-08-10 23:58:13|1|211599340|0|Under way using engine|nan|0|true|8.5804|53.5365|307.2|511|12|0|Not available|true|33221
2024-08-10 23:58:16|1|218709000|0|Under way using engine|undefined|0|true|8.5828|53.5382|143.3|53|12|0|Not available|false|49256
2024-08-10 23:58:26|1|218709000|0|Under way using engine|undefined|0|true|8.5828|53.5382|323.3|53|23|0|Not available|false|49255
2024-08-10 23:58:28|1|211233660|15|Not defined|undefined|0|false|8.5778|53.5366|235.9|228|26|0|Not available|false|66550
2024-08-10 23:58:33|1|211599340|0|Under way using engine|nan|0|true|8.5804|53.5365|306.8|511|33|0|Not available|true|49289
2024-08-10 23:58:34|3|314543000|1|At anchor|12.522340955268707|0|false|8.5639|53.5243|188.2|240|32|0|Not available|false|85402
2024-08-10 23:58:35|1|218709000|0|Under way using engine|undefined|0|true|8.5828|53.5382|323.3|53|32|0|Not available|false|27368
2024-08-10 23:58:37|1|211233660|15|Not defined|undefined|0|false|8.5778|53.5366|235.9|228|34|0|Not available|false|34114
2024-08-10 23:58:47|1|218709000|0|Under way using engine|undefined|0|true|8.5828|53.5382|143.3|53|43|0|Not available|false|34484
2024-08-10 23:58:47|1|211233660|15|Not defined|undefined|0|false|8.5778|53.5366|235.9|228|45|0|Not available|false|82030
2024-08-10 23:58:52|1|211599340|0|Under way using engine|nan|0|true|8.5804|53.5364|306.1|511|51|0|Not available|true|27368
2024-08-10 23:58:59|3|211386490|5|Moored|undefined|0|false|8.5819|53.5377|44|235|59|0|Not available|false|84362
2024-08-10 23:59:02|1|211599340|0|Under way using engine|nan|0|false|8.5804|53.5365|300.7|511|2|0|Not available|true|49289
2024-08-10 23:59:06|1|218709000|0|Under way using engine|undefined|0|true|8.5828|53.5382|323.3|53|2|0|Not available|false|27372
2024-08-10 23:59:07|1|211233660|15|Not defined|undefined|0|false|8.5777|53.5366|235.9|228|5|0|Not available|false|32996
2024-08-10 23:59:13|1|211599340|0|Under way using engine|nan|0|false|8.5804|53.5366|300.8|511|12|0|Not available|true|27372
2024-08-10 23:59:16|1|218709000|0|Under way using engine|undefined|0|true|8.5828|53.5382|143.3|53|12|0|Not available|false|33320
2024-08-10 23:59:22|1|211599340|0|Under way using engine|nan|0|true|8.5804|53.5365|299.2|511|21|0|Not available|true|33541
2024-08-10 23:59:26|1|218709000|0|Under way using engine|undefined|0|true|8.5828|53.5382|143.3|53|22|0|Not available|false|33713
2024-08-10 23:59:28|1|211233660|15|Not defined|undefined|0|false|8.5777|53.5366|235.9|228|26|0|Not available|false|49254
2024-08-10 23:59:28|3|211225920|5|Moored|undefined|0|true|8.5814|53.5375|334.4|233|26|0|Not available|false|0
2024-08-10 23:59:29|1|211590050|0|Under way using engine|nan|0|true|8.5757|53.5287|360|511|27|0|Not available|true|27372
2024-08-10 23:59:33|1|211599340|0|Under way using engine|nan|0|false|8.5804|53.5366|296.8|511|33|0|Not available|true|33978
2024-08-10 23:59:35|1|218709000|0|Under way using engine|undefined|0|true|8.5828|53.5382|323.3|53|31|0|Not available|false|2288
2024-08-10 23:59:44|18|211749860|0.7|false|8.5739|53.5444|280.8|511|42|false|458755
2024-08-10 23:59:47|1|218709000|0|Under way using engine|undefined|0|true|8.5828|53.5382|323.3|53|43|0|Not available|false|27372
2024-08-10 23:59:54|5|218709000|9502233|DBJC|ALTE WESER|55|Law Enforcement|9|24|3|3|1|08-06T15:00Z|undefined|8|6|15|0|1.8|PATROL|0
2024-08-10 23:59:56|1|218709000|0|Under way using engine|undefined|0|true|8.5828|53.5382|143.3|53|53|0|Not available|false|67603
2024-08-11 00:00:01|5|211225920|0|DBLO|FRANZIUSPLATE|0|Not available|0|0|0|0|1|01-25T14:30Z|undefined|1|25|14|30|1.2|BREMERHAVEN|0
2024-08-11 00:00:01|1|211590050|0|Under way using engine|nan|0|true|8.5757|53.5287|360|511|59|0|Not available|true|35011
2024-08-11 00:00:02|1|211599340|0|Under way using engine|nan|0|true|8.5804|53.5364|292.8|511|2|0|Not available|true|32824
2024-08-11 00:00:03|5|314543000|9014705|8PAZ8|WILSON BILBAO|79|Cargo - No additional information|71|17|7|6|1|08-07T08:00Z|undefined|8|7|8|0|5|DENHA|0
2024-08-11 00:00:13|1|211599340|0|Under way using engine|nan|0|true|8.5804|53.5364|290.8|511|12|0|Not available|true|2248
2024-08-11 00:00:21|3|211221570|5|Moored|undefined|0|false|8.5768|53.5342|242.1|231|18|0|Not available|false|83978
2024-08-11 00:00:22|1|211599340|0|Under way using engine|nan|0|true|8.5804|53.5364|287.6|511|21|0|Not available|true|27648
2024-08-11 00:00:29|5|211225940|9031208|DBMN|TIDE|55|Law Enforcement|8|23|6|1|1|00-00T24:60Z|undefined|0|0|24|60|2.3|BRV|0
2024-08-11 00:00:33|1|211599340|0|Under way using engine|nan|0|true|8.5804|53.5364|285.3|511|33|0|Not available|true|27648
2024-08-11 00:00:36|3|253743000|1|At anchor|undefined|0.2|true|8.5546|53.5182|158.7|247|34|0|Not available|true|85082
2024-08-11 00:00:37|1|218709000|0|Under way using engine|undefined|0|true|8.5828|53.5382|143.3|53|33|0|Not available|false|114788
2024-08-11 00:00:43|1|211599340|0|Under way using engine|nan|0|true|8.5804|53.5364|281.9|511|42|0|Not available|true|34333
2024-08-11 00:00:47|1|218709000|0|Under way using engine|undefined|0|true|8.5828|53.5382|323.3|53|43|0|Not available|false|2194
2024-08-11 00:00:47|1|211233660|15|Not defined|undefined|0|false|8.5778|53.5366|235.9|228|45|0|Not available|false|49259
2024-08-11 00:00:57|3|211233660|15|Not defined|undefined|0|false|8.5778|53.5366|235.9|228|54|0|Not available|false|26147
2024-08-11 00:01:05|1|218709000|0|Under way using engine|undefined|0|true|8.5828|53.5382|143.3|53|1|0|Not available|false|98469
2024-08-11 00:01:13|3|211599340|0|Under way using engine|nan|0|true|8.5804|53.5364|280.3|511|12|0|Not available|true|14737
2024-08-11 00:01:18|3|211718100|5|Moored|nan|0|true|8.5765|53.5306|360|511|17|0|Not available|true|85658
2024-08-11 00:01:22|1|211599340|0|Under way using engine|nan|0|true|8.5804|53.5364|279.7|511|21|0|Not available|true|2276
2024-08-11 00:01:25|5|211411980|9313187|DBHX|ZENIT|90|Other Type - all ships of this type|18|12|2|4|1|08-09T14:00Z|undefined|8|9|14|0|2.1|SURVEY OPS WESER|0
2024-08-11 00:01:26|1|218709000|0|Under way using engine|undefined|0|true|8.5828|53.5382|2.4|53|23|0|Not available|false|2248
2024-08-11 00:01:28|1|211233660|15|Not defined|undefined|0|false|8.5778|53.5366|235.9|228|26|0|Not available|false|27652
2024-08-11 00:01:32|3|211225940|5|Moored|undefined|0|false|8.5799|53.537|209.8|237|31|0|Not available|false|83898
2024-08-11 00:01:33|1|211599340|0|Under way using engine|nan|0|true|8.5804|53.5364|279.2|511|33|0|Not available|true|2227
2024-08-11 00:01:34|3|314543000|1|At anchor|nan|0.1|false|8.5638|53.5243|297.9|241|33|0|Not available|false|84762
2024-08-11 00:01:35|5|211599340|0|DC4779|NORDENHAM|60|Passenger - all ships of this type|30|30|7|7|0|01-05T00:00Z|undefined|1|5|0|0|2.5|BREMERHAVEN-NORDENAM|0
2024-08-11 00:01:36|18|211300110|0.1|false|8.5872|53.5348|3.9|511|35|false|458755
2024-08-11 00:01:37|1|218709000|0|Under way using engine|undefined|0|true|8.5828|53.5382|353.4|53|33|0|Not available|false|99639
2024-08-11 00:01:38|1|211233660|15|Not defined|undefined|0|false|8.5778|53.5366|235.9|228|36|0|Not available|false|66931
2024-08-11 00:01:38|24|211300110|A|A|TENDER TO ARIS
2024-08-11 00:01:39|24|211300110|B|B|37|Pleasure Craft|DD6026|null|AMC   B|8|133152|6|0|0|3
2024-08-11 00:01:43|1|211599340|0|Under way using engine|nan|0|true|8.5804|53.5364|284.6|511|42|0|Not available|true|27652
2024-08-11 00:01:47|1|211233660|15|Not defined|undefined|0|false|8.5778|53.5366|235.9|228|45|0|Not available|false|34500
2024-08-11 00:01:53|1|211599340|0|Under way using engine|nan|0|false|8.5804|53.5364|283.6|511|52|0|Not available|true|49289
2024-08-11 00:01:56|1|218709000|0|Under way using engine|undefined|0|true|8.5828|53.5382|12.5|53|52|0|Not available|false|34835
2024-08-11 00:02:22|1|211599340|0|Under way using engine|nan|0|false|8.5803|53.5365|283.5|511|22|0|Not available|true|114825
2024-08-11 00:02:26|1|218709000|0|Under way using engine|undefined|0|true|8.5828|53.5382|1.9|53|22|0|Not available|false|82017
2024-08-11 00:02:33|1|211599340|0|Under way using engine|nan|0|false|8.5803|53.5365|285.6|511|32|0|Not available|true|66723
2024-08-11 00:02:38|1|211233660|15|Not defined|undefined|0|false|8.5778|53.5366|235.9|228|36|0|Not available|false|49258
2024-08-11 00:02:45|1|218709000|0|Under way using engine|undefined|0|true|8.5828|53.5382|1.2|53|41|0|Not available|false|67196
2024-08-11 00:02:53|1|211599340|0|Under way using engine|nan|0|false|8.5803|53.5365|287.1|511|52|0|Not available|true|34701
2024-08-11 00:02:56|1|218709000|0|Under way using engine|undefined|0|true|8.5828|53.5382|5.8|53|52|0|Not available|false|27656
2024-08-11 00:02:57|1|211233660|15|Not defined|undefined|0|false|8.5778|53.5366|235.9|228|54|0|Not available|false|67624
2024-08-11 00:03:02|1|211599340|0|Under way using engine|nan|0|false|8.5803|53.5365|287.6|511|2|0|Not available|true|65587
2024-08-11 00:03:27|3|211172020|5|Moored|undefined|0|true|8.577|53.5339|27.9|249|25|0|Not available|false|84522
2024-08-11 00:03:28|1|211233660|15|Not defined|undefined|0|false|8.5778|53.5366|235.9|228|26|0|Not available|false|99323
2024-08-11 00:03:33|1|211599340|0|Under way using engine|nan|0|false|8.5803|53.5365|291.4|511|32|0|Not available|true|49288
2024-08-11 00:03:37|1|218709000|0|Under way using engine|undefined|0|true|8.5828|53.5382|5.5|53|33|0|Not available|false|66871
2024-08-11 00:03:38|1|211233660|15|Not defined|undefined|0|false|8.5778|53.5366|235.9|228|36|0|Not available|false|34163
2024-08-11 00:03:45|1|218709000|0|Under way using engine|undefined|0|true|8.5828|53.5382|2.8|53|41|0|Not available|false|49251
2024-08-11 00:03:47|1|211595610|0|Under way using engine|nan|3.8|true|8.5595|53.5228|40.1|511|46|0|Not available|true|34480
2024-08-11 00:03:53|1|211599340|0|Under way using engine|nan|0|false|8.5803|53.5366|292.5|511|52|0|Not available|true|27660
2024-08-11 00:03:56|1|218709000|0|Under way using engine|undefined|0|true|8.5828|53.5382|3.3|53|52|0|Not available|false|2236
2024-08-11 00:04:05|1|218709000|0|Under way using engine|undefined|0|true|8.5828|53.5382|323.4|53|1|0|Not available|false|49252
2024-08-11 00:04:07|1|211233660|15|Not defined|undefined|0|false|8.5778|53.5366|235.9|228|5|0|Not available|false|49239
2024-08-11 00:04:18|3|211718100|5|Moored|nan|0|true|8.5765|53.5306|360|511|17|0|Not available|true|86586
2024-08-11 00:04:20|5|211718100|0|DK8884|GREENPORTS 1|79|Cargo - No additional information|56|15|5|6|0|09-16T23:00Z|undefined|9|16|23|0|2|BREMERHAVEN|0
2024-08-11 00:04:22|1|211599340|0|Under way using engine|nan|0|true|8.5804|53.5364|289.4|511|22|0|Not available|true|82056
2024-08-11 00:04:33|1|211599340|0|Under way using engine|nan|0|true|8.5804|53.5364|289.8|511|32|0|Not available|true|33955
2024-08-11 00:04:35|3|314543000|1|At anchor|nan|0|false|8.5637|53.5243|67.6|238|33|0|Not available|false|84810
2024-08-11 00:04:37|1|218709000|0|Under way using engine|undefined|0|true|8.5828|53.5382|354.6|53|32|0|Not available|false|49250
2024-08-11 00:04:38|1|211233660|15|Not defined|undefined|0|false|8.5778|53.5366|235.9|228|36|0|Not available|false|27664
2024-08-11 00:04:48|1|211233660|15|Not defined|undefined|0|false|8.5778|53.5366|235.9|228|45|0|Not available|false|82029
2024-08-11 00:04:56|1|218709000|0|Under way using engine|undefined|0|true|8.5828|53.5382|345.3|53|52|0|Not available|false|49248
2024-08-11 00:04:57|1|211233660|15|Not defined|undefined|0|false|8.5778|53.5366|235.9|228|54|0|Not available|false|34856
2024-08-11 00:04:57|1|211595610|0|Under way using engine|nan|4.3|true|8.561|53.5239|45.9|511|57|0|Not available|true|49333
2024-08-11 00:05:00|5|211172020|0|DF4368|VISURA|55|Law Enforcement|10|6|3|2|1|01-01T00:00Z|undefined|1|1|0|0|1.4|PATROL WESER|0
2024-08-11 00:05:02|1|211599340|0|Under way using engine|nan|0|true|8.5804|53.5364|278|511|2|0|Not available|true|32819
2024-08-11 00:05:05|1|218709000|0|Under way using engine|undefined|0|true|8.5828|53.5382|331.8|53|2|0|Not available|false|32933
2024-08-11 00:05:07|1|211595610|0|Under way using engine|nan|4.2|true|8.5613|53.524|47.4|511|6|0|Not available|true|49333
2024-08-11 00:05:07|1|211233660|15|Not defined|undefined|0|false|8.5778|53.5366|235.9|228|5|0|Not available|false|33008
2024-08-11 00:05:15|1|218709000|0|Under way using engine|undefined|0|true|8.5828|53.5382|326.2|53|12|0|Not available|false|49248
2024-08-11 00:05:27|1|211595610|0|Under way using engine|nan|3.9|true|8.5618|53.5243|51|511|26|0|Not available|true|66512
2024-08-11 00:05:28|1|211233660|15|Not defined|undefined|0|false|8.5778|53.5366|235.9|228|26|0|Not available|false|66555
2024-08-11 00:05:29|3|211225920|5|Moored|undefined|0|true|8.5814|53.5375|334.4|232|27|0|Not available|false|0
2024-08-11 00:05:33|1|211599340|0|Under way using engine|nan|0|true|8.5804|53.5364|274.9|511|32|0|Not available|true|27668
2024-08-11 00:05:37|1|218709000|0|Under way using engine|undefined|0|true|8.5828|53.5382|323.4|53|33|0|Not available|false|34103
2024-08-11 00:05:38|1|211233660|15|Not defined|undefined|0|false|8.5778|53.5366|235.9|228|36|0|Not available|false|2224
2024-08-11 00:05:42|1|211599340|0|Under way using engine|nan|0|true|8.5804|53.5364|274.3|511|41|0|Not available|true|27668
2024-08-11 00:05:52|5|211221570|9833395|DLVW|BREMEN|55|Law Enforcement|15|9|3|3|1|12-31T20:00Z|undefined|12|31|20|0|1.5|BREMERHAVEN|0
2024-08-11 00:05:57|1|211233660|15|Not defined|undefined|0|false|8.5778|53.5367|235.9|228|54|0|Not available|false|27668
2024-08-11 00:05:58|5|218709000|9502233|DBJC|ALTE WESER|55|Law Enforcement|9|24|3|3|1|08-06T15:00Z|undefined|8|6|15|0|1.8|PATROL|0
2024-08-11 00:06:02|1|211599340|0|Under way using engine|nan|0|true|8.5804|53.5364|273.3|511|2|0|Not available|true|27672
2024-08-11 00:06:06|1|218709000|0|Under way using engine|undefined|0|true|8.5828|53.5382|336.1|54|1|0|Not available|false|27672
2024-08-11 00:06:07|1|211595610|0|Under way using engine|nan|3.3|true|8.5626|53.5246|55.4|511|6|0|Not available|true|32978
2024-08-11 00:06:07|1|211233660|15|Not defined|undefined|0|false|8.5778|53.5367|235.9|228|5|0|Not available|false|27672
2024-08-11 00:06:15|1|218709000|0|Under way using engine|undefined|0|true|8.5828|53.5382|339.4|53|11|0|Not available|false|33307
2024-08-11 00:06:22|1|211599340|0|Under way using engine|nan|0|true|8.5804|53.5364|271.5|511|22|0|Not available|true|49286
2024-08-11 00:06:26|1|218709000|0|Under way using engine|undefined|0|true|8.5828|53.5382|341.4|53|23|0|Not available|false|27672
2024-08-11 00:06:35|5|253743000|9507362|LXVY|VERTOM ISA|79|Cargo - No additional information|74|14|6|6|1|08-08T15:54Z|undefined|8|8|15|54|3|DEBRE|0
2024-08-11 00:06:36|3|253743000|1|At anchor|undefined|0|true|8.5545|53.5184|65.2|245|34|0|Not available|true|85162
2024-08-11 00:06:38|1|211233660|15|Not defined|undefined|0|false|8.5778|53.5367|235.9|228|35|0|Not available|false|49256
2024-08-11 00:06:45|1|218709000|0|Under way using engine|undefined|0|true|8.5828|53.5382|330.1|53|42|0|Not available|false|2268
2024-08-11 00:06:53|1|211599340|0|Under way using engine|nan|0|true|8.5804|53.5364|265.9|511|52|0|Not available|true|82054
2024-08-11 00:06:56|1|218709000|0|Under way using engine|undefined|0|true|8.5828|53.5382|310.2|53|52|0|Not available|false|27672
2024-08-11 00:06:57|1|211233660|15|Not defined|undefined|0|false|8.5778|53.5367|235.9|228|54|0|Not available|false|2241
2024-08-11 00:07:08|1|211233660|15|Not defined|undefined|0|false|8.5778|53.5366|235.9|228|5|0|Not available|false|2273
2024-08-11 00:07:13|1|211599340|0|Under way using engine|nan|0|true|8.5804|53.5365|271.8|511|12|0|Not available|true|2233
2024-08-11 00:07:16|1|218709000|0|Under way using engine|undefined|0|true|8.5828|53.5382|323.9|53|11|0|Not available|false|27676
2024-08-11 00:07:20|3|211718100|5|Moored|nan|0|true|8.5765|53.5307|360|511|18|0|Not available|true|83994
2024-08-11 00:07:24|5|211411980|9313187|DBHX|ZENIT|90|Other Type - all ships of this type|18|12|2|4|1|08-09T14:00Z|undefined|8|9|14|0|2.1|SURVEY OPS WESER|0
2024-08-11 00:07:26|1|218709000|0|Under way using engine|undefined|0|true|8.5828|53.5382|324.5|53|22|0|Not available|false|2229
2024-08-11 00:07:28|3|211233660|15|Not defined|undefined|0|false|8.5778|53.5367|235.9|228|26|0|Not available|false|7475
2024-08-11 00:07:31|3|211225940|5|Moored|undefined|0|false|8.5799|53.5371|209.8|237|29|0|Not available|false|85642
2024-08-11 00:07:37|1|218709000|0|Under way using engine|undefined|0|true|8.5828|53.5382|315.7|53|32|0|Not available|false|2200
2024-08-11 00:07:41|5|211233660|9154804|DBLF|WESERLOTSE|50|Pilot Vessel1|16|13|4|4|1|01-01T00:00Z|undefined|1|1|0|0|3||0
2024-08-11 00:07:46|1|218709000|0|Under way using engine|undefined|0|true|8.5828|53.5382|329.9|53|42|0|Not available|false|67214
2024-08-11 00:07:48|1|211233660|15|Not defined|undefined|0|false|8.5778|53.5367|235.9|228|45|0|Not available|false|34511
2024-08-11 00:07:53|1|211599340|0|Under way using engine|nan|0|true|8.5804|53.5364|265.3|511|52|0|Not available|true|67472
2024-08-11 00:07:56|1|218709000|0|Under way using engine|undefined|0|true|8.5828|53.5382|333.3|53|51|0|Not available|false|2246
2024-08-11 00:07:57|1|211233660|15|Not defined|undefined|0|false|8.5778|53.5367|235.9|228|54|0|Not available|false|67615
2024-08-11 00:08:02|1|211599340|0|Under way using engine|nan|0|true|8.5804|53.5363|267.3|511|2|0|Not available|true|65587
2024-08-11 00:08:05|1|218709000|0|Under way using engine|undefined|0|true|8.5828|53.5382|321.3|53|2|0|Not available|false|114786
2024-08-11 00:08:16|1|218709000|0|Under way using engine|undefined|0|true|8.5828|53.5382|310.3|53|12|0|Not available|false|2296
2024-08-11 00:08:26|1|218709000|0|Under way using engine|undefined|0|true|8.5828|53.5382|331.8|53|22|0|Not available|false|82017
2024-08-11 00:08:28|3|211225920|5|Moored|undefined|0|true|8.5814|53.5374|334.4|233|26|0|Not available|false|0
2024-08-11 00:08:28|1|211233660|15|Not defined|undefined|0|false|8.5778|53.5367|235.9|228|26|0|Not available|false|27680
2024-08-11 00:08:35|1|218709000|0|Under way using engine|undefined|0|true|8.5828|53.5382|344.3|54|32|0|Not available|false|49250
2024-08-11 00:08:40|1|211590050|0|Under way using engine|nan|0|true|8.5757|53.5288|360|511|38|0|Not available|true|27680
2024-08-11 00:08:43|1|211599340|0|Under way using engine|nan|0|true|8.5804|53.5364|267.1|511|42|0|Not available|true|82055
2024-08-11 00:08:48|1|211233660|15|Not defined|undefined|0|false|8.5778|53.5367|235.9|228|45|0|Not available|false|27680
2024-08-11 00:08:53|1|211599340|0|Under way using engine|nan|0|true|8.5804|53.5364|264.5|511|52|0|Not available|true|49287
2024-08-11 00:08:56|1|218709000|0|Under way using engine|undefined|0|true|8.5828|53.5382|344.6|54|52|0|Not available|false|100353
2024-08-11 00:08:57|1|211233660|15|Not defined|undefined|0|false|8.5778|53.5367|235.9|228|54|0|Not available|false|49239
2024-08-11 00:09:05|1|218709000|0|Under way using engine|undefined|0|true|8.5828|53.5382|326.8|54|1|0|Not available|false|98456
2024-08-11 00:09:13|1|211599340|0|Under way using engine|nan|0|true|8.5804|53.5364|261.9|511|12|0|Not available|true|49286
2024-08-11 00:09:17|1|218709000|0|Under way using engine|undefined|0|true|8.5828|53.5382|334.8|54|12|0|Not available|false|49250
2024-08-11 00:09:21|3|211221570|5|Moored|undefined|0|false|8.5768|53.5342|242.1|231|18|0|Not available|false|85882
2024-08-11 00:09:22|1|211599340|0|Under way using engine|nan|0|true|8.5804|53.5364|263.4|511|22|0|Not available|true|2261
2024-08-11 00:09:26|1|218709000|0|Under way using engine|undefined|0|true|8.5828|53.5382|357.5|54|21|0|Not available|false|66458
2024-08-11 00:09:26|3|211172020|5|Moored|undefined|0|true|8.577|53.5339|61.6|249|24|0|Not available|false|84810
2024-08-11 00:09:34|1|211599340|0|Under way using engine|nan|0|true|8.5804|53.5364|259.9|511|33|0|Not available|true|66757
2024-08-11 00:09:36|1|218709000|0|Under way using engine|undefined|0|true|8.5828|53.5382|11.8|54|31|0|Not available|false|34053
2024-08-11 00:09:44|3|211882460|5|Moored|undefined|0|false|8.5747|53.5258|360|189|43|0|Not available|true|87882
2024-08-11 00:09:48|1|211233660|15|Not defined|undefined|0|false|8.5778|53.5367|235.9|228|45|0|Not available|false|2247
2024-08-11 00:09:53|1|211599340|0|Under way using engine|nan|0|true|8.5804|53.5364|257.2|511|52|0|Not available|true|34704
2024-08-11 00:09:55|5|211882460|9411824|DFTS|GOTLAND|79|Cargo - No additional information|78|10|5|7|0|08-09T15:30Z|undefined|8|9|15|30|3.4|DEBRV|0
2024-08-11 00:09:56|1|218709000|0|Under way using engine|undefined|0|true|8.5828|53.5382|323.5|54|52|0|Not available|false|82018
2024-08-11 00:09:57|1|211233660|15|Not defined|undefined|0|false|8.5778|53.5367|235.9|228|54|0|Not available|false|34847
2024-08-11 00:09:58|1|211595610|0|Under way using engine|nan|1.1|true|8.5647|53.5248|101.7|511|57|0|Not available|true|100430
2024-08-11 00:10:03|1|211599340|0|Under way using engine|nan|0|true|8.5804|53.5364|255.5|511|2|0|Not available|true|32819
2024-08-11 00:10:05|1|218709000|0|Under way using engine|undefined|0|true|8.5828|53.5382|31.3|54|1|0|Not available|false|82019
2024-08-11 00:10:08|1|211233660|15|Not defined|undefined|0|false|8.5778|53.5367|235.9|228|6|0|Not available|false|82011
2024-08-11 00:10:12|3|211411980|5|Moored|undefined|0|true|8.5823|53.5379|141.2|231|9|0|Not available|false|85306
2024-08-11 00:10:13|1|211599340|0|Under way using engine|nan|0|false|8.5804|53.5363|256.2|511|12|0|Not available|true|33202
2024-08-11 00:10:17|1|218709000|0|Under way using engine|undefined|0|true|8.5828|53.5382|143.5|54|13|0|Not available|false|33353
2024-08-11 00:10:21|3|211718100|5|Moored|nan|0|true|8.5765|53.5306|360|511|20|0|Not available|true|83866
2024-08-11 00:10:23|1|211599340|0|Under way using engine|nan|0|true|8.5804|53.5363|256.5|511|22|0|Not available|true|82053
2024-08-11 00:10:26|1|218709000|0|Under way using engine|undefined|0|true|8.5828|53.5382|323.5|54|22|0|Not available|false|49250
2024-08-11 00:10:28|1|211233660|15|Not defined|undefined|0|false|8.5778|53.5366|235.9|228|25|0|Not available|false|82022
2024-08-11 00:10:28|1|211595610|0|Under way using engine|nan|4|true|8.5651|53.525|42.8|511|27|0|Not available|true|49339
2024-08-11 00:10:31|3|211225940|5|Moored|undefined|0|false|8.58|53.537|209.8|237|29|0|Not available|false|85498
2024-08-11 00:10:34|1|211599340|0|Under way using engine|nan|0|true|8.5804|53.5363|253.6|511|33|0|Not available|true|49285
2024-08-11 00:10:35|3|314543000|1|At anchor|13.386945581423717|0|false|8.5638|53.5243|226.7|240|33|0|Not available|false|84794
2024-08-11 00:10:35|1|218709000|0|Under way using engine|undefined|0|true|8.5828|53.5382|23.6|54|31|0|Not available|false|27688
2024-08-11 00:10:43|1|211599340|0|Under way using engine|nan|0|true|8.5804|53.5363|254.5|511|42|0|Not available|true|49285
2024-08-11 00:10:48|1|211233660|15|Not defined|undefined|0|false|8.5778|53.5366|235.9|228|45|0|Not available|false|67276
2024-08-11 00:10:56|1|218709000|0|Under way using engine|undefined|0|true|8.5828|53.5382|143.5|54|52|0|Not available|false|67585
2024-08-11 00:10:57|1|211233660|15|Not defined|undefined|0|false|8.5778|53.5366|235.9|228|54|0|Not available|false|27688
2024-08-11 00:11:03|1|211599340|0|Under way using engine|nan|0|true|8.5804|53.5363|252.5|511|2|0|Not available|true|27692
2024-08-11 00:11:08|1|211233660|15|Not defined|undefined|0|false|8.5778|53.5366|235.9|228|6|0|Not available|false|65799
2024-08-11 00:11:13|1|211599340|0|Under way using engine|nan|0|true|8.5804|53.5363|250.1|511|12|0|Not available|true|27692
2024-08-11 00:11:17|1|218709000|0|Under way using engine|undefined|0|true|8.5828|53.5382|143.5|54|12|0|Not available|false|27692
2024-08-11 00:11:23|1|211599340|0|Under way using engine|nan|0|true|8.5804|53.5364|246.5|511|22|0|Not available|true|66346
2024-08-11 00:11:26|1|218709000|0|Under way using engine|undefined|0|true|8.5828|53.5382|323.5|54|21|0|Not available|false|33690
2024-08-11 00:11:29|3|211225920|5|Moored|undefined|0|true|8.5814|53.5374|334.4|233|26|0|Not available|false|0
2024-08-11 00:11:34|1|211599340|0|Under way using engine|nan|0|true|8.5804|53.5364|247.8|511|33|0|Not available|true|33989
2024-08-11 00:11:35|1|218709000|0|Under way using engine|undefined|0|true|8.5828|53.5382|323.5|54|32|0|Not available|false|2311
2024-08-11 00:11:46|1|218709000|0|Under way using engine|undefined|0|true|8.5828|53.5382|40.3|54|42|0|Not available|false|2229
2024-08-11 00:11:48|1|211233660|15|Not defined|undefined|0|false|8.5778|53.5366|235.9|228|45|0|Not available|false|49267
2024-08-11 00:11:53|5|211221570|9833395|DLVW|BREMEN|55|Law Enforcement|15|9|3|3|1|12-31T20:00Z|undefined|12|31|20|0|1.5|BREMERHAVEN|0
2024-08-11 00:11:56|1|218709000|0|Under way using engine|undefined|0|true|8.5828|53.5382|323.5|54|52|0|Not available|false|49249
2024-08-11 00:11:57|1|211233660|15|Not defined|undefined|0|false|8.5778|53.5366|235.9|228|54|0|Not available|false|2318
2024-08-11 00:11:57|5|218709000|9502233|DBJC|ALTE WESER|55|Law Enforcement|9|24|3|3|1|08-06T15:00Z|undefined|8|6|15|0|1.8|PATROL|0
2024-08-11 00:12:02|5|211225920|0|DBLO|FRANZIUSPLATE|0|Not available|0|0|0|0|1|01-25T14:30Z|undefined|1|25|14|30|1.2|BREMERHAVEN|0
2024-08-11 00:12:03|1|211599340|0|Under way using engine|nan|0|true|8.5804|53.5364|247|511|2|0|Not available|true|2270
2024-08-11 00:12:08|1|211233660|15|Not defined|undefined|0|false|8.5778|53.5366|235.9|228|6|0|Not available|false|49243
2024-08-11 00:12:17|1|218709000|0|Under way using engine|undefined|0|true|8.5828|53.5382|50.3|54|13|0|Not available|false|2210
2024-08-11 00:12:18|1|211595610|0|Under way using engine|nan|5|true|8.5679|53.5273|32.9|511|17|0|Not available|true|114874
2024-08-11 00:12:20|3|211221570|5|Moored|undefined|0|false|8.5768|53.5341|242.1|231|17|0|Not available|false|86026
2024-08-11 13:53:29|3|211225920|5|Moored|undefined|0|true|8.5814|53.5375|334.4|233|27|0|Not available|false|0
2024-08-11 13:53:37|1|211233660|15|Not defined|undefined|0|false|8.5777|53.5366|235.9|228|34|0|Not available|false|34112
2024-08-11 13:53:37|1|218709000|0|Under way using engine|undefined|0|true|8.5827|53.5382|323.4|53|33|0|Not available|false|49265
2024-08-11 13:53:37|1|211536810|0|Under way using engine|undefined|0|true|8.5779|53.5366|83.1|228|37|0|Not available|false|82062
2024-08-11 13:53:37|1|211595610|0|Under way using engine|nan|5.1|true|8.5768|53.5356|69.5|511|37|0|Not available|true|99681
2024-08-11 13:53:42|18|211205930|1.7|false|8.5773|53.5346|360|511|40|true|1143
2024-08-11 13:53:42|1|211599340|0|Under way using engine|nan|0|true|8.5804|53.5364|243.5|511|42|0|Not available|true|34317
2024-08-11 13:53:43|3|211882460|5|Moored|undefined|0|false|8.5747|53.5258|360|189|42|0|Not available|true|88762
2024-08-11 13:53:47|1|218709000|0|Under way using engine|undefined|0|true|8.5827|53.5382|323.4|53|43|0|Not available|false|49265
2024-08-11 13:53:48|1|211595610|0|Under way using engine|nan|4.8|true|8.5772|53.5357|65.8|511|47|0|Not available|true|82117
2024-08-11 13:53:48|1|211233660|15|Not defined|undefined|0|false|8.5777|53.5366|235.9|228|46|0|Not available|false|2224
2024-08-11 13:53:49|1|211634880|0|Under way using engine|nan|0|false|8.5721|53.545|82|511|48|0|Not available|false|34566
2024-08-11 13:53:52|1|211599340|0|Under way using engine|nan|0|true|8.5804|53.5364|242.1|511|52|0|Not available|true|22228
2024-08-11 13:53:53|5|211595610|0|DC4782|BREMERHAVEN|60|Passenger - all ships of this type|30|30|7|7|0|12-31T23:20Z|undefined|12|31|23|20|2.7|BREMERHAFEN-BLEXEN|0
2024-08-11 13:53:56|1|218709000|0|Under way using engine|undefined|0|true|8.5827|53.5382|143.4|53|52|0|Not available|false|22228
2024-08-11 13:53:57|1|211233660|15|Not defined|undefined|0|false|8.5777|53.5366|235.9|228|55|0|Not available|false|2248
2024-08-11 13:53:58|1|211595610|0|Under way using engine|nan|4.5|true|8.5775|53.5358|63.7|511|58|0|Not available|true|49349
2024-08-11 13:54:06|1|218709000|0|Under way using engine|undefined|0|true|8.5827|53.5382|143.4|53|3|0|Not available|false|65724
2024-08-11 13:54:11|18|211205930|1.9|false|8.5777|53.5345|360|511|9|true|16568
2024-08-11 13:54:12|1|211599340|0|Under way using engine|nan|0|true|8.5804|53.5364|245.5|511|12|0|Not available|true|49321
2024-08-11 13:54:23|1|211599340|0|Under way using engine|nan|0|true|8.5804|53.5364|247.6|511|22|0|Not available|true|2236
2024-08-11 13:54:26|1|211595610|0|Under way using engine|nan|4.6|true|8.5784|53.536|67.9|511|26|0|Not available|true|22232
2024-08-11 13:54:28|1|211233660|15|Not defined|undefined|0|false|8.5777|53.5366|235.9|228|26|0|Not available|false|22232
